sample_id,sha256,label,family,year,arch,packed,entropy,extension,source_json,raw_report,atom_count,nonempty_fields,readiness,environment_dependent_atoms,environment_dependence_rate,assessability,supported_capabilities,indeterminate_capabilities,corroboration_index
1,104cdc6d20406a144abd373ed297ef803217c15012a0f22cacf6c676421d53ee,benign,,2021,I386,0,6.4355627605919,DLL,RanDS_Behaviour_Activity_Dataset/dataset/10/104cdc6d20406a144abd373ed297ef803217c15012a0f22cacf6c676421d53ee.json,raw_reports/benign/104cdc6d20406a144abd373ed297ef803217c15012a0f22cacf6c676421d53ee.json,213,9,1.0,17,0.07981220657276995,1.0,5,0,1.0
2,10675ecac736bf3fa5175330ef22d3f1e252a698072c58cba3de0a208e751fb2,benign,,2018,Amd64,0,6.3589794994636,EXE,RanDS_Behaviour_Activity_Dataset/dataset/10/10675ecac736bf3fa5175330ef22d3f1e252a698072c58cba3de0a208e751fb2.json,raw_reports/benign/10675ecac736bf3fa5175330ef22d3f1e252a698072c58cba3de0a208e751fb2.json,133,11,1.0,15,0.11278195488721804,1.0,2,0,1.0
3,1173548879f37fdf4b02776299cffd8bffd51529a94685433172d44a6eb0ae86,benign,,2011,I386,1,6.5610474858372,EXE,RanDS_Behaviour_Activity_Dataset/dataset/11/1173548879f37fdf4b02776299cffd8bffd51529a94685433172d44a6eb0ae86.json,raw_reports/benign/1173548879f37fdf4b02776299cffd8bffd51529a94685433172d44a6eb0ae86.json,60,7,0.875,7,0.11666666666666667,1.0,2,0,1.0
4,1193d60801f219a9943b559c5c074fb245cfb7fba1a78d08e4deb35aa520b1b4,benign,,2016,Amd64,0,6.080970931507,DLL,RanDS_Behaviour_Activity_Dataset/dataset/11/1193d60801f219a9943b559c5c074fb245cfb7fba1a78d08e4deb35aa520b1b4.json,raw_reports/benign/1193d60801f219a9943b559c5c074fb245cfb7fba1a78d08e4deb35aa520b1b4.json,334,7,0.875,5,0.014970059880239521,0.6666666666666666,1,3,1.0
5,11d72a3461cc16f65a18511d02b5e0a50a12c6bcf2ae4ab9017ad5b4b3b6cf73,benign,,2018,I386,0,6.452595911314,DLL,RanDS_Behaviour_Activity_Dataset/dataset/11/11d72a3461cc16f65a18511d02b5e0a50a12c6bcf2ae4ab9017ad5b4b3b6cf73.json,raw_reports/benign/11d72a3461cc16f65a18511d02b5e0a50a12c6bcf2ae4ab9017ad5b4b3b6cf73.json,379,10,1.0,19,0.05013192612137203,1.0,8,0,1.0
6,1232ef4c8b3eb1e38cd6df07d609470f8efe129625ad29dc27aa93848e7dfb8c,benign,,2017,I386,0,6.4070837813431,EXE,RanDS_Behaviour_Activity_Dataset/dataset/12/1232ef4c8b3eb1e38cd6df07d609470f8efe129625ad29dc27aa93848e7dfb8c.json,raw_reports/benign/1232ef4c8b3eb1e38cd6df07d609470f8efe129625ad29dc27aa93848e7dfb8c.json,120,8,1.0,3,0.025,0.8888888888888888,2,1,NA
7,125ec0afa4d00b60892fda36606a4d3c82b3ebd46a9ecb7279b093452bbe67d8,benign,,2016,I386,1,6.5248134920258,EXE,RanDS_Behaviour_Activity_Dataset/dataset/12/125ec0afa4d00b60892fda36606a4d3c82b3ebd46a9ecb7279b093452bbe67d8.json,raw_reports/benign/125ec0afa4d00b60892fda36606a4d3c82b3ebd46a9ecb7279b093452bbe67d8.json,111,8,1.0,0,0.0,0.5555555555555556,1,4,NA
8,12613c35c5c9f24b79bc5a3fc9b867d2bb3e58709734c1d13137be5e1c4ef0e1,benign,,2015,I386,0,3.6777784638678,EXE,RanDS_Behaviour_Activity_Dataset/dataset/12/12613c35c5c9f24b79bc5a3fc9b867d2bb3e58709734c1d13137be5e1c4ef0e1.json,raw_reports/benign/12613c35c5c9f24b79bc5a3fc9b867d2bb3e58709734c1d13137be5e1c4ef0e1.json,121,8,1.0,0,0.0,0.6666666666666666,2,3,NA
9,12e238af4b4edc1f774213709a87a91b77b2c9d2d18fe475b027872923b6fa17,benign,,2009,I386,0,6.215863589125,DLL,RanDS_Behaviour_Activity_Dataset/dataset/12/12e238af4b4edc1f774213709a87a91b77b2c9d2d18fe475b027872923b6fa17.json,raw_reports/benign/12e238af4b4edc1f774213709a87a91b77b2c9d2d18fe475b027872923b6fa17.json,520,12,1.0,16,0.03076923076923077,1.0,5,0,1.0
10,1323d50b8f6b5127a3ef6644b8b69e999c454c045a2d8ec476c4b6165df4ed03,benign,,2015,I386,0,6.2988396414061,EXE,RanDS_Behaviour_Activity_Dataset/dataset/13/1323d50b8f6b5127a3ef6644b8b69e999c454c045a2d8ec476c4b6165df4ed03.json,raw_reports/benign/1323d50b8f6b5127a3ef6644b8b69e999c454c045a2d8ec476c4b6165df4ed03.json,463,15,1.0,12,0.02591792656587473,1.0,5,0,1.0
11,13c4264037f7c5292a1563cc7eeffea50e2f6081ec736b05eb841b7fb994ecda,benign,,2015,I386,0,6.1160521000489,DLL,RanDS_Behaviour_Activity_Dataset/dataset/13/13c4264037f7c5292a1563cc7eeffea50e2f6081ec736b05eb841b7fb994ecda.json,raw_reports/benign/13c4264037f7c5292a1563cc7eeffea50e2f6081ec736b05eb841b7fb994ecda.json,296,6,0.75,5,0.016891891891891893,0.8888888888888888,3,1,1.0
12,148e40db124dadd41a47aec795929917c93d12847a93d9176d798cb7eec1fa1a,benign,,2015,Amd64,0,5.6828263215106,EXE,RanDS_Behaviour_Activity_Dataset/dataset/14/148e40db124dadd41a47aec795929917c93d12847a93d9176d798cb7eec1fa1a.json,raw_reports/benign/148e40db124dadd41a47aec795929917c93d12847a93d9176d798cb7eec1fa1a.json,83,7,0.875,7,0.08433734939759036,1.0,2,0,1.0
13,1521e916653b0b5c0470610b3aa5901a4495a05d9a0cbef4759be1a976b49b6b,benign,,2015,I386,0,5.3379772486243,EXE,RanDS_Behaviour_Activity_Dataset/dataset/15/1521e916653b0b5c0470610b3aa5901a4495a05d9a0cbef4759be1a976b49b6b.json,raw_reports/benign/1521e916653b0b5c0470610b3aa5901a4495a05d9a0cbef4759be1a976b49b6b.json,41,6,0.75,9,0.21951219512195122,1.0,1,0,1.0
14,1535326cc421c66a8e1cc5990e286033c304e3ee7ba3a0269bd2fed6891bc1b0,benign,,2009,I386,0,5.7543227597248,EXE,RanDS_Behaviour_Activity_Dataset/dataset/15/1535326cc421c66a8e1cc5990e286033c304e3ee7ba3a0269bd2fed6891bc1b0.json,raw_reports/benign/1535326cc421c66a8e1cc5990e286033c304e3ee7ba3a0269bd2fed6891bc1b0.json,677,11,1.0,11,0.01624815361890694,1.0,3,0,1.0
15,1538b6e32e363df1268d21c7ad1266d3695a093a202b55b06bcfa3f7f768ce4f,benign,,2010,I386,1,6.581824908978,EXE,RanDS_Behaviour_Activity_Dataset/dataset/15/1538b6e32e363df1268d21c7ad1266d3695a093a202b55b06bcfa3f7f768ce4f.json,raw_reports/benign/1538b6e32e363df1268d21c7ad1266d3695a093a202b55b06bcfa3f7f768ce4f.json,1077,15,1.0,11,0.01021355617455896,1.0,5,0,1.0
16,15c8993cdbceb840a28ed42b789a74fa4b4c0f4a40aaf295351feb451df4fb28,benign,,2015,I386,0,5.0166419498893,EXE,RanDS_Behaviour_Activity_Dataset/dataset/15/15c8993cdbceb840a28ed42b789a74fa4b4c0f4a40aaf295351feb451df4fb28.json,raw_reports/benign/15c8993cdbceb840a28ed42b789a74fa4b4c0f4a40aaf295351feb451df4fb28.json,408,8,1.0,0,0.0,0.5555555555555556,1,4,NA
17,15ddd548da066e4261a936b1179711f0a180241373c35f133ec2de3651444b6d,benign,,2009,I386,0,5.9338078829527,EXE,RanDS_Behaviour_Activity_Dataset/dataset/15/15ddd548da066e4261a936b1179711f0a180241373c35f133ec2de3651444b6d.json,raw_reports/benign/15ddd548da066e4261a936b1179711f0a180241373c35f133ec2de3651444b6d.json,220,11,1.0,16,0.07272727272727272,1.0,3,0,1.0
18,1626307a63872a2d8aacb3f0d7b2b53001e8130f1e7d448501955bee49165748,benign,,2015,I386,0,2.3888094695494,EXE,RanDS_Behaviour_Activity_Dataset/dataset/16/1626307a63872a2d8aacb3f0d7b2b53001e8130f1e7d448501955bee49165748.json,raw_reports/benign/1626307a63872a2d8aacb3f0d7b2b53001e8130f1e7d448501955bee49165748.json,103,7,0.875,0,0.0,0.5555555555555556,1,4,NA
19,164e965dc2ced61afd35b3cb19023695c457d7792e63343287b6c8ad334a5fd9,benign,,2016,I386,0,5.2159796764482,EXE,RanDS_Behaviour_Activity_Dataset/dataset/16/164e965dc2ced61afd35b3cb19023695c457d7792e63343287b6c8ad334a5fd9.json,raw_reports/benign/164e965dc2ced61afd35b3cb19023695c457d7792e63343287b6c8ad334a5fd9.json,765,14,1.0,8,0.01045751633986928,1.0,5,0,1.0
20,16b51d5d7ac1bd3e32ce58ba1ed9cb6ca42876d0484052eeed255947f1abbfec,benign,,2015,Amd64,0,6.3068226788929,EXE,RanDS_Behaviour_Activity_Dataset/dataset/16/16b51d5d7ac1bd3e32ce58ba1ed9cb6ca42876d0484052eeed255947f1abbfec.json,raw_reports/benign/16b51d5d7ac1bd3e32ce58ba1ed9cb6ca42876d0484052eeed255947f1abbfec.json,17,7,0.875,6,0.35294117647058826,0.7777777777777778,2,2,1.0
21,16ba143644a17a2c0ffb2d0d541b408f78c2acf416bb8d094c15ef4fb8834848,benign,,2018,I386,0,5.7396826203937,EXE,RanDS_Behaviour_Activity_Dataset/dataset/16/16ba143644a17a2c0ffb2d0d541b408f78c2acf416bb8d094c15ef4fb8834848.json,raw_reports/benign/16ba143644a17a2c0ffb2d0d541b408f78c2acf416bb8d094c15ef4fb8834848.json,125,8,1.0,0,0.0,0.6666666666666666,2,3,NA
22,1772dc2063c8a71c92aa36cf23afa5a33569960f7fa0f1d192f77708395d5d8e,benign,,2017,I386,0,2.6270976721506,EXE,RanDS_Behaviour_Activity_Dataset/dataset/17/1772dc2063c8a71c92aa36cf23afa5a33569960f7fa0f1d192f77708395d5d8e.json,raw_reports/benign/1772dc2063c8a71c92aa36cf23afa5a33569960f7fa0f1d192f77708395d5d8e.json,533,14,1.0,16,0.0300187617260788,1.0,4,0,1.0
23,17d5df0a569196d40b00ea774cecce8f5407c42cf25420fe05334427ae98b2f9,benign,,2015,I386,1,7.9470447195099,EXE,RanDS_Behaviour_Activity_Dataset/dataset/17/17d5df0a569196d40b00ea774cecce8f5407c42cf25420fe05334427ae98b2f9.json,raw_reports/benign/17d5df0a569196d40b00ea774cecce8f5407c42cf25420fe05334427ae98b2f9.json,870,10,1.0,0,0.0,1.0,3,0,1.0
24,17dc12cfc63cacf06b76c53d65c683c6828a55be33eeab3ece10b789c3357b30,benign,,2009,I386,1,6.5318527349582,EXE,RanDS_Behaviour_Activity_Dataset/dataset/17/17dc12cfc63cacf06b76c53d65c683c6828a55be33eeab3ece10b789c3357b30.json,raw_reports/benign/17dc12cfc63cacf06b76c53d65c683c6828a55be33eeab3ece10b789c3357b30.json,170,11,1.0,17,0.1,1.0,3,0,1.0
25,180bb3a0e1af1f22fdb59d1fd565e80777d761e1c08adab92e9010e789c2be69,benign,,2009,Amd64,0,5.9280641980211,EXE,RanDS_Behaviour_Activity_Dataset/dataset/18/180bb3a0e1af1f22fdb59d1fd565e80777d761e1c08adab92e9010e789c2be69.json,raw_reports/benign/180bb3a0e1af1f22fdb59d1fd565e80777d761e1c08adab92e9010e789c2be69.json,318,12,1.0,17,0.05345911949685535,1.0,3,0,1.0
26,183729409813ba5a8501a581979530bfddbabe5617da1588eb8fefdcfcba5d7e,benign,,2011,I386,1,6.5860731760669,DLL,RanDS_Behaviour_Activity_Dataset/dataset/18/183729409813ba5a8501a581979530bfddbabe5617da1588eb8fefdcfcba5d7e.json,raw_reports/benign/183729409813ba5a8501a581979530bfddbabe5617da1588eb8fefdcfcba5d7e.json,693,13,1.0,13,0.01875901875901876,1.0,7,0,1.0
27,19c47742eff857f8a293ef0b4268df51ba8345a43bf4c77267de94ee703a1c7d,benign,,2013,I386,0,5.1283514663131,EXE,RanDS_Behaviour_Activity_Dataset/dataset/19/19c47742eff857f8a293ef0b4268df51ba8345a43bf4c77267de94ee703a1c7d.json,raw_reports/benign/19c47742eff857f8a293ef0b4268df51ba8345a43bf4c77267de94ee703a1c7d.json,397,8,1.0,0,0.0,0.2222222222222222,1,7,NA
28,19d619d9e62f58c60b6ddbcd019616c8d886ffb7f307c3b2acf22f4a9d221501,benign,,2010,Amd64,0,5.6501164420669,EXE,RanDS_Behaviour_Activity_Dataset/dataset/19/19d619d9e62f58c60b6ddbcd019616c8d886ffb7f307c3b2acf22f4a9d221501.json,raw_reports/benign/19d619d9e62f58c60b6ddbcd019616c8d886ffb7f307c3b2acf22f4a9d221501.json,82,9,1.0,6,0.07317073170731707,1.0,2,0,1.0
29,19f8797dc1c69909d8d0fb563d13e955dc98a1d22fdf8b2c551731323d672505,benign,,2009,I386,1,6.5299150801584,EXE,RanDS_Behaviour_Activity_Dataset/dataset/19/19f8797dc1c69909d8d0fb563d13e955dc98a1d22fdf8b2c551731323d672505.json,raw_reports/benign/19f8797dc1c69909d8d0fb563d13e955dc98a1d22fdf8b2c551731323d672505.json,1094,15,1.0,14,0.012797074954296161,1.0,5,0,1.0
30,1a688831c2bfa8bea59ca37246a1bf9267a09d42523e6ee34d455d4adfbc9a95,benign,,2015,I386,0,6.3240324704311,EXE,RanDS_Behaviour_Activity_Dataset/dataset/1a/1a688831c2bfa8bea59ca37246a1bf9267a09d42523e6ee34d455d4adfbc9a95.json,raw_reports/benign/1a688831c2bfa8bea59ca37246a1bf9267a09d42523e6ee34d455d4adfbc9a95.json,137,7,0.875,0,0.0,0.5555555555555556,2,4,NA
31,1a701491b3421a0fd3acf53752b3794a0a4e22109850d01517a5cd2c8dfd3aea,benign,,2018,I386,0,4.7088412426748,EXE,RanDS_Behaviour_Activity_Dataset/dataset/1a/1a701491b3421a0fd3acf53752b3794a0a4e22109850d01517a5cd2c8dfd3aea.json,raw_reports/benign/1a701491b3421a0fd3acf53752b3794a0a4e22109850d01517a5cd2c8dfd3aea.json,421,11,1.0,0,0.0,0.8888888888888888,2,1,1.0
32,1aa0f1b206f7d85ea6d9287890382eba6c36e7c47ee2de910ddc3d33e8760484,benign,,2011,I386,0,6.2122243081111,EXE,RanDS_Behaviour_Activity_Dataset/dataset/1a/1aa0f1b206f7d85ea6d9287890382eba6c36e7c47ee2de910ddc3d33e8760484.json,raw_reports/benign/1aa0f1b206f7d85ea6d9287890382eba6c36e7c47ee2de910ddc3d33e8760484.json,82,4,0.5,0,0.0,0.1111111111111111,1,8,1.0
33,1ac1956a2ed805519759b104169024960c90edf5d979f992cadff3329ed052aa,benign,,2017,Amd64,0,5.857102646674,DLL,RanDS_Behaviour_Activity_Dataset/dataset/1a/1ac1956a2ed805519759b104169024960c90edf5d979f992cadff3329ed052aa.json,raw_reports/benign/1ac1956a2ed805519759b104169024960c90edf5d979f992cadff3329ed052aa.json,300,11,1.0,10,0.03333333333333333,1.0,7,0,1.0
34,1b00b886a2db7072c9947c8a2d97b8441a5064ea1d1d64a1e4c20cf6e9d668bc,benign,,2013,I386,0,6.4711443229485,EXE,RanDS_Behaviour_Activity_Dataset/dataset/1b/1b00b886a2db7072c9947c8a2d97b8441a5064ea1d1d64a1e4c20cf6e9d668bc.json,raw_reports/benign/1b00b886a2db7072c9947c8a2d97b8441a5064ea1d1d64a1e4c20cf6e9d668bc.json,124,7,0.875,0,0.0,0.5555555555555556,2,4,NA
35,1b4ebbdadc0d24000bbf34e02b093e71e799b13a7050d79841b2a1f7a84b2711,benign,,2015,I386,0,5.2164484035659,EXE,RanDS_Behaviour_Activity_Dataset/dataset/1b/1b4ebbdadc0d24000bbf34e02b093e71e799b13a7050d79841b2a1f7a84b2711.json,raw_reports/benign/1b4ebbdadc0d24000bbf34e02b093e71e799b13a7050d79841b2a1f7a84b2711.json,199,11,1.0,0,0.0,1.0,2,0,1.0
36,1b5151927ed8800d580c83224a95b334a9d93ba3f046a8375e56ba5725b95100,benign,,2018,I386,1,6.5909237111659,DLL,RanDS_Behaviour_Activity_Dataset/dataset/1b/1b5151927ed8800d580c83224a95b334a9d93ba3f046a8375e56ba5725b95100.json,raw_reports/benign/1b5151927ed8800d580c83224a95b334a9d93ba3f046a8375e56ba5725b95100.json,316,7,0.875,4,0.012658227848101266,0.6666666666666666,2,3,1.0
37,1b56978da8148f6be0e5e1d2cb4abd5844090536139d60fdd1c62c52b5b798fd,benign,,2020,Amd64,0,5.3156335160043,DLL,RanDS_Behaviour_Activity_Dataset/dataset/1b/1b56978da8148f6be0e5e1d2cb4abd5844090536139d60fdd1c62c52b5b798fd.json,raw_reports/benign/1b56978da8148f6be0e5e1d2cb4abd5844090536139d60fdd1c62c52b5b798fd.json,278,11,1.0,9,0.03237410071942446,1.0,6,0,1.0
38,1ba925e5acc00423366ab9224ad3151520a7585a1a1d8453dbc5d5a6b1c8e548,benign,,2009,I386,0,5.880837681846,EXE,RanDS_Behaviour_Activity_Dataset/dataset/1b/1ba925e5acc00423366ab9224ad3151520a7585a1a1d8453dbc5d5a6b1c8e548.json,raw_reports/benign/1ba925e5acc00423366ab9224ad3151520a7585a1a1d8453dbc5d5a6b1c8e548.json,35,8,1.0,7,0.2,0.7777777777777778,2,2,1.0
39,1bc5a4884221943563cf174b653b996129e6c4d8758c0f63f18dae6300421d65,benign,,2009,I386,0,5.2212255256117,EXE,RanDS_Behaviour_Activity_Dataset/dataset/1b/1bc5a4884221943563cf174b653b996129e6c4d8758c0f63f18dae6300421d65.json,raw_reports/benign/1bc5a4884221943563cf174b653b996129e6c4d8758c0f63f18dae6300421d65.json,46,6,0.75,4,0.08695652173913043,0.6666666666666666,0,3,NA
40,1c4b1acf31ec2dd48c746ad7cf2cc1404c76c7492bd15a6953f2ce6991496856,benign,,2010,I386,0,6.083961859274,EXE,RanDS_Behaviour_Activity_Dataset/dataset/1c/1c4b1acf31ec2dd48c746ad7cf2cc1404c76c7492bd15a6953f2ce6991496856.json,raw_reports/benign/1c4b1acf31ec2dd48c746ad7cf2cc1404c76c7492bd15a6953f2ce6991496856.json,144,12,1.0,11,0.0763888888888889,1.0,3,0,1.0
41,1cb5005c6891587e4bea274b47513ef2076260a458fa8fb8be6c4454f0039758,benign,,2012,Amd64,0,5.9332075129652,DLL,RanDS_Behaviour_Activity_Dataset/dataset/1c/1cb5005c6891587e4bea274b47513ef2076260a458fa8fb8be6c4454f0039758.json,raw_reports/benign/1cb5005c6891587e4bea274b47513ef2076260a458fa8fb8be6c4454f0039758.json,557,10,1.0,19,0.03411131059245961,1.0,7,0,1.0
42,1cbbc8ae8152a055e2d1ef5b9ed9b6a4d0fd8080ed1256845376af66f993ebca,benign,,2009,I386,0,5.9741104840411,EXE,RanDS_Behaviour_Activity_Dataset/dataset/1c/1cbbc8ae8152a055e2d1ef5b9ed9b6a4d0fd8080ed1256845376af66f993ebca.json,raw_reports/benign/1cbbc8ae8152a055e2d1ef5b9ed9b6a4d0fd8080ed1256845376af66f993ebca.json,85,9,1.0,6,0.07058823529411765,1.0,3,0,1.0
43,1cca162b8a8f152f10e46dc1cfc850f812b47e56bcff0b8ec445b77b072bdfc0,benign,,2018,Amd64,0,5.1559654245142,EXE,RanDS_Behaviour_Activity_Dataset/dataset/1c/1cca162b8a8f152f10e46dc1cfc850f812b47e56bcff0b8ec445b77b072bdfc0.json,raw_reports/benign/1cca162b8a8f152f10e46dc1cfc850f812b47e56bcff0b8ec445b77b072bdfc0.json,33,8,1.0,7,0.21212121212121213,0.8888888888888888,2,1,1.0
44,1d0c0be65a4e7b79fa42d7c7e983cc28ce5e4408cb7e904b5390b38146020b0a,benign,,2009,I386,0,4.2088970764906,DLL,RanDS_Behaviour_Activity_Dataset/dataset/1d/1d0c0be65a4e7b79fa42d7c7e983cc28ce5e4408cb7e904b5390b38146020b0a.json,raw_reports/benign/1d0c0be65a4e7b79fa42d7c7e983cc28ce5e4408cb7e904b5390b38146020b0a.json,115,7,0.875,12,0.10434782608695652,1.0,3,0,1.0
45,1d2ad66cbec45187b326f79a2d14f7ab4e8556bebe314d995f6617db70774b58,benign,,2015,Amd64,0,6.1087954683256,DLL,RanDS_Behaviour_Activity_Dataset/dataset/1d/1d2ad66cbec45187b326f79a2d14f7ab4e8556bebe314d995f6617db70774b58.json,raw_reports/benign/1d2ad66cbec45187b326f79a2d14f7ab4e8556bebe314d995f6617db70774b58.json,17,4,0.5,13,0.7647058823529411,0.6666666666666666,2,3,NA
46,1da4f312a8d8689570ed3847da4866c123245dafd80992f0ef0f75a17069c052,benign,,2018,Amd64,0,3.6338073247641,EXE,RanDS_Behaviour_Activity_Dataset/dataset/1d/1da4f312a8d8689570ed3847da4866c123245dafd80992f0ef0f75a17069c052.json,raw_reports/benign/1da4f312a8d8689570ed3847da4866c123245dafd80992f0ef0f75a17069c052.json,26,8,1.0,5,0.19230769230769232,0.8888888888888888,2,1,1.0
47,1df7f26931ac31569ab0f5a0f4f687776501891276884377426caeb9c04add8c,benign,,2009,I386,1,6.5178039581885,DLL,RanDS_Behaviour_Activity_Dataset/dataset/1d/1df7f26931ac31569ab0f5a0f4f687776501891276884377426caeb9c04add8c.json,raw_reports/benign/1df7f26931ac31569ab0f5a0f4f687776501891276884377426caeb9c04add8c.json,336,11,1.0,5,0.01488095238095238,1.0,3,0,1.0
48,1e60ad44f1f9677cb8d1deb225451cad53fa74994ad52a19a1fa1219741489d3,benign,,2009,I386,0,6.455925754996,DLL,RanDS_Behaviour_Activity_Dataset/dataset/1e/1e60ad44f1f9677cb8d1deb225451cad53fa74994ad52a19a1fa1219741489d3.json,raw_reports/benign/1e60ad44f1f9677cb8d1deb225451cad53fa74994ad52a19a1fa1219741489d3.json,361,10,1.0,14,0.038781163434903045,1.0,8,0,1.0
49,1e712adae2a543bf2fbf41691416b350c3a90561ab5f6590e520f833a9a587ad,benign,,2014,I386,0,6.4105228719887,EXE,RanDS_Behaviour_Activity_Dataset/dataset/1e/1e712adae2a543bf2fbf41691416b350c3a90561ab5f6590e520f833a9a587ad.json,raw_reports/benign/1e712adae2a543bf2fbf41691416b350c3a90561ab5f6590e520f833a9a587ad.json,87,10,1.0,8,0.09195402298850575,1.0,3,0,1.0
50,1ed240b71f78b4c8913c615136cbd3a6f0dd8d6b8427e10546442a106ad24429,benign,,2016,Amd64,0,5.9151400844941,EXE,RanDS_Behaviour_Activity_Dataset/dataset/1e/1ed240b71f78b4c8913c615136cbd3a6f0dd8d6b8427e10546442a106ad24429.json,raw_reports/benign/1ed240b71f78b4c8913c615136cbd3a6f0dd8d6b8427e10546442a106ad24429.json,90,11,1.0,14,0.15555555555555556,1.0,3,0,1.0
51,1f2927cef12908f6a383e9f7ece18f26b2bcee6f9024a190d19a7b9e83a3c80c,benign,,2015,I386,0,6.4404493885918,EXE,RanDS_Behaviour_Activity_Dataset/dataset/1f/1f2927cef12908f6a383e9f7ece18f26b2bcee6f9024a190d19a7b9e83a3c80c.json,raw_reports/benign/1f2927cef12908f6a383e9f7ece18f26b2bcee6f9024a190d19a7b9e83a3c80c.json,165,11,1.0,9,0.05454545454545454,1.0,3,0,1.0
52,1f409360b44aeb3a6023e953eab350ffb3eb8322f589e2422ab312288b33a2da,benign,,2015,I386,0,5.9741197398502,EXE,RanDS_Behaviour_Activity_Dataset/dataset/1f/1f409360b44aeb3a6023e953eab350ffb3eb8322f589e2422ab312288b33a2da.json,raw_reports/benign/1f409360b44aeb3a6023e953eab350ffb3eb8322f589e2422ab312288b33a2da.json,728,11,1.0,0,0.0,1.0,2,0,1.0
53,1f910b9f37240aa609819a86255f922ee149044b88cd38118ac54e6778d06d55,benign,,2010,I386,1,7.9775342225129,EXE,RanDS_Behaviour_Activity_Dataset/dataset/1f/1f910b9f37240aa609819a86255f922ee149044b88cd38118ac54e6778d06d55.json,raw_reports/benign/1f910b9f37240aa609819a86255f922ee149044b88cd38118ac54e6778d06d55.json,353,14,1.0,0,0.0,1.0,3,0,1.0
54,1fb49f6e12f6e451dc94a5af3b040f4d9d43aed931e46e6e9659d988cfa0b7a6,benign,,2014,I386,0,6.2848234425466,EXE,RanDS_Behaviour_Activity_Dataset/dataset/1f/1fb49f6e12f6e451dc94a5af3b040f4d9d43aed931e46e6e9659d988cfa0b7a6.json,raw_reports/benign/1fb49f6e12f6e451dc94a5af3b040f4d9d43aed931e46e6e9659d988cfa0b7a6.json,604,8,1.0,3,0.004966887417218543,0.7777777777777778,2,2,1.0
55,1feaa919500ed79c3874eae7fcc3c4a0754d3b244a63cd5b3701a0c12faf14f5,benign,,2014,I386,0,6.215841314297,EXE,RanDS_Behaviour_Activity_Dataset/dataset/1f/1feaa919500ed79c3874eae7fcc3c4a0754d3b244a63cd5b3701a0c12faf14f5.json,raw_reports/benign/1feaa919500ed79c3874eae7fcc3c4a0754d3b244a63cd5b3701a0c12faf14f5.json,423,10,1.0,0,0.0,0.3333333333333333,2,6,1.0
56,1ff15fe7a12719696a2858f5471b22accd77e431dbf5d585ea570598d85f5fe8,benign,,2013,I386,0,6.2997223422184,EXE,RanDS_Behaviour_Activity_Dataset/dataset/1f/1ff15fe7a12719696a2858f5471b22accd77e431dbf5d585ea570598d85f5fe8.json,raw_reports/benign/1ff15fe7a12719696a2858f5471b22accd77e431dbf5d585ea570598d85f5fe8.json,592,15,1.0,6,0.010135135135135136,1.0,4,0,1.0
57,1ffaade8e03ca1e598af3a19f562899bc41bb85c87a224ca267d5108ee436b4d,benign,,2013,Amd64,1,7.7601642683357,DLL,RanDS_Behaviour_Activity_Dataset/dataset/1f/1ffaade8e03ca1e598af3a19f562899bc41bb85c87a224ca267d5108ee436b4d.json,raw_reports/benign/1ffaade8e03ca1e598af3a19f562899bc41bb85c87a224ca267d5108ee436b4d.json,274,9,1.0,12,0.043795620437956206,1.0,4,0,1.0
58,20322bdc840be0101a44c8b06dccc28c6b976572ecc44d227eb68dfd66c9b29b,benign,,2011,I386,0,6.2844994544785,EXE,RanDS_Behaviour_Activity_Dataset/dataset/20/20322bdc840be0101a44c8b06dccc28c6b976572ecc44d227eb68dfd66c9b29b.json,raw_reports/benign/20322bdc840be0101a44c8b06dccc28c6b976572ecc44d227eb68dfd66c9b29b.json,75,9,1.0,7,0.09333333333333334,1.0,3,0,1.0
59,206ea2068a69ecdcd11cc74e3ae719a980b3441485867eb224aa67ca20dfaeb6,benign,,2009,I386,0,4.3430444874466,DLL,RanDS_Behaviour_Activity_Dataset/dataset/20/206ea2068a69ecdcd11cc74e3ae719a980b3441485867eb224aa67ca20dfaeb6.json,raw_reports/benign/206ea2068a69ecdcd11cc74e3ae719a980b3441485867eb224aa67ca20dfaeb6.json,176,7,0.875,12,0.06818181818181818,1.0,4,0,1.0
60,2138fb9ee813ad876d05ada2a91dd6756e4b258b238c7e02d622b150c88ec07b,benign,,2010,I386,1,7.9782150500927,EXE,RanDS_Behaviour_Activity_Dataset/dataset/21/2138fb9ee813ad876d05ada2a91dd6756e4b258b238c7e02d622b150c88ec07b.json,raw_reports/benign/2138fb9ee813ad876d05ada2a91dd6756e4b258b238c7e02d622b150c88ec07b.json,240,11,1.0,1,0.004166666666666667,1.0,3,0,1.0
61,2159d9d5c9355521de859d1c40907fcdfef19f8cf68eda7485b89e9aa119e3ad,benign,,2010,Amd64,0,6.266385429448,EXE,RanDS_Behaviour_Activity_Dataset/dataset/21/2159d9d5c9355521de859d1c40907fcdfef19f8cf68eda7485b89e9aa119e3ad.json,raw_reports/benign/2159d9d5c9355521de859d1c40907fcdfef19f8cf68eda7485b89e9aa119e3ad.json,122,10,1.0,10,0.08196721311475409,1.0,2,0,1.0
62,2172c5c5f7fe1cbcbc2241e547c521c9fe1a47312aeb675331d3ff31e69c4f11,benign,,2011,I386,0,5.5191757182065,EXE,RanDS_Behaviour_Activity_Dataset/dataset/21/2172c5c5f7fe1cbcbc2241e547c521c9fe1a47312aeb675331d3ff31e69c4f11.json,raw_reports/benign/2172c5c5f7fe1cbcbc2241e547c521c9fe1a47312aeb675331d3ff31e69c4f11.json,185,11,1.0,5,0.02702702702702703,1.0,2,0,1.0
63,21c47a0490eba302657ef30c560e4af83777685ffe126dccac310163c47401d1,benign,,2014,Amd64,0,6.1204319302391,EXE,RanDS_Behaviour_Activity_Dataset/dataset/21/21c47a0490eba302657ef30c560e4af83777685ffe126dccac310163c47401d1.json,raw_reports/benign/21c47a0490eba302657ef30c560e4af83777685ffe126dccac310163c47401d1.json,299,14,1.0,7,0.023411371237458192,1.0,4,0,1.0
64,21da1aa824a9e921a4a2231291b286423ffc5d1a02dcc42f48073243e10d95ff,benign,,2013,Amd64,0,6.4776037449463,EXE,RanDS_Behaviour_Activity_Dataset/dataset/21/21da1aa824a9e921a4a2231291b286423ffc5d1a02dcc42f48073243e10d95ff.json,raw_reports/benign/21da1aa824a9e921a4a2231291b286423ffc5d1a02dcc42f48073243e10d95ff.json,61,7,0.875,6,0.09836065573770492,0.8888888888888888,1,1,NA
65,21eda9178aebd524d84550acd229a1a7489d63fad82608a799c8788eb0c3f558,benign,,2015,Amd64,0,5.9458316056404,DLL,RanDS_Behaviour_Activity_Dataset/dataset/21/21eda9178aebd524d84550acd229a1a7489d63fad82608a799c8788eb0c3f558.json,raw_reports/benign/21eda9178aebd524d84550acd229a1a7489d63fad82608a799c8788eb0c3f558.json,272,9,1.0,13,0.04779411764705882,1.0,4,0,1.0
66,22106e4ba103304f26e746944913e0b9b16286e254576f28505546794f1b37c8,benign,,2014,I386,0,5.1956354916148,EXE,RanDS_Behaviour_Activity_Dataset/dataset/22/22106e4ba103304f26e746944913e0b9b16286e254576f28505546794f1b37c8.json,raw_reports/benign/22106e4ba103304f26e746944913e0b9b16286e254576f28505546794f1b37c8.json,132,7,0.875,0,0.0,0.5555555555555556,1,4,NA
67,222bd77c5692c2961e8c3638f6511d6f7cbeb9e0977e2d5c3bca6739a5311f37,benign,,2017,I386,1,6.9010430912224,DLL,RanDS_Behaviour_Activity_Dataset/dataset/22/222bd77c5692c2961e8c3638f6511d6f7cbeb9e0977e2d5c3bca6739a5311f37.json,raw_reports/benign/222bd77c5692c2961e8c3638f6511d6f7cbeb9e0977e2d5c3bca6739a5311f37.json,223,7,0.875,48,0.21524663677130046,1.0,4,0,1.0
68,223edbbf95d6dff17714b8dc91bbc842c7e57497b9785981bd79936f3879ee13,benign,,2018,I386,1,7.9887088878834,EXE,RanDS_Behaviour_Activity_Dataset/dataset/22/223edbbf95d6dff17714b8dc91bbc842c7e57497b9785981bd79936f3879ee13.json,raw_reports/benign/223edbbf95d6dff17714b8dc91bbc842c7e57497b9785981bd79936f3879ee13.json,555,9,1.0,0,0.0,0.7777777777777778,3,2,1.0
69,229fb719fddc8043e0b3aece89180112225c1de399e9492a27cc6c0db2cacb8a,benign,,2017,Amd64,0,6.177595619377,EXE,RanDS_Behaviour_Activity_Dataset/dataset/22/229fb719fddc8043e0b3aece89180112225c1de399e9492a27cc6c0db2cacb8a.json,raw_reports/benign/229fb719fddc8043e0b3aece89180112225c1de399e9492a27cc6c0db2cacb8a.json,53,10,1.0,4,0.07547169811320754,1.0,2,0,1.0
70,22edffa0aa308e93a28e557171a9eb15e57876e6a3449c6da27f2500479f0fa2,benign,,2009,I386,0,6.1962821754106,DLL,RanDS_Behaviour_Activity_Dataset/dataset/22/22edffa0aa308e93a28e557171a9eb15e57876e6a3449c6da27f2500479f0fa2.json,raw_reports/benign/22edffa0aa308e93a28e557171a9eb15e57876e6a3449c6da27f2500479f0fa2.json,433,11,1.0,15,0.03464203233256351,1.0,5,0,1.0
71,23e0cdec4413a50714c9ed517d00640566ee8c845f642ff6050d73baf5a59205,benign,,2013,Amd64,0,6.1845274629461,EXE,RanDS_Behaviour_Activity_Dataset/dataset/23/23e0cdec4413a50714c9ed517d00640566ee8c845f642ff6050d73baf5a59205.json,raw_reports/benign/23e0cdec4413a50714c9ed517d00640566ee8c845f642ff6050d73baf5a59205.json,98,10,1.0,6,0.061224489795918366,1.0,2,0,1.0
72,2468803147f2f22897ae2147572473e798f0b035edf4ec6c4b3db48b93e42181,benign,,2015,I386,0,5.5890224059171,EXE,RanDS_Behaviour_Activity_Dataset/dataset/24/2468803147f2f22897ae2147572473e798f0b035edf4ec6c4b3db48b93e42181.json,raw_reports/benign/2468803147f2f22897ae2147572473e798f0b035edf4ec6c4b3db48b93e42181.json,517,14,1.0,11,0.02127659574468085,1.0,3,0,1.0
73,24c8d4937e2a61b494dd55a6f9dca976cd05c7efab23dffe026473ef265ba6ea,benign,,2014,I386,0,4.8337740761365,EXE,RanDS_Behaviour_Activity_Dataset/dataset/24/24c8d4937e2a61b494dd55a6f9dca976cd05c7efab23dffe026473ef265ba6ea.json,raw_reports/benign/24c8d4937e2a61b494dd55a6f9dca976cd05c7efab23dffe026473ef265ba6ea.json,733,11,1.0,0,0.0,0.8888888888888888,2,1,1.0
74,24dea22f970243f7524e6b83e6b5e9fd62a5e63bd750ce5c6253b3313be7af04,benign,,2018,I386,0,5.7050043614029,EXE,RanDS_Behaviour_Activity_Dataset/dataset/24/24dea22f970243f7524e6b83e6b5e9fd62a5e63bd750ce5c6253b3313be7af04.json,raw_reports/benign/24dea22f970243f7524e6b83e6b5e9fd62a5e63bd750ce5c6253b3313be7af04.json,11,5,0.625,3,0.2727272727272727,0.7777777777777778,2,2,1.0
75,253cdaf40e1cde12d99d98be0c7cd74e249d9cb1279eceae9ac431d957823067,benign,,2015,I386,1,6.890919390297,DLL,RanDS_Behaviour_Activity_Dataset/dataset/25/253cdaf40e1cde12d99d98be0c7cd74e249d9cb1279eceae9ac431d957823067.json,raw_reports/benign/253cdaf40e1cde12d99d98be0c7cd74e249d9cb1279eceae9ac431d957823067.json,326,9,1.0,15,0.046012269938650305,1.0,4,0,1.0
76,2553cf125f93610ed057307486b8b07a9b3924e61981eb536b41441688ef14b0,benign,,2019,Amd64,0,5.4434491471282,DLL,RanDS_Behaviour_Activity_Dataset/dataset/25/2553cf125f93610ed057307486b8b07a9b3924e61981eb536b41441688ef14b0.json,raw_reports/benign/2553cf125f93610ed057307486b8b07a9b3924e61981eb536b41441688ef14b0.json,256,12,1.0,17,0.06640625,1.0,4,0,1.0
77,256566b7039b640ffb72c2ed7f1f42e46ffc820637a8959a64f5f08db2a06a3f,benign,,2015,Amd64,0,5.1955057396916,EXE,RanDS_Behaviour_Activity_Dataset/dataset/25/256566b7039b640ffb72c2ed7f1f42e46ffc820637a8959a64f5f08db2a06a3f.json,raw_reports/benign/256566b7039b640ffb72c2ed7f1f42e46ffc820637a8959a64f5f08db2a06a3f.json,28,9,1.0,10,0.35714285714285715,0.7777777777777778,1,2,1.0
78,25f20ef28263e99e3dc92429d9ffc3e1b3ab938c793ea47b3cd878ffd96863a7,benign,,2014,I386,0,4.2579641704256,EXE,RanDS_Behaviour_Activity_Dataset/dataset/25/25f20ef28263e99e3dc92429d9ffc3e1b3ab938c793ea47b3cd878ffd96863a7.json,raw_reports/benign/25f20ef28263e99e3dc92429d9ffc3e1b3ab938c793ea47b3cd878ffd96863a7.json,756,12,1.0,0,0.0,1.0,2,0,1.0
79,2643f8b04a63b3d3de68e80061413e51ddf8385b9387330a64f173e6040c3baa,benign,,2011,Amd64,0,5.8790639553537,EXE,RanDS_Behaviour_Activity_Dataset/dataset/26/2643f8b04a63b3d3de68e80061413e51ddf8385b9387330a64f173e6040c3baa.json,raw_reports/benign/2643f8b04a63b3d3de68e80061413e51ddf8385b9387330a64f173e6040c3baa.json,173,13,1.0,25,0.14450867052023122,1.0,3,0,1.0
80,265bdbc10cc256cb35f2bf5a9a25246d1859400087370a2b629783b9d3f7d0d4,benign,,2010,Amd64,0,5.9827829752212,DLL,RanDS_Behaviour_Activity_Dataset/dataset/26/265bdbc10cc256cb35f2bf5a9a25246d1859400087370a2b629783b9d3f7d0d4.json,raw_reports/benign/265bdbc10cc256cb35f2bf5a9a25246d1859400087370a2b629783b9d3f7d0d4.json,84,8,1.0,11,0.13095238095238096,1.0,4,0,1.0
81,267b1eb0e369328c44da1bb5827eeccf7a086366db972af8a99fa15b5e3bcc45,benign,,2016,I386,0,6.4670156556577,EXE,RanDS_Behaviour_Activity_Dataset/dataset/26/267b1eb0e369328c44da1bb5827eeccf7a086366db972af8a99fa15b5e3bcc45.json,raw_reports/benign/267b1eb0e369328c44da1bb5827eeccf7a086366db972af8a99fa15b5e3bcc45.json,253,8,1.0,0,0.0,0.6666666666666666,1,3,NA
82,26f788e2d4e1c680459c06687a8bd20ef433768f162bb21ed747b3c0d3221953,benign,,2015,I386,0,5.6625554575093,EXE,RanDS_Behaviour_Activity_Dataset/dataset/26/26f788e2d4e1c680459c06687a8bd20ef433768f162bb21ed747b3c0d3221953.json,raw_reports/benign/26f788e2d4e1c680459c06687a8bd20ef433768f162bb21ed747b3c0d3221953.json,270,11,1.0,2,0.007407407407407408,1.0,2,0,1.0
83,27446851930fa76e2ca3c7830f7d27386a33dc4fb5e5e4198676d15dc048081e,benign,,2011,I386,0,5.9808378086085,DLL,RanDS_Behaviour_Activity_Dataset/dataset/27/27446851930fa76e2ca3c7830f7d27386a33dc4fb5e5e4198676d15dc048081e.json,raw_reports/benign/27446851930fa76e2ca3c7830f7d27386a33dc4fb5e5e4198676d15dc048081e.json,107,9,1.0,11,0.102803738317757,1.0,4,0,1.0
84,27b8d385432b5f6600dbd930b605755874e2d5e58d3b977f7f215a9a91ae5c33,benign,,2009,I386,0,5.8817580802997,EXE,RanDS_Behaviour_Activity_Dataset/dataset/27/27b8d385432b5f6600dbd930b605755874e2d5e58d3b977f7f215a9a91ae5c33.json,raw_reports/benign/27b8d385432b5f6600dbd930b605755874e2d5e58d3b977f7f215a9a91ae5c33.json,71,5,0.625,0,0.0,0.1111111111111111,1,8,NA
85,27eaee5a4468c09492c92cb179bf62ce4fb4b665b2007b3f0b5272ffcca17191,benign,,2014,Amd64,0,5.7810138354323,EXE,RanDS_Behaviour_Activity_Dataset/dataset/27/27eaee5a4468c09492c92cb179bf62ce4fb4b665b2007b3f0b5272ffcca17191.json,raw_reports/benign/27eaee5a4468c09492c92cb179bf62ce4fb4b665b2007b3f0b5272ffcca17191.json,62,9,1.0,6,0.0967741935483871,1.0,2,0,1.0
86,27f2937e5d1008539ff2d046ea489a751080ec6b8ea1b2bda2fc703120a3615a,benign,,2010,I386,0,5.2873504589117,EXE,RanDS_Behaviour_Activity_Dataset/dataset/27/27f2937e5d1008539ff2d046ea489a751080ec6b8ea1b2bda2fc703120a3615a.json,raw_reports/benign/27f2937e5d1008539ff2d046ea489a751080ec6b8ea1b2bda2fc703120a3615a.json,243,10,1.0,6,0.024691358024691357,1.0,2,0,1.0
87,2800e64b622ddc3ecf77850619fd2b0ed6178c8db0aa29dc86ddb5aa65c8a794,benign,,2012,I386,1,6.5024628514394,EXE,RanDS_Behaviour_Activity_Dataset/dataset/28/2800e64b622ddc3ecf77850619fd2b0ed6178c8db0aa29dc86ddb5aa65c8a794.json,raw_reports/benign/2800e64b622ddc3ecf77850619fd2b0ed6178c8db0aa29dc86ddb5aa65c8a794.json,77,7,0.875,0,0.0,0.6666666666666666,3,3,NA
88,28353ff1dd781336c7037ff3967ce379a7d25c82280a136f5493139057c2ae08,benign,,2019,Amd64,0,5.6875520825749,DLL,RanDS_Behaviour_Activity_Dataset/dataset/28/28353ff1dd781336c7037ff3967ce379a7d25c82280a136f5493139057c2ae08.json,raw_reports/benign/28353ff1dd781336c7037ff3967ce379a7d25c82280a136f5493139057c2ae08.json,150,10,1.0,28,0.18666666666666668,1.0,5,0,1.0
89,288c701bdedf1d45c63dd0b7d424a752f8819f90feb5088c582f76bc98970ba3,benign,,2010,I386,1,6.5357551957606,DLL,RanDS_Behaviour_Activity_Dataset/dataset/28/288c701bdedf1d45c63dd0b7d424a752f8819f90feb5088c582f76bc98970ba3.json,raw_reports/benign/288c701bdedf1d45c63dd0b7d424a752f8819f90feb5088c582f76bc98970ba3.json,2089,13,1.0,9,0.00430828147438966,1.0,7,0,1.0
90,289b423e248ccbdf95184c549f8f16cef29706fe9532ee167393ff171a262120,benign,,2020,I386,0,5.456860515224,EXE,RanDS_Behaviour_Activity_Dataset/dataset/28/289b423e248ccbdf95184c549f8f16cef29706fe9532ee167393ff171a262120.json,raw_reports/benign/289b423e248ccbdf95184c549f8f16cef29706fe9532ee167393ff171a262120.json,112,12,1.0,14,0.125,1.0,3,0,1.0
91,28c82c87cb3de11b6faa44fcea0e2c8b0f24fc54d76d202244e97d89ffb10b1b,benign,,2010,Amd64,0,5.1222622016001,DLL,RanDS_Behaviour_Activity_Dataset/dataset/28/28c82c87cb3de11b6faa44fcea0e2c8b0f24fc54d76d202244e97d89ffb10b1b.json,raw_reports/benign/28c82c87cb3de11b6faa44fcea0e2c8b0f24fc54d76d202244e97d89ffb10b1b.json,454,13,1.0,21,0.046255506607929514,1.0,6,0,1.0
92,29092750682566d420a46be4a726d431a956dcbd590d5ba1e77172f6d29a4a30,benign,,2012,I386,0,5.9932630040794,EXE,RanDS_Behaviour_Activity_Dataset/dataset/29/29092750682566d420a46be4a726d431a956dcbd590d5ba1e77172f6d29a4a30.json,raw_reports/benign/29092750682566d420a46be4a726d431a956dcbd590d5ba1e77172f6d29a4a30.json,87,7,0.875,1,0.011494252873563218,0.2222222222222222,2,7,NA
93,2910ebc692d833d949bfd56059e8106d324a276d5f165f874f3fb1b6c613cdd5,benign,,2008,I386,0,5.745937740406,EXE,RanDS_Behaviour_Activity_Dataset/dataset/29/2910ebc692d833d949bfd56059e8106d324a276d5f165f874f3fb1b6c613cdd5.json,raw_reports/benign/2910ebc692d833d949bfd56059e8106d324a276d5f165f874f3fb1b6c613cdd5.json,140,11,1.0,18,0.12857142857142856,1.0,4,0,1.0
94,295d61d24fd1ce5a24eaf6b84e7895fe919439a14b26f04f863f8f0880e91de1,benign,,2019,I386,0,6.1276703587189,DLL,RanDS_Behaviour_Activity_Dataset/dataset/29/295d61d24fd1ce5a24eaf6b84e7895fe919439a14b26f04f863f8f0880e91de1.json,raw_reports/benign/295d61d24fd1ce5a24eaf6b84e7895fe919439a14b26f04f863f8f0880e91de1.json,442,13,1.0,24,0.05429864253393665,1.0,6,0,1.0
95,29a065241f77533ca920a63b8f779c547f6114741bb943e9756e71654438b819,benign,,2012,I386,0,6.003877546622,EXE,RanDS_Behaviour_Activity_Dataset/dataset/29/29a065241f77533ca920a63b8f779c547f6114741bb943e9756e71654438b819.json,raw_reports/benign/29a065241f77533ca920a63b8f779c547f6114741bb943e9756e71654438b819.json,76,5,0.625,0,0.0,0.2222222222222222,2,7,NA
96,29efeadcb26e408cd41492fcec6d411a018099d6ff5eca9526ed59564975f3e6,benign,,2014,Amd64,0,5.7696654026037,EXE,RanDS_Behaviour_Activity_Dataset/dataset/29/29efeadcb26e408cd41492fcec6d411a018099d6ff5eca9526ed59564975f3e6.json,raw_reports/benign/29efeadcb26e408cd41492fcec6d411a018099d6ff5eca9526ed59564975f3e6.json,68,9,1.0,9,0.1323529411764706,1.0,2,0,1.0
97,29fac6ea52c5fd5570ae6b6581311920f3cb1d4ec3bd054af22f8b3a987a8e1c,benign,,2010,Amd64,0,5.7916317489296,DLL,RanDS_Behaviour_Activity_Dataset/dataset/29/29fac6ea52c5fd5570ae6b6581311920f3cb1d4ec3bd054af22f8b3a987a8e1c.json,raw_reports/benign/29fac6ea52c5fd5570ae6b6581311920f3cb1d4ec3bd054af22f8b3a987a8e1c.json,460,14,1.0,23,0.05,1.0,6,0,1.0
98,2a5543efdf3b8983e20887a6775cafff04b0a8cec9ca3f484ad00be220479c43,benign,,2010,I386,0,5.7279142901488,EXE,RanDS_Behaviour_Activity_Dataset/dataset/2a/2a5543efdf3b8983e20887a6775cafff04b0a8cec9ca3f484ad00be220479c43.json,raw_reports/benign/2a5543efdf3b8983e20887a6775cafff04b0a8cec9ca3f484ad00be220479c43.json,214,13,1.0,7,0.03271028037383177,1.0,4,0,1.0
99,2a992312482b32a16b7cd793b817e9e22b1c237781b9ae26aa6b1ee04065369f,benign,,2013,I386,1,7.046951247958,EXE,RanDS_Behaviour_Activity_Dataset/dataset/2a/2a992312482b32a16b7cd793b817e9e22b1c237781b9ae26aa6b1ee04065369f.json,raw_reports/benign/2a992312482b32a16b7cd793b817e9e22b1c237781b9ae26aa6b1ee04065369f.json,554,16,1.0,20,0.036101083032490974,1.0,5,0,1.0
100,2ab8be750cfff1e3f3ef424f2c608955f7c6ae3d7b18a44054fdd0bf2801fee8,benign,,2014,I386,0,6.1279884667327,EXE,RanDS_Behaviour_Activity_Dataset/dataset/2a/2ab8be750cfff1e3f3ef424f2c608955f7c6ae3d7b18a44054fdd0bf2801fee8.json,raw_reports/benign/2ab8be750cfff1e3f3ef424f2c608955f7c6ae3d7b18a44054fdd0bf2801fee8.json,71,10,1.0,0,0.0,0.7777777777777778,4,2,1.0
101,2b25b1a408aaa36d60d8966f57ea99c832b7f602b27bb7c87659bb6634f7031e,benign,,2013,I386,1,7.4662536556145,EXE,RanDS_Behaviour_Activity_Dataset/dataset/2b/2b25b1a408aaa36d60d8966f57ea99c832b7f602b27bb7c87659bb6634f7031e.json,raw_reports/benign/2b25b1a408aaa36d60d8966f57ea99c832b7f602b27bb7c87659bb6634f7031e.json,241,15,1.0,5,0.02074688796680498,1.0,2,0,1.0
102,2b3cfc4fd12d2c1df33e7f815f4453fdbdf4c6672bfe32d038ced0f16398eb46,benign,,2015,I386,1,7.686157005981,EXE,RanDS_Behaviour_Activity_Dataset/dataset/2b/2b3cfc4fd12d2c1df33e7f815f4453fdbdf4c6672bfe32d038ced0f16398eb46.json,raw_reports/benign/2b3cfc4fd12d2c1df33e7f815f4453fdbdf4c6672bfe32d038ced0f16398eb46.json,445,14,1.0,6,0.01348314606741573,1.0,2,0,1.0
103,2b6c688c5c9a6ffb52c6fbac9302ebb645522223e7efb67affecd5260043eaf7,benign,,2009,I386,0,5.3535809322141,DLL,RanDS_Behaviour_Activity_Dataset/dataset/2b/2b6c688c5c9a6ffb52c6fbac9302ebb645522223e7efb67affecd5260043eaf7.json,raw_reports/benign/2b6c688c5c9a6ffb52c6fbac9302ebb645522223e7efb67affecd5260043eaf7.json,74,7,0.875,4,0.05405405405405406,1.0,5,0,1.0
104,2b6ec0692a09e5943c5bba0e3aefc746e96412e1836c84b1857b4dcf242dd28b,benign,,2019,Amd64,0,5.5687158705697,DLL,RanDS_Behaviour_Activity_Dataset/dataset/2b/2b6ec0692a09e5943c5bba0e3aefc746e96412e1836c84b1857b4dcf242dd28b.json,raw_reports/benign/2b6ec0692a09e5943c5bba0e3aefc746e96412e1836c84b1857b4dcf242dd28b.json,228,8,1.0,10,0.043859649122807015,1.0,4,0,1.0
105,2b929f420b98382fa1c9f05743c3f56244f522f113bf175f888cedaac78daed8,benign,,2014,I386,0,6.4796089278531,EXE,RanDS_Behaviour_Activity_Dataset/dataset/2b/2b929f420b98382fa1c9f05743c3f56244f522f113bf175f888cedaac78daed8.json,raw_reports/benign/2b929f420b98382fa1c9f05743c3f56244f522f113bf175f888cedaac78daed8.json,389,13,1.0,8,0.02056555269922879,1.0,5,0,1.0
106,2b9dc21d8f535e8195b889f5b55ae6a4b4500d7c27134e97c60efe785868abd6,benign,,2018,Amd64,0,6.0485780774425,DLL,RanDS_Behaviour_Activity_Dataset/dataset/2b/2b9dc21d8f535e8195b889f5b55ae6a4b4500d7c27134e97c60efe785868abd6.json,raw_reports/benign/2b9dc21d8f535e8195b889f5b55ae6a4b4500d7c27134e97c60efe785868abd6.json,468,8,1.0,6,0.01282051282051282,0.7777777777777778,4,2,1.0
107,2bdab404df6e4990bc1fd8f7464dba325fb993c67e592ba1c5dc4f07c02a8e85,benign,,2020,Amd64,0,5.5669157877773,EXE,RanDS_Behaviour_Activity_Dataset/dataset/2b/2bdab404df6e4990bc1fd8f7464dba325fb993c67e592ba1c5dc4f07c02a8e85.json,raw_reports/benign/2bdab404df6e4990bc1fd8f7464dba325fb993c67e592ba1c5dc4f07c02a8e85.json,129,11,1.0,17,0.13178294573643412,1.0,3,0,1.0
108,2bfef57fa152dd806013cc986f2f09b9594b6b982df21b614af168c9f5a9a07a,benign,,2019,I386,1,6.6421368554383,EXE,RanDS_Behaviour_Activity_Dataset/dataset/2b/2bfef57fa152dd806013cc986f2f09b9594b6b982df21b614af168c9f5a9a07a.json,raw_reports/benign/2bfef57fa152dd806013cc986f2f09b9594b6b982df21b614af168c9f5a9a07a.json,66,8,1.0,9,0.13636363636363635,1.0,2,0,1.0
109,2c2b975dae6643d3cc5b93b6b58266c0b7e752651fb73b512eca44fadb8ab839,benign,,2009,I386,0,6.3610087340048,EXE,RanDS_Behaviour_Activity_Dataset/dataset/2c/2c2b975dae6643d3cc5b93b6b58266c0b7e752651fb73b512eca44fadb8ab839.json,raw_reports/benign/2c2b975dae6643d3cc5b93b6b58266c0b7e752651fb73b512eca44fadb8ab839.json,1065,15,1.0,6,0.005633802816901409,1.0,5,0,1.0
110,2d3af1a4c4733d01c46ab82cb7e8ff0392db91db207ca9437a956c9bc5e2186a,benign,,2024,Amd64,0,6.29363510075,DLL,RanDS_Behaviour_Activity_Dataset/dataset/2d/2d3af1a4c4733d01c46ab82cb7e8ff0392db91db207ca9437a956c9bc5e2186a.json,raw_reports/benign/2d3af1a4c4733d01c46ab82cb7e8ff0392db91db207ca9437a956c9bc5e2186a.json,372,11,1.0,25,0.06720430107526881,1.0,6,0,1.0
111,2d42e32959e507928437d7b750d967aa1a6e849bbc039ca3c541edb32469e515,benign,,2011,I386,0,5.8025392202556,EXE,RanDS_Behaviour_Activity_Dataset/dataset/2d/2d42e32959e507928437d7b750d967aa1a6e849bbc039ca3c541edb32469e515.json,raw_reports/benign/2d42e32959e507928437d7b750d967aa1a6e849bbc039ca3c541edb32469e515.json,137,9,1.0,6,0.043795620437956206,1.0,3,0,1.0
112,2d51e6e95c92776c4217aab5db68e1e464ea73fae27c9825f3ee5241d634b870,benign,,2019,Amd64,0,4.9277334378127,DLL,RanDS_Behaviour_Activity_Dataset/dataset/2d/2d51e6e95c92776c4217aab5db68e1e464ea73fae27c9825f3ee5241d634b870.json,raw_reports/benign/2d51e6e95c92776c4217aab5db68e1e464ea73fae27c9825f3ee5241d634b870.json,744,9,1.0,8,0.010752688172043012,0.8888888888888888,5,1,1.0
113,2da07df65d38bbd422080a32de2c5fa0b565c7b4779360c12cc37240736e76a7,benign,,2013,I386,1,7.3978772236175,EXE,RanDS_Behaviour_Activity_Dataset/dataset/2d/2da07df65d38bbd422080a32de2c5fa0b565c7b4779360c12cc37240736e76a7.json,raw_reports/benign/2da07df65d38bbd422080a32de2c5fa0b565c7b4779360c12cc37240736e76a7.json,96,11,1.0,0,0.0,1.0,2,0,1.0
114,2db85b86c839341f2a879a6d25f787d17ee665d425c1bac3e1f82bac61f89f94,benign,,2011,I386,0,5.6232824047357,DLL,RanDS_Behaviour_Activity_Dataset/dataset/2d/2db85b86c839341f2a879a6d25f787d17ee665d425c1bac3e1f82bac61f89f94.json,raw_reports/benign/2db85b86c839341f2a879a6d25f787d17ee665d425c1bac3e1f82bac61f89f94.json,418,7,0.875,5,0.011961722488038277,0.6666666666666666,4,3,1.0
115,2dcf6b59f2cc5e71554056bdab7e570c1ed91dbff45c31fc0bae213e7cda976a,benign,,2021,I386,1,6.5430974514999,EXE,RanDS_Behaviour_Activity_Dataset/dataset/2d/2dcf6b59f2cc5e71554056bdab7e570c1ed91dbff45c31fc0bae213e7cda976a.json,raw_reports/benign/2dcf6b59f2cc5e71554056bdab7e570c1ed91dbff45c31fc0bae213e7cda976a.json,58,8,1.0,0,0.0,0.8888888888888888,1,1,1.0
116,2dde3212904ffc93a4fd273f667f5eeb91981a058695fc10e60d23f04029fb7b,benign,,2024,I386,0,6.4011138803479,DLL,RanDS_Behaviour_Activity_Dataset/dataset/2d/2dde3212904ffc93a4fd273f667f5eeb91981a058695fc10e60d23f04029fb7b.json,raw_reports/benign/2dde3212904ffc93a4fd273f667f5eeb91981a058695fc10e60d23f04029fb7b.json,465,12,1.0,19,0.04086021505376344,1.0,5,0,1.0
117,2deb595b76334beeb3e50afa05f50de9461372069fa7dd05cd033ba03d03567b,benign,,2015,I386,1,6.948385421922,EXE,RanDS_Behaviour_Activity_Dataset/dataset/2d/2deb595b76334beeb3e50afa05f50de9461372069fa7dd05cd033ba03d03567b.json,raw_reports/benign/2deb595b76334beeb3e50afa05f50de9461372069fa7dd05cd033ba03d03567b.json,37,6,0.75,7,0.1891891891891892,0.7777777777777778,1,2,1.0
118,2e33479a6b7859c5071f78c1021193090ea965ce143023c9566f4b359b2cc27f,benign,,2020,I386,0,5.7553791148013,DLL,RanDS_Behaviour_Activity_Dataset/dataset/2e/2e33479a6b7859c5071f78c1021193090ea965ce143023c9566f4b359b2cc27f.json,raw_reports/benign/2e33479a6b7859c5071f78c1021193090ea965ce143023c9566f4b359b2cc27f.json,129,9,1.0,21,0.16279069767441862,1.0,5,0,1.0
119,2e69deafb802f6ec8cb69d22b286f919bf1a2bbbd6882fa0df72aa34c17ce753,benign,,2020,I386,0,6.4415558979236,DLL,RanDS_Behaviour_Activity_Dataset/dataset/2e/2e69deafb802f6ec8cb69d22b286f919bf1a2bbbd6882fa0df72aa34c17ce753.json,raw_reports/benign/2e69deafb802f6ec8cb69d22b286f919bf1a2bbbd6882fa0df72aa34c17ce753.json,327,9,1.0,19,0.0581039755351682,1.0,5,0,1.0
120,2eab1c89cfadbfc4d83da5791330ca81e9c2914da849a8f5fd860e3d829428d7,benign,,2012,I386,0,6.0969818463827,EXE,RanDS_Behaviour_Activity_Dataset/dataset/2e/2eab1c89cfadbfc4d83da5791330ca81e9c2914da849a8f5fd860e3d829428d7.json,raw_reports/benign/2eab1c89cfadbfc4d83da5791330ca81e9c2914da849a8f5fd860e3d829428d7.json,1243,15,1.0,14,0.011263073209975865,1.0,5,0,1.0
121,2f13272185451d0f1b914c17f2e8c777acb0bb7d13fce940e0bffc587431b756,benign,,2011,I386,0,4.7374692313394,EXE,RanDS_Behaviour_Activity_Dataset/dataset/2f/2f13272185451d0f1b914c17f2e8c777acb0bb7d13fce940e0bffc587431b756.json,raw_reports/benign/2f13272185451d0f1b914c17f2e8c777acb0bb7d13fce940e0bffc587431b756.json,198,12,1.0,5,0.025252525252525252,1.0,2,0,1.0
122,2f8827bd4f0172668f40539049d62e1e77fcc8e96922367ef5d8febf88c3ef43,benign,,2015,Amd64,0,5.7777585009967,DLL,RanDS_Behaviour_Activity_Dataset/dataset/2f/2f8827bd4f0172668f40539049d62e1e77fcc8e96922367ef5d8febf88c3ef43.json,raw_reports/benign/2f8827bd4f0172668f40539049d62e1e77fcc8e96922367ef5d8febf88c3ef43.json,290,9,1.0,14,0.04827586206896552,1.0,4,0,1.0
123,2fd47e88d63249a2a4eb8248d4b296b83595ea70c014639aaa6f2dced6b25d1d,benign,,2024,I386,0,6.3851254792925,DLL,RanDS_Behaviour_Activity_Dataset/dataset/2f/2fd47e88d63249a2a4eb8248d4b296b83595ea70c014639aaa6f2dced6b25d1d.json,raw_reports/benign/2fd47e88d63249a2a4eb8248d4b296b83595ea70c014639aaa6f2dced6b25d1d.json,521,14,1.0,26,0.04990403071017274,1.0,7,0,1.0
124,2fd84818236d552e88c5eaf970317e3842297a725f49c8f771c79b353ed6a8f3,benign,,2024,Amd64,0,6.2700422042161,DLL,RanDS_Behaviour_Activity_Dataset/dataset/2f/2fd84818236d552e88c5eaf970317e3842297a725f49c8f771c79b353ed6a8f3.json,raw_reports/benign/2fd84818236d552e88c5eaf970317e3842297a725f49c8f771c79b353ed6a8f3.json,446,13,1.0,32,0.07174887892376682,1.0,6,0,1.0
125,2feb0ec6078f45a87ba0d1590c986d35f1fc7626cb4bbb353d601952bb30fe63,benign,,2018,I386,0,6.2737342839975,DLL,RanDS_Behaviour_Activity_Dataset/dataset/2f/2feb0ec6078f45a87ba0d1590c986d35f1fc7626cb4bbb353d601952bb30fe63.json,raw_reports/benign/2feb0ec6078f45a87ba0d1590c986d35f1fc7626cb4bbb353d601952bb30fe63.json,25,4,0.5,11,0.44,0.6666666666666666,2,3,NA
126,2ffa431cbf3f6b4c745f546124cac12f81196d17d87035f0b749db1fec3827fb,benign,,2014,I386,0,5.6617689157298,EXE,RanDS_Behaviour_Activity_Dataset/dataset/2f/2ffa431cbf3f6b4c745f546124cac12f81196d17d87035f0b749db1fec3827fb.json,raw_reports/benign/2ffa431cbf3f6b4c745f546124cac12f81196d17d87035f0b749db1fec3827fb.json,320,7,0.875,4,0.0125,0.6666666666666666,1,3,1.0
127,3060fa795fc6ac4cd7dde883ec928173fe187655ff9c50314dd3652067a02a8c,benign,,2018,Amd64,0,6.2844590246028,DLL,RanDS_Behaviour_Activity_Dataset/dataset/30/3060fa795fc6ac4cd7dde883ec928173fe187655ff9c50314dd3652067a02a8c.json,raw_reports/benign/3060fa795fc6ac4cd7dde883ec928173fe187655ff9c50314dd3652067a02a8c.json,310,7,0.875,4,0.012903225806451613,0.6666666666666666,3,3,1.0
128,30c6e6db84664c88b343fde9393a2e37145bff80c4ecf88c20f3766e29c16542,benign,,2020,Amd64,0,6.2581134215912,EXE,RanDS_Behaviour_Activity_Dataset/dataset/30/30c6e6db84664c88b343fde9393a2e37145bff80c4ecf88c20f3766e29c16542.json,raw_reports/benign/30c6e6db84664c88b343fde9393a2e37145bff80c4ecf88c20f3766e29c16542.json,174,10,1.0,7,0.040229885057471264,1.0,4,0,1.0
129,30f741f1e532873c2dae4a6270a42cdb62aac2dcdf510781df150ddf19505f44,benign,,2019,Amd64,0,6.3748546978918,DLL,RanDS_Behaviour_Activity_Dataset/dataset/30/30f741f1e532873c2dae4a6270a42cdb62aac2dcdf510781df150ddf19505f44.json,raw_reports/benign/30f741f1e532873c2dae4a6270a42cdb62aac2dcdf510781df150ddf19505f44.json,535,13,1.0,15,0.028037383177570093,1.0,7,0,1.0
130,30ff0f0163cbd8c4b1b2e3e46fb5b457252502c1527208532877f5f7feb3c09e,benign,,2016,I386,1,7.4638024055196,DLL,RanDS_Behaviour_Activity_Dataset/dataset/30/30ff0f0163cbd8c4b1b2e3e46fb5b457252502c1527208532877f5f7feb3c09e.json,raw_reports/benign/30ff0f0163cbd8c4b1b2e3e46fb5b457252502c1527208532877f5f7feb3c09e.json,358,7,0.875,5,0.013966480446927373,0.6666666666666666,4,3,1.0
131,3108c3dcc2a801db0c0516eabdebdd83ca5fcfd10116093f4451b4bd3c520e4e,benign,,2024,I386,0,6.3579740657389,DLL,RanDS_Behaviour_Activity_Dataset/dataset/31/3108c3dcc2a801db0c0516eabdebdd83ca5fcfd10116093f4451b4bd3c520e4e.json,raw_reports/benign/3108c3dcc2a801db0c0516eabdebdd83ca5fcfd10116093f4451b4bd3c520e4e.json,141,6,0.75,17,0.12056737588652482,1.0,5,0,1.0
132,312f4107ff37dc988d99c5f56178708bb74a3906740cff4e337c0dde8f1e151d,benign,,2010,Amd64,0,5.9064727304308,EXE,RanDS_Behaviour_Activity_Dataset/dataset/31/312f4107ff37dc988d99c5f56178708bb74a3906740cff4e337c0dde8f1e151d.json,raw_reports/benign/312f4107ff37dc988d99c5f56178708bb74a3906740cff4e337c0dde8f1e151d.json,107,11,1.0,9,0.08411214953271028,1.0,2,0,1.0
133,31673839fb5a8b52c67c4d39fb9a24662db317d76f32fc348bdd80c7df7d8c71,benign,,2016,Amd64,0,6.2979617966325,DLL,RanDS_Behaviour_Activity_Dataset/dataset/31/31673839fb5a8b52c67c4d39fb9a24662db317d76f32fc348bdd80c7df7d8c71.json,raw_reports/benign/31673839fb5a8b52c67c4d39fb9a24662db317d76f32fc348bdd80c7df7d8c71.json,24,4,0.5,18,0.75,0.6666666666666666,2,3,NA
134,3185028a0b3d461dd08921229327e21fdd18ef56ee4c052da06a9b2daaed6fb5,benign,,2022,I386,0,5.077855953276,DLL,RanDS_Behaviour_Activity_Dataset/dataset/31/3185028a0b3d461dd08921229327e21fdd18ef56ee4c052da06a9b2daaed6fb5.json,raw_reports/benign/3185028a0b3d461dd08921229327e21fdd18ef56ee4c052da06a9b2daaed6fb5.json,185,8,1.0,17,0.0918918918918919,1.0,3,0,1.0
135,31a7f1b6231aff5d57aa399af6c71a1a83c69b62bd1c4771352f74d330e69104,benign,,2016,I386,0,3.2972870791241,EXE,RanDS_Behaviour_Activity_Dataset/dataset/31/31a7f1b6231aff5d57aa399af6c71a1a83c69b62bd1c4771352f74d330e69104.json,raw_reports/benign/31a7f1b6231aff5d57aa399af6c71a1a83c69b62bd1c4771352f74d330e69104.json,100,5,0.625,0,0.0,0.1111111111111111,1,8,NA
136,31e72214db7a7060af464a2ea61a180a8aa4c87b89489275fbe2f7b7eb74368f,benign,,2024,Amd64,0,6.2230474084308,EXE,RanDS_Behaviour_Activity_Dataset/dataset/31/31e72214db7a7060af464a2ea61a180a8aa4c87b89489275fbe2f7b7eb74368f.json,raw_reports/benign/31e72214db7a7060af464a2ea61a180a8aa4c87b89489275fbe2f7b7eb74368f.json,83,8,1.0,11,0.13253012048192772,1.0,2,0,1.0
137,3237c57c687dcd1523b88f383985091179c9b90afa4b24e82a968cc27bec2518,benign,,2024,Amd64,0,6.2834405451865,DLL,RanDS_Behaviour_Activity_Dataset/dataset/32/3237c57c687dcd1523b88f383985091179c9b90afa4b24e82a968cc27bec2518.json,raw_reports/benign/3237c57c687dcd1523b88f383985091179c9b90afa4b24e82a968cc27bec2518.json,99,8,1.0,10,0.10101010101010101,1.0,4,0,1.0
138,32540b666f9fe5f5f7db0ff2c8fa0fe5116603bad4fc7b72bba71303a1379de1,benign,,2018,I386,0,4.9293699375682,EXE,RanDS_Behaviour_Activity_Dataset/dataset/32/32540b666f9fe5f5f7db0ff2c8fa0fe5116603bad4fc7b72bba71303a1379de1.json,raw_reports/benign/32540b666f9fe5f5f7db0ff2c8fa0fe5116603bad4fc7b72bba71303a1379de1.json,774,13,1.0,6,0.007751937984496124,1.0,3,0,1.0
139,326110c8c5cac836cfed1643304cb6bdc4a8737a7a535d6b1eff4d63878aef9d,benign,,2024,Amd64,1,6.8053487878983,DLL,RanDS_Behaviour_Activity_Dataset/dataset/32/326110c8c5cac836cfed1643304cb6bdc4a8737a7a535d6b1eff4d63878aef9d.json,raw_reports/benign/326110c8c5cac836cfed1643304cb6bdc4a8737a7a535d6b1eff4d63878aef9d.json,455,13,1.0,29,0.06373626373626373,1.0,6,0,1.0
140,327d4c8beb35b2a828ff2fd31862c98b5852d7b1ce7a997745743a86586ac6dc,benign,,2024,I386,1,6.6707563572048,DLL,RanDS_Behaviour_Activity_Dataset/dataset/32/327d4c8beb35b2a828ff2fd31862c98b5852d7b1ce7a997745743a86586ac6dc.json,raw_reports/benign/327d4c8beb35b2a828ff2fd31862c98b5852d7b1ce7a997745743a86586ac6dc.json,146,7,0.875,14,0.0958904109589041,1.0,5,0,1.0
141,329372d180e0c15003e2991d4e663a9c5e4ebd92f75f6315685643b7ccc3629a,benign,,2010,Amd64,0,6.1071706641785,DLL,RanDS_Behaviour_Activity_Dataset/dataset/32/329372d180e0c15003e2991d4e663a9c5e4ebd92f75f6315685643b7ccc3629a.json,raw_reports/benign/329372d180e0c15003e2991d4e663a9c5e4ebd92f75f6315685643b7ccc3629a.json,398,13,1.0,20,0.05025125628140704,1.0,6,0,1.0
142,32d3b0b328ae730a883d94c8017587529220f95ad8a0d66cb3f9729d4298e7b1,benign,,2020,I386,0,5.5364972405049,DLL,RanDS_Behaviour_Activity_Dataset/dataset/32/32d3b0b328ae730a883d94c8017587529220f95ad8a0d66cb3f9729d4298e7b1.json,raw_reports/benign/32d3b0b328ae730a883d94c8017587529220f95ad8a0d66cb3f9729d4298e7b1.json,335,11,1.0,29,0.08656716417910448,1.0,6,0,1.0
143,33dd53da8ce9d9a3fc7fa123c3b24f4dd86708e0acb7472131f6cbaa685cfe3b,benign,,2021,I386,0,5.4658765834403,DLL,RanDS_Behaviour_Activity_Dataset/dataset/33/33dd53da8ce9d9a3fc7fa123c3b24f4dd86708e0acb7472131f6cbaa685cfe3b.json,raw_reports/benign/33dd53da8ce9d9a3fc7fa123c3b24f4dd86708e0acb7472131f6cbaa685cfe3b.json,72,6,0.75,2,0.027777777777777776,0.7777777777777778,3,2,1.0
144,33ded574bfbc01c726084a4f06ee883d0b48da4f527500236d86568757885f35,benign,,2009,I386,0,5.9556605562304,DLL,RanDS_Behaviour_Activity_Dataset/dataset/33/33ded574bfbc01c726084a4f06ee883d0b48da4f527500236d86568757885f35.json,raw_reports/benign/33ded574bfbc01c726084a4f06ee883d0b48da4f527500236d86568757885f35.json,389,11,1.0,12,0.030848329048843187,1.0,5,0,1.0
145,340402c6ce3bb488f84e5a1d404bbdfebf39299f959ca3be08e789f913efbaaa,benign,,2014,Amd64,0,6.1817463125827,EXE,RanDS_Behaviour_Activity_Dataset/dataset/34/340402c6ce3bb488f84e5a1d404bbdfebf39299f959ca3be08e789f913efbaaa.json,raw_reports/benign/340402c6ce3bb488f84e5a1d404bbdfebf39299f959ca3be08e789f913efbaaa.json,23,7,0.875,5,0.21739130434782608,0.7777777777777778,1,2,1.0
146,34748b588e9188e43e1720be3764472012d78616df4911b59713518fbeeb1925,benign,,2013,I386,0,6.0204852410953,DLL,RanDS_Behaviour_Activity_Dataset/dataset/34/34748b588e9188e43e1720be3764472012d78616df4911b59713518fbeeb1925.json,raw_reports/benign/34748b588e9188e43e1720be3764472012d78616df4911b59713518fbeeb1925.json,380,7,0.875,4,0.010526315789473684,0.6666666666666666,4,3,1.0
147,34873bd55927c71a4295fecb8359a173af7a225f75f9e1b0d8bd19a3c5482ec0,benign,,2023,Amd64,0,5.724287438524,DLL,RanDS_Behaviour_Activity_Dataset/dataset/34/34873bd55927c71a4295fecb8359a173af7a225f75f9e1b0d8bd19a3c5482ec0.json,raw_reports/benign/34873bd55927c71a4295fecb8359a173af7a225f75f9e1b0d8bd19a3c5482ec0.json,235,9,1.0,12,0.05106382978723404,1.0,5,0,1.0
148,34951ea4e97a6ff984664f7898eb4b374d6a6b576142ff09ae483c5be5920524,benign,,2016,Amd64,1,6.9791757861651,DLL,RanDS_Behaviour_Activity_Dataset/dataset/34/34951ea4e97a6ff984664f7898eb4b374d6a6b576142ff09ae483c5be5920524.json,raw_reports/benign/34951ea4e97a6ff984664f7898eb4b374d6a6b576142ff09ae483c5be5920524.json,316,8,1.0,5,0.015822784810126583,0.7777777777777778,5,2,1.0
149,349e8acf6e570a51c265ac19c4971c7beca96820a8298d559e2db6199c03c5a6,benign,,2013,I386,0,6.2039019692434,EXE,RanDS_Behaviour_Activity_Dataset/dataset/34/349e8acf6e570a51c265ac19c4971c7beca96820a8298d559e2db6199c03c5a6.json,raw_reports/benign/349e8acf6e570a51c265ac19c4971c7beca96820a8298d559e2db6199c03c5a6.json,223,9,1.0,0,0.0,1.0,2,0,1.0
150,34aa3b7c4490c649136d68d0bce9bc0c5f12e89bfd34837d01c9a0dfc16ab6f6,benign,,2010,Amd64,0,5.7917732353734,EXE,RanDS_Behaviour_Activity_Dataset/dataset/34/34aa3b7c4490c649136d68d0bce9bc0c5f12e89bfd34837d01c9a0dfc16ab6f6.json,raw_reports/benign/34aa3b7c4490c649136d68d0bce9bc0c5f12e89bfd34837d01c9a0dfc16ab6f6.json,98,9,1.0,14,0.14285714285714285,1.0,2,0,1.0
151,35cefe4bc4a98ad73dda4444c700aac9f749efde8f9de6a643a57a5b605bd4e7,benign,,2023,Amd64,1,6.5533824277982,EXE,RanDS_Behaviour_Activity_Dataset/dataset/35/35cefe4bc4a98ad73dda4444c700aac9f749efde8f9de6a643a57a5b605bd4e7.json,raw_reports/benign/35cefe4bc4a98ad73dda4444c700aac9f749efde8f9de6a643a57a5b605bd4e7.json,1108,14,1.0,48,0.04332129963898917,1.0,5,0,1.0
152,363f61889adaf3ee4bb95bda5f6d7cb1d7c906b61c310c8e98ad02717c5203f9,benign,,2016,I386,1,7.8317525734195,EXE,RanDS_Behaviour_Activity_Dataset/dataset/36/363f61889adaf3ee4bb95bda5f6d7cb1d7c906b61c310c8e98ad02717c5203f9.json,raw_reports/benign/363f61889adaf3ee4bb95bda5f6d7cb1d7c906b61c310c8e98ad02717c5203f9.json,396,15,1.0,14,0.03535353535353535,1.0,2,0,1.0
153,3647e7193bb7c3111c28ad71f4e8494c8208e5d91d0bb316f996c5413c486e56,benign,,2009,Amd64,1,6.7686623228614,EXE,RanDS_Behaviour_Activity_Dataset/dataset/36/3647e7193bb7c3111c28ad71f4e8494c8208e5d91d0bb316f996c5413c486e56.json,raw_reports/benign/3647e7193bb7c3111c28ad71f4e8494c8208e5d91d0bb316f996c5413c486e56.json,172,13,1.0,17,0.09883720930232558,1.0,4,0,1.0
154,3648e383096a94c235843dad4faddf8ec66e4da142b1a6543e7210afc0e84409,benign,,2018,Amd64,1,6.6726898345532,DLL,RanDS_Behaviour_Activity_Dataset/dataset/36/3648e383096a94c235843dad4faddf8ec66e4da142b1a6543e7210afc0e84409.json,raw_reports/benign/3648e383096a94c235843dad4faddf8ec66e4da142b1a6543e7210afc0e84409.json,48,4,0.5,44,0.9166666666666666,0.6666666666666666,2,3,NA
155,365c6f442dd8de92a41c79cd14c49bd932fa5067dd069c49bcff5817a6ced22d,benign,,2010,Amd64,0,5.7174128968535,DLL,RanDS_Behaviour_Activity_Dataset/dataset/36/365c6f442dd8de92a41c79cd14c49bd932fa5067dd069c49bcff5817a6ced22d.json,raw_reports/benign/365c6f442dd8de92a41c79cd14c49bd932fa5067dd069c49bcff5817a6ced22d.json,230,9,1.0,12,0.05217391304347826,1.0,4,0,1.0
156,368fa8da7478a441e07ff1c6ab2d20adc8e16b2dfe4dc9231c51f600e914ed92,benign,,2025,Amd64,0,5.9398961353267,DLL,RanDS_Behaviour_Activity_Dataset/dataset/36/368fa8da7478a441e07ff1c6ab2d20adc8e16b2dfe4dc9231c51f600e914ed92.json,raw_reports/benign/368fa8da7478a441e07ff1c6ab2d20adc8e16b2dfe4dc9231c51f600e914ed92.json,323,8,1.0,33,0.1021671826625387,1.0,7,0,1.0
157,369115343eb9f4f8f2e65b8e3a7071a21b474957ee71e7569518545bee999973,benign,,2020,I386,0,5.7041802512913,DLL,RanDS_Behaviour_Activity_Dataset/dataset/36/369115343eb9f4f8f2e65b8e3a7071a21b474957ee71e7569518545bee999973.json,raw_reports/benign/369115343eb9f4f8f2e65b8e3a7071a21b474957ee71e7569518545bee999973.json,420,11,1.0,98,0.23333333333333334,1.0,7,0,1.0
158,36a1f735a8bd1845e656c8e6ad2b373e3a8cd8e71cf886592293cc53c3416695,benign,,2024,Amd64,1,6.5708863379841,EXE,RanDS_Behaviour_Activity_Dataset/dataset/36/36a1f735a8bd1845e656c8e6ad2b373e3a8cd8e71cf886592293cc53c3416695.json,raw_reports/benign/36a1f735a8bd1845e656c8e6ad2b373e3a8cd8e71cf886592293cc53c3416695.json,166,11,1.0,6,0.03614457831325301,1.0,2,0,1.0
159,36b95f6f2cf48078c6b19fb452c87bb07e95c8804a5c6b526d349ac6227cab26,benign,,2015,Amd64,0,6.1046966686028,EXE,RanDS_Behaviour_Activity_Dataset/dataset/36/36b95f6f2cf48078c6b19fb452c87bb07e95c8804a5c6b526d349ac6227cab26.json,raw_reports/benign/36b95f6f2cf48078c6b19fb452c87bb07e95c8804a5c6b526d349ac6227cab26.json,161,10,1.0,7,0.043478260869565216,1.0,4,0,1.0
160,36f5fa1491734f179dcb5c1354b24b9fbd951de62dcd52e4e9dc80deda4841ca,benign,,2024,Amd64,0,5.024801555377,DLL,RanDS_Behaviour_Activity_Dataset/dataset/36/36f5fa1491734f179dcb5c1354b24b9fbd951de62dcd52e4e9dc80deda4841ca.json,raw_reports/benign/36f5fa1491734f179dcb5c1354b24b9fbd951de62dcd52e4e9dc80deda4841ca.json,176,13,1.0,12,0.06818181818181818,1.0,5,0,1.0
161,371ade0d01a71f28cd512926270eb5ba6aaa6bfe611b62ba1d344985f0334110,benign,,2015,I386,0,5.2347931302266,EXE,RanDS_Behaviour_Activity_Dataset/dataset/37/371ade0d01a71f28cd512926270eb5ba6aaa6bfe611b62ba1d344985f0334110.json,raw_reports/benign/371ade0d01a71f28cd512926270eb5ba6aaa6bfe611b62ba1d344985f0334110.json,379,8,1.0,0,0.0,0.5555555555555556,1,4,NA
162,3752f8ada04b2a86c0af028f08f3280bbbea30594160da6e527e8de1830390e8,benign,,2015,I386,0,5.8738429995486,EXE,RanDS_Behaviour_Activity_Dataset/dataset/37/3752f8ada04b2a86c0af028f08f3280bbbea30594160da6e527e8de1830390e8.json,raw_reports/benign/3752f8ada04b2a86c0af028f08f3280bbbea30594160da6e527e8de1830390e8.json,669,14,1.0,8,0.01195814648729447,1.0,5,0,1.0
163,378160cdd2e385d7fa9792fe27f5e288f7b80e5b3b577fb142b2865a55578406,benign,,2024,I386,1,6.8425106807042,DLL,RanDS_Behaviour_Activity_Dataset/dataset/37/378160cdd2e385d7fa9792fe27f5e288f7b80e5b3b577fb142b2865a55578406.json,raw_reports/benign/378160cdd2e385d7fa9792fe27f5e288f7b80e5b3b577fb142b2865a55578406.json,165,6,0.75,13,0.07878787878787878,1.0,3,0,1.0
164,382230aef7e1cfd81723d25d9cd83b3e0e00a66883fcf6de52ee21021253ef90,benign,,2023,Amd64,0,6.2931675434574,DLL,RanDS_Behaviour_Activity_Dataset/dataset/38/382230aef7e1cfd81723d25d9cd83b3e0e00a66883fcf6de52ee21021253ef90.json,raw_reports/benign/382230aef7e1cfd81723d25d9cd83b3e0e00a66883fcf6de52ee21021253ef90.json,491,11,1.0,9,0.018329938900203666,1.0,5,0,1.0
165,38437948c1bab1827963c08de7c82fbfa4fd3020f8b8c1ad02588878db4b29f7,benign,,2013,Amd64,1,6.6477437991989,DLL,RanDS_Behaviour_Activity_Dataset/dataset/38/38437948c1bab1827963c08de7c82fbfa4fd3020f8b8c1ad02588878db4b29f7.json,raw_reports/benign/38437948c1bab1827963c08de7c82fbfa4fd3020f8b8c1ad02588878db4b29f7.json,801,8,1.0,9,0.011235955056179775,0.7777777777777778,4,2,1.0
166,38d99caab042f6210c9ea23368c10f2560d971680d1ef73b2836331053887ea2,benign,,2010,Amd64,0,6.1897741480576,DLL,RanDS_Behaviour_Activity_Dataset/dataset/38/38d99caab042f6210c9ea23368c10f2560d971680d1ef73b2836331053887ea2.json,raw_reports/benign/38d99caab042f6210c9ea23368c10f2560d971680d1ef73b2836331053887ea2.json,269,9,1.0,24,0.08921933085501858,1.0,5,0,1.0
167,396b3f7641d4616914615fc52863e81da9bbf1190ae10bcb22af39dc4d69ea83,benign,,2024,I386,0,6.1703151245315,DLL,RanDS_Behaviour_Activity_Dataset/dataset/39/396b3f7641d4616914615fc52863e81da9bbf1190ae10bcb22af39dc4d69ea83.json,raw_reports/benign/396b3f7641d4616914615fc52863e81da9bbf1190ae10bcb22af39dc4d69ea83.json,135,6,0.75,12,0.08888888888888889,1.0,3,0,1.0
168,3984c103ab5cfa94f5372a6bfe258ce0e314b5915da32d9b040cfd5534602788,benign,,2019,I386,0,5.9863147004897,DLL,RanDS_Behaviour_Activity_Dataset/dataset/39/3984c103ab5cfa94f5372a6bfe258ce0e314b5915da32d9b040cfd5534602788.json,raw_reports/benign/3984c103ab5cfa94f5372a6bfe258ce0e314b5915da32d9b040cfd5534602788.json,127,8,1.0,23,0.18110236220472442,1.0,4,0,1.0
169,398c8b0c030498a16829de794edae32073ce22f29e67ad315234b1cb4ce7e2e3,benign,,2020,I386,1,6.5654249831809,DLL,RanDS_Behaviour_Activity_Dataset/dataset/39/398c8b0c030498a16829de794edae32073ce22f29e67ad315234b1cb4ce7e2e3.json,raw_reports/benign/398c8b0c030498a16829de794edae32073ce22f29e67ad315234b1cb4ce7e2e3.json,136,8,1.0,12,0.08823529411764706,1.0,4,0,1.0
170,39e2c30b5cad06289e11f09ece19279bb4850f9f39e4e2b703a7022f659d9e69,benign,,2014,I386,0,5.0083792310031,EXE,RanDS_Behaviour_Activity_Dataset/dataset/39/39e2c30b5cad06289e11f09ece19279bb4850f9f39e4e2b703a7022f659d9e69.json,raw_reports/benign/39e2c30b5cad06289e11f09ece19279bb4850f9f39e4e2b703a7022f659d9e69.json,471,14,1.0,8,0.016985138004246284,1.0,4,0,1.0
171,3ac03640bc639e4f1f55a1b8eb09f5bc2f6f345c613544e03efbfd478259b9f7,benign,,2020,I386,0,5.5384523354023,EXE,RanDS_Behaviour_Activity_Dataset/dataset/3a/3ac03640bc639e4f1f55a1b8eb09f5bc2f6f345c613544e03efbfd478259b9f7.json,raw_reports/benign/3ac03640bc639e4f1f55a1b8eb09f5bc2f6f345c613544e03efbfd478259b9f7.json,255,8,1.0,0,0.0,0.6666666666666666,2,3,1.0
172,3afad105056ea8ba3d9ccabbcdc37d5f0c54bca4151d7425e60ca1b6c181a5a9,benign,,2018,I386,1,6.7094008736756,DLL,RanDS_Behaviour_Activity_Dataset/dataset/3a/3afad105056ea8ba3d9ccabbcdc37d5f0c54bca4151d7425e60ca1b6c181a5a9.json,raw_reports/benign/3afad105056ea8ba3d9ccabbcdc37d5f0c54bca4151d7425e60ca1b6c181a5a9.json,479,12,1.0,40,0.08350730688935282,1.0,5,0,1.0
173,3b45cad4a0048596db1ae3c958341f7c8688609f5ca34be6c11de589c00364c3,benign,,2020,Amd64,0,6.2854661377257,DLL,RanDS_Behaviour_Activity_Dataset/dataset/3b/3b45cad4a0048596db1ae3c958341f7c8688609f5ca34be6c11de589c00364c3.json,raw_reports/benign/3b45cad4a0048596db1ae3c958341f7c8688609f5ca34be6c11de589c00364c3.json,610,13,1.0,95,0.1557377049180328,1.0,6,0,1.0
174,3b9e9700bf750295c574fc1af2483d74333fc15bf31681a0f2179d5400e0eb4c,benign,,2015,I386,1,6.8890236737137,EXE,RanDS_Behaviour_Activity_Dataset/dataset/3b/3b9e9700bf750295c574fc1af2483d74333fc15bf31681a0f2179d5400e0eb4c.json,raw_reports/benign/3b9e9700bf750295c574fc1af2483d74333fc15bf31681a0f2179d5400e0eb4c.json,242,11,1.0,0,0.0,1.0,2,0,1.0
175,3ba9dc2cd7c16ec6d039323862c73d11bfc918e4b283842609329c38417a3b54,benign,,2014,I386,1,7.9535487730946,EXE,RanDS_Behaviour_Activity_Dataset/dataset/3b/3ba9dc2cd7c16ec6d039323862c73d11bfc918e4b283842609329c38417a3b54.json,raw_reports/benign/3ba9dc2cd7c16ec6d039323862c73d11bfc918e4b283842609329c38417a3b54.json,202,10,1.0,4,0.019801980198019802,0.8888888888888888,2,1,1.0
176,3bea5015c84f5c32055fa53f10a0f2be8580ef7b595b4d08194c888da6abf5ad,benign,,2023,Amd64,1,7.9508118878123,EXE,RanDS_Behaviour_Activity_Dataset/dataset/3b/3bea5015c84f5c32055fa53f10a0f2be8580ef7b595b4d08194c888da6abf5ad.json,raw_reports/benign/3bea5015c84f5c32055fa53f10a0f2be8580ef7b595b4d08194c888da6abf5ad.json,1090,15,1.0,22,0.02018348623853211,1.0,4,0,1.0
177,3c15d9de1982c8ccf985a181eb1a688e4847d41283cb7b63fb981c5ada231f00,benign,,2023,I386,1,6.592494264557,DLL,RanDS_Behaviour_Activity_Dataset/dataset/3c/3c15d9de1982c8ccf985a181eb1a688e4847d41283cb7b63fb981c5ada231f00.json,raw_reports/benign/3c15d9de1982c8ccf985a181eb1a688e4847d41283cb7b63fb981c5ada231f00.json,417,11,1.0,23,0.05515587529976019,1.0,7,0,1.0
178,3d24f89bf8af75aa5337a81b1fb47c7cf45d885546b36869babc6cd801824b7e,benign,,2024,Amd64,0,6.2103851632711,DLL,RanDS_Behaviour_Activity_Dataset/dataset/3d/3d24f89bf8af75aa5337a81b1fb47c7cf45d885546b36869babc6cd801824b7e.json,raw_reports/benign/3d24f89bf8af75aa5337a81b1fb47c7cf45d885546b36869babc6cd801824b7e.json,864,12,1.0,16,0.018518518518518517,1.0,8,0,1.0
179,3d4452584aaa25d766f98b508df6a16beca82bc7b9d42d8d378c375a954644b9,benign,,2015,I386,0,4.612808620489,EXE,RanDS_Behaviour_Activity_Dataset/dataset/3d/3d4452584aaa25d766f98b508df6a16beca82bc7b9d42d8d378c375a954644b9.json,raw_reports/benign/3d4452584aaa25d766f98b508df6a16beca82bc7b9d42d8d378c375a954644b9.json,121,7,0.875,0,0.0,0.5555555555555556,1,4,NA
180,3d7c8943c8a4bec3a2aef47d17007e0e318b4dea615deca502e2836578ff90b1,benign,,2015,I386,0,6.4709233068763,EXE,RanDS_Behaviour_Activity_Dataset/dataset/3d/3d7c8943c8a4bec3a2aef47d17007e0e318b4dea615deca502e2836578ff90b1.json,raw_reports/benign/3d7c8943c8a4bec3a2aef47d17007e0e318b4dea615deca502e2836578ff90b1.json,1253,15,1.0,76,0.060654429369513166,1.0,7,0,1.0
181,3d826c2c4b9118c617c0672a69aa792b8c4e9217ad18fd744e6439e39e0989c0,benign,,2023,Amd64,0,5.9661006830104,DLL,RanDS_Behaviour_Activity_Dataset/dataset/3d/3d826c2c4b9118c617c0672a69aa792b8c4e9217ad18fd744e6439e39e0989c0.json,raw_reports/benign/3d826c2c4b9118c617c0672a69aa792b8c4e9217ad18fd744e6439e39e0989c0.json,95,6,0.75,10,0.10526315789473684,1.0,3,0,1.0
182,3d85bb579ce736072da09fa9bdc31fd026644ab886d1a8eba20d2308deb07f74,benign,,2013,I386,0,6.4848561942205,EXE,RanDS_Behaviour_Activity_Dataset/dataset/3d/3d85bb579ce736072da09fa9bdc31fd026644ab886d1a8eba20d2308deb07f74.json,raw_reports/benign/3d85bb579ce736072da09fa9bdc31fd026644ab886d1a8eba20d2308deb07f74.json,402,12,1.0,9,0.022388059701492536,1.0,4,0,1.0
183,3d8bf45ce6eb9ae796e7b4a225a6127299b38f358b3a79e6886b7fd387ee6cdf,benign,,2013,I386,0,5.6304425466753,DLL,RanDS_Behaviour_Activity_Dataset/dataset/3d/3d8bf45ce6eb9ae796e7b4a225a6127299b38f358b3a79e6886b7fd387ee6cdf.json,raw_reports/benign/3d8bf45ce6eb9ae796e7b4a225a6127299b38f358b3a79e6886b7fd387ee6cdf.json,100,7,0.875,4,0.04,0.7777777777777778,3,2,1.0
184,3d938623540170a3d7eaf0fdc8ce3c255e18ed8d5feeeab16bd8dab926325de5,benign,,2018,Amd64,0,6.2935505229718,EXE,RanDS_Behaviour_Activity_Dataset/dataset/3d/3d938623540170a3d7eaf0fdc8ce3c255e18ed8d5feeeab16bd8dab926325de5.json,raw_reports/benign/3d938623540170a3d7eaf0fdc8ce3c255e18ed8d5feeeab16bd8dab926325de5.json,34,8,1.0,5,0.14705882352941177,0.8888888888888888,2,1,1.0
185,3d9ebc81b1bd3234666c8ce403a5f17a726867c68ffa5de4ec8ee92599335658,benign,,2017,I386,1,6.9139482913889,DLL,RanDS_Behaviour_Activity_Dataset/dataset/3d/3d9ebc81b1bd3234666c8ce403a5f17a726867c68ffa5de4ec8ee92599335658.json,raw_reports/benign/3d9ebc81b1bd3234666c8ce403a5f17a726867c68ffa5de4ec8ee92599335658.json,195,9,1.0,48,0.24615384615384617,1.0,5,0,1.0
186,3db039b510671747e3a49c79c3f3261f36a8dd57dc4f4b5875c4f339a8640072,benign,,2010,I386,0,5.1658443527493,EXE,RanDS_Behaviour_Activity_Dataset/dataset/3d/3db039b510671747e3a49c79c3f3261f36a8dd57dc4f4b5875c4f339a8640072.json,raw_reports/benign/3db039b510671747e3a49c79c3f3261f36a8dd57dc4f4b5875c4f339a8640072.json,86,8,1.0,6,0.06976744186046512,1.0,2,0,1.0
187,3e2b82652a950241de488afbdab04837a1be28d0aca360d21ab8250ddffbc2e3,benign,,2010,Amd64,0,5.4253790583558,DLL,RanDS_Behaviour_Activity_Dataset/dataset/3e/3e2b82652a950241de488afbdab04837a1be28d0aca360d21ab8250ddffbc2e3.json,raw_reports/benign/3e2b82652a950241de488afbdab04837a1be28d0aca360d21ab8250ddffbc2e3.json,408,13,1.0,19,0.04656862745098039,1.0,7,0,1.0
188,3e338fe6849cfa95b4f641fb92757a87d5ac8e9a07fd5e9e395133d0f8baf789,benign,,2013,I386,0,6.4590437780634,EXE,RanDS_Behaviour_Activity_Dataset/dataset/3e/3e338fe6849cfa95b4f641fb92757a87d5ac8e9a07fd5e9e395133d0f8baf789.json,raw_reports/benign/3e338fe6849cfa95b4f641fb92757a87d5ac8e9a07fd5e9e395133d0f8baf789.json,784,14,1.0,9,0.011479591836734694,1.0,5,0,1.0
189,3e67280b8a301c3faf4bacc88fcdf0bdad8016aedf3c6ed9e725ceb85713cdd9,benign,,2025,I386,1,6.5555213952657,DLL,RanDS_Behaviour_Activity_Dataset/dataset/3e/3e67280b8a301c3faf4bacc88fcdf0bdad8016aedf3c6ed9e725ceb85713cdd9.json,raw_reports/benign/3e67280b8a301c3faf4bacc88fcdf0bdad8016aedf3c6ed9e725ceb85713cdd9.json,142,6,0.75,12,0.08450704225352113,1.0,3,0,1.0
190,3e917376199b13523dfb4fcc445583d9df0606ad0a6a02b111d8a3ee6b71e117,benign,,2012,Amd64,0,6.0769828179206,EXE,RanDS_Behaviour_Activity_Dataset/dataset/3e/3e917376199b13523dfb4fcc445583d9df0606ad0a6a02b111d8a3ee6b71e117.json,raw_reports/benign/3e917376199b13523dfb4fcc445583d9df0606ad0a6a02b111d8a3ee6b71e117.json,105,11,1.0,10,0.09523809523809523,1.0,3,0,1.0
191,3ed095822554719187a934ff420e74b7d6b546031fe52d4077219d87a5d57b43,benign,,2010,I386,0,4.3600047578809,EXE,RanDS_Behaviour_Activity_Dataset/dataset/3e/3ed095822554719187a934ff420e74b7d6b546031fe52d4077219d87a5d57b43.json,raw_reports/benign/3ed095822554719187a934ff420e74b7d6b546031fe52d4077219d87a5d57b43.json,196,11,1.0,7,0.03571428571428571,1.0,2,0,1.0
192,3ee17bf2054bd6822b0d1f3557ae3f32e7fbefa731b34a37ee51746da471e1d4,benign,,2025,I386,1,7.0237142302508,DLL,RanDS_Behaviour_Activity_Dataset/dataset/3e/3ee17bf2054bd6822b0d1f3557ae3f32e7fbefa731b34a37ee51746da471e1d4.json,raw_reports/benign/3ee17bf2054bd6822b0d1f3557ae3f32e7fbefa731b34a37ee51746da471e1d4.json,498,10,1.0,22,0.04417670682730924,1.0,7,0,1.0
193,3ee50d12c964aa9b90137a468dbcaf55b7987de2eef43e444ea9d07238ecccfd,benign,,2025,Amd64,0,6.4063379810551,EXE,RanDS_Behaviour_Activity_Dataset/dataset/3e/3ee50d12c964aa9b90137a468dbcaf55b7987de2eef43e444ea9d07238ecccfd.json,raw_reports/benign/3ee50d12c964aa9b90137a468dbcaf55b7987de2eef43e444ea9d07238ecccfd.json,44,9,1.0,9,0.20454545454545456,0.8888888888888888,2,1,1.0
194,3f0be2bf92014c7ffc317de9716cc9b9e16081223dd044922c8ee0e427f5d884,benign,,2014,I386,1,6.5338782527761,EXE,RanDS_Behaviour_Activity_Dataset/dataset/3f/3f0be2bf92014c7ffc317de9716cc9b9e16081223dd044922c8ee0e427f5d884.json,raw_reports/benign/3f0be2bf92014c7ffc317de9716cc9b9e16081223dd044922c8ee0e427f5d884.json,230,11,1.0,7,0.030434782608695653,1.0,3,0,1.0
195,3f59c3598914e51b8daffd40938ffa643fd0261f81cabb67f002b5f3a2de8f10,benign,,2015,I386,0,5.794126643836,EXE,RanDS_Behaviour_Activity_Dataset/dataset/3f/3f59c3598914e51b8daffd40938ffa643fd0261f81cabb67f002b5f3a2de8f10.json,raw_reports/benign/3f59c3598914e51b8daffd40938ffa643fd0261f81cabb67f002b5f3a2de8f10.json,130,7,0.875,0,0.0,0.5555555555555556,2,4,NA
196,3fdcefeefbb492693de042d9849c233c0fb5090a9a3c17f17da6c0c2a7b8c9ed,benign,,2014,I386,1,6.6698515891831,EXE,RanDS_Behaviour_Activity_Dataset/dataset/3f/3fdcefeefbb492693de042d9849c233c0fb5090a9a3c17f17da6c0c2a7b8c9ed.json,raw_reports/benign/3fdcefeefbb492693de042d9849c233c0fb5090a9a3c17f17da6c0c2a7b8c9ed.json,582,13,1.0,8,0.013745704467353952,1.0,5,0,1.0
197,3fff3645d6003b77fb09b69ec8e0ef49186b09f12debd4abbda77d7c69fedb7d,benign,,2014,Amd64,0,6.0480070456488,EXE,RanDS_Behaviour_Activity_Dataset/dataset/3f/3fff3645d6003b77fb09b69ec8e0ef49186b09f12debd4abbda77d7c69fedb7d.json,raw_reports/benign/3fff3645d6003b77fb09b69ec8e0ef49186b09f12debd4abbda77d7c69fedb7d.json,195,12,1.0,12,0.06153846153846154,1.0,3,0,1.0
198,40462b51b3cae21e5650525f90bab5fcb6c1b44ea4c2dbb8aa0991a0f2ee7837,benign,,2014,Amd64,0,6.3472198152025,EXE,RanDS_Behaviour_Activity_Dataset/dataset/40/40462b51b3cae21e5650525f90bab5fcb6c1b44ea4c2dbb8aa0991a0f2ee7837.json,raw_reports/benign/40462b51b3cae21e5650525f90bab5fcb6c1b44ea4c2dbb8aa0991a0f2ee7837.json,87,10,1.0,6,0.06896551724137931,1.0,2,0,1.0
199,4056b696a6f0cf25da18072232dcff384d1c73ac2f3346b076e39c3630752454,benign,,2018,I386,0,6.4309573332942,EXE,RanDS_Behaviour_Activity_Dataset/dataset/40/4056b696a6f0cf25da18072232dcff384d1c73ac2f3346b076e39c3630752454.json,raw_reports/benign/4056b696a6f0cf25da18072232dcff384d1c73ac2f3346b076e39c3630752454.json,237,13,1.0,8,0.03375527426160337,1.0,2,0,1.0
200,40c8a2eb7c4eff40580db58dc6c5d234a31aa9b3d6be8c4c9e629e2026f43943,benign,,2015,Amd64,0,6.3295818255428,EXE,RanDS_Behaviour_Activity_Dataset/dataset/40/40c8a2eb7c4eff40580db58dc6c5d234a31aa9b3d6be8c4c9e629e2026f43943.json,raw_reports/benign/40c8a2eb7c4eff40580db58dc6c5d234a31aa9b3d6be8c4c9e629e2026f43943.json,92,8,1.0,6,0.06521739130434782,1.0,2,0,NA
201,40de2569dfe9248a20ea2027b8512e4540e951ab0c996c8e300c1c859ba0144d,benign,,2010,Amd64,0,5.0409180597341,DLL,RanDS_Behaviour_Activity_Dataset/dataset/40/40de2569dfe9248a20ea2027b8512e4540e951ab0c996c8e300c1c859ba0144d.json,raw_reports/benign/40de2569dfe9248a20ea2027b8512e4540e951ab0c996c8e300c1c859ba0144d.json,246,9,1.0,14,0.056910569105691054,1.0,5,0,1.0
202,40f17b8d6484bd73a8dee96d2d7da1ebe8b3def00d393f23a1e4b0a47857e6d1,benign,,2023,I386,0,6.4895783902062,EXE,RanDS_Behaviour_Activity_Dataset/dataset/40/40f17b8d6484bd73a8dee96d2d7da1ebe8b3def00d393f23a1e4b0a47857e6d1.json,raw_reports/benign/40f17b8d6484bd73a8dee96d2d7da1ebe8b3def00d393f23a1e4b0a47857e6d1.json,157,12,1.0,8,0.050955414012738856,1.0,3,0,1.0
203,411e81d89877bd3765a3548e1968fb72c8d1394a20fc4bc519f25c6f7f0a3273,benign,,2024,I386,0,6.3066318316913,DLL,RanDS_Behaviour_Activity_Dataset/dataset/41/411e81d89877bd3765a3548e1968fb72c8d1394a20fc4bc519f25c6f7f0a3273.json,raw_reports/benign/411e81d89877bd3765a3548e1968fb72c8d1394a20fc4bc519f25c6f7f0a3273.json,294,10,1.0,18,0.061224489795918366,1.0,4,0,1.0
204,416bec6b3103f9a4879435bf62671803564cc5e86794420b2083184337c81b18,benign,,2015,Amd64,0,6.2880857880613,DLL,RanDS_Behaviour_Activity_Dataset/dataset/41/416bec6b3103f9a4879435bf62671803564cc5e86794420b2083184337c81b18.json,raw_reports/benign/416bec6b3103f9a4879435bf62671803564cc5e86794420b2083184337c81b18.json,415,13,1.0,25,0.060240963855421686,1.0,6,0,1.0
205,41931f2a2debb9d840ce481cd5c73a38ea50137261ce24134bd2923067979fba,benign,,2015,I386,1,6.5181454068585,EXE,RanDS_Behaviour_Activity_Dataset/dataset/41/41931f2a2debb9d840ce481cd5c73a38ea50137261ce24134bd2923067979fba.json,raw_reports/benign/41931f2a2debb9d840ce481cd5c73a38ea50137261ce24134bd2923067979fba.json,77,7,0.875,0,0.0,0.6666666666666666,3,3,NA
206,41dadb44536861a309467ee5bff81cc23acb78acd32865db2a3d12de60eb0f45,benign,,2024,Amd64,0,6.4102464364514,EXE,RanDS_Behaviour_Activity_Dataset/dataset/41/41dadb44536861a309467ee5bff81cc23acb78acd32865db2a3d12de60eb0f45.json,raw_reports/benign/41dadb44536861a309467ee5bff81cc23acb78acd32865db2a3d12de60eb0f45.json,137,9,1.0,16,0.11678832116788321,1.0,3,0,1.0
207,41eeb645d553fb119449d521bad24623e24ec9eb1f3ba9047bb8ae1781301080,benign,,2024,Amd64,0,5.9995057116724,EXE,RanDS_Behaviour_Activity_Dataset/dataset/41/41eeb645d553fb119449d521bad24623e24ec9eb1f3ba9047bb8ae1781301080.json,raw_reports/benign/41eeb645d553fb119449d521bad24623e24ec9eb1f3ba9047bb8ae1781301080.json,77,11,1.0,13,0.16883116883116883,1.0,2,0,1.0
208,423ddd8e44678d0fc086d936162b551ad97787a964a50259040bf16a116b861c,benign,,2023,Amd64,0,5.7263708770463,DLL,RanDS_Behaviour_Activity_Dataset/dataset/42/423ddd8e44678d0fc086d936162b551ad97787a964a50259040bf16a116b861c.json,raw_reports/benign/423ddd8e44678d0fc086d936162b551ad97787a964a50259040bf16a116b861c.json,366,11,1.0,23,0.06284153005464481,1.0,7,0,1.0
209,424360b4ec13cfa97cfd048f0b70444391cd5202006978990675e81b445e84f4,benign,,2024,Amd64,0,6.2994376580099,DLL,RanDS_Behaviour_Activity_Dataset/dataset/42/424360b4ec13cfa97cfd048f0b70444391cd5202006978990675e81b445e84f4.json,raw_reports/benign/424360b4ec13cfa97cfd048f0b70444391cd5202006978990675e81b445e84f4.json,86,7,0.875,30,0.3488372093023256,1.0,4,0,1.0
210,427b345b0817f512ab8ea3389d41ec956bf6e0380012bbeed229e822a2df82b1,benign,,2022,I386,0,4.5511114874798,EXE,RanDS_Behaviour_Activity_Dataset/dataset/42/427b345b0817f512ab8ea3389d41ec956bf6e0380012bbeed229e822a2df82b1.json,raw_reports/benign/427b345b0817f512ab8ea3389d41ec956bf6e0380012bbeed229e822a2df82b1.json,547,14,1.0,10,0.018281535648994516,1.0,3,0,1.0
211,42befbd35cb2bd7fa83530404dc969ffaa43a4fa3b4c822e65c7dca295b5063f,benign,,2011,I386,0,5.3411842817072,EXE,RanDS_Behaviour_Activity_Dataset/dataset/42/42befbd35cb2bd7fa83530404dc969ffaa43a4fa3b4c822e65c7dca295b5063f.json,raw_reports/benign/42befbd35cb2bd7fa83530404dc969ffaa43a4fa3b4c822e65c7dca295b5063f.json,94,6,0.75,0,0.0,0.5555555555555556,1,4,NA
212,42de17e33cb67ce6c09a607fb769159b4b193e4c32c2781b35949f3fb23ea00e,benign,,2016,I386,0,5.2514073044423,EXE,RanDS_Behaviour_Activity_Dataset/dataset/42/42de17e33cb67ce6c09a607fb769159b4b193e4c32c2781b35949f3fb23ea00e.json,raw_reports/benign/42de17e33cb67ce6c09a607fb769159b4b193e4c32c2781b35949f3fb23ea00e.json,140,5,0.625,0,0.0,0.1111111111111111,1,8,NA
213,4308ad2400cf549248c9319986ad24693aabb2a5ebd7fb71d61cbd8c5e4d6d46,benign,,2013,I386,0,5.3609589225799,EXE,RanDS_Behaviour_Activity_Dataset/dataset/43/4308ad2400cf549248c9319986ad24693aabb2a5ebd7fb71d61cbd8c5e4d6d46.json,raw_reports/benign/4308ad2400cf549248c9319986ad24693aabb2a5ebd7fb71d61cbd8c5e4d6d46.json,117,7,0.875,0,0.0,0.5555555555555556,1,4,NA
214,430d797d9bf5f50e0d1b4ec3a6c7486ebae961724421253c0213b9d604526359,benign,,2016,I386,0,6.0737015688393,DLL,RanDS_Behaviour_Activity_Dataset/dataset/43/430d797d9bf5f50e0d1b4ec3a6c7486ebae961724421253c0213b9d604526359.json,raw_reports/benign/430d797d9bf5f50e0d1b4ec3a6c7486ebae961724421253c0213b9d604526359.json,473,8,1.0,6,0.012684989429175475,0.7777777777777778,4,2,1.0
215,43353b9cbc4e46f0463e0502550b964609edc594a41dc457e32192c2113e1674,benign,,2017,I386,0,2.4961246941932,EXE,RanDS_Behaviour_Activity_Dataset/dataset/43/43353b9cbc4e46f0463e0502550b964609edc594a41dc457e32192c2113e1674.json,raw_reports/benign/43353b9cbc4e46f0463e0502550b964609edc594a41dc457e32192c2113e1674.json,493,15,1.0,20,0.04056795131845842,1.0,3,0,1.0
216,434a74399a84cad48d3085d24c6d851eb5b4a6fc436775326dbf2750f59c352a,benign,,2023,Amd64,0,6.1821808441749,DLL,RanDS_Behaviour_Activity_Dataset/dataset/43/434a74399a84cad48d3085d24c6d851eb5b4a6fc436775326dbf2750f59c352a.json,raw_reports/benign/434a74399a84cad48d3085d24c6d851eb5b4a6fc436775326dbf2750f59c352a.json,436,9,1.0,11,0.02522935779816514,1.0,5,0,1.0
217,434ccfa3551dd85c439959e8d67d0bb89d505a9f8df12b2e4ae008f7ff9d61b7,benign,,2011,I386,0,4.6834875591745,EXE,RanDS_Behaviour_Activity_Dataset/dataset/43/434ccfa3551dd85c439959e8d67d0bb89d505a9f8df12b2e4ae008f7ff9d61b7.json,raw_reports/benign/434ccfa3551dd85c439959e8d67d0bb89d505a9f8df12b2e4ae008f7ff9d61b7.json,238,12,1.0,10,0.04201680672268908,1.0,2,0,1.0
218,43555f602a8e687a3bb91a752d1d99dd43a77b2c170aa52a4f21b43d6bbdd2d4,benign,,2022,I386,0,4.8287646280366,EXE,RanDS_Behaviour_Activity_Dataset/dataset/43/43555f602a8e687a3bb91a752d1d99dd43a77b2c170aa52a4f21b43d6bbdd2d4.json,raw_reports/benign/43555f602a8e687a3bb91a752d1d99dd43a77b2c170aa52a4f21b43d6bbdd2d4.json,159,10,1.0,10,0.06289308176100629,1.0,2,0,1.0
219,4360959a4d232b27c2e07f2b5745ac9be8965253638ba682be3cd905a87fb609,benign,,2014,I386,0,4.5455302332611,EXE,RanDS_Behaviour_Activity_Dataset/dataset/43/4360959a4d232b27c2e07f2b5745ac9be8965253638ba682be3cd905a87fb609.json,raw_reports/benign/4360959a4d232b27c2e07f2b5745ac9be8965253638ba682be3cd905a87fb609.json,106,6,0.75,0,0.0,0.5555555555555556,1,4,NA
220,436155d49392ffaf80626d51c10515bf8995b1777b18645497450080e129402b,benign,,2013,Amd64,0,5.4202264309704,DLL,RanDS_Behaviour_Activity_Dataset/dataset/43/436155d49392ffaf80626d51c10515bf8995b1777b18645497450080e129402b.json,raw_reports/benign/436155d49392ffaf80626d51c10515bf8995b1777b18645497450080e129402b.json,116,8,1.0,13,0.11206896551724138,1.0,4,0,1.0
221,444a0b9836b0116edc50e4226c5b6baedd4f92fc099dab21cfc246aba0c24975,benign,,2010,Amd64,1,6.5392014049574,DLL,RanDS_Behaviour_Activity_Dataset/dataset/44/444a0b9836b0116edc50e4226c5b6baedd4f92fc099dab21cfc246aba0c24975.json,raw_reports/benign/444a0b9836b0116edc50e4226c5b6baedd4f92fc099dab21cfc246aba0c24975.json,253,9,1.0,14,0.05533596837944664,1.0,4,0,1.0
222,44a496a5c1edbcbf8d564c024a64c38ac026ffd91b9b9df466ba3c9c73792645,benign,,2024,I386,1,6.5776697195655,DLL,RanDS_Behaviour_Activity_Dataset/dataset/44/44a496a5c1edbcbf8d564c024a64c38ac026ffd91b9b9df466ba3c9c73792645.json,raw_reports/benign/44a496a5c1edbcbf8d564c024a64c38ac026ffd91b9b9df466ba3c9c73792645.json,400,12,1.0,19,0.0475,1.0,5,0,1.0
223,44bdd7cb47538c9723fed23b4bc75162995e4808637dfcd8b2a7ea507b2e4650,benign,,2013,I386,1,6.9271588568999,DLL,RanDS_Behaviour_Activity_Dataset/dataset/44/44bdd7cb47538c9723fed23b4bc75162995e4808637dfcd8b2a7ea507b2e4650.json,raw_reports/benign/44bdd7cb47538c9723fed23b4bc75162995e4808637dfcd8b2a7ea507b2e4650.json,144,6,0.75,18,0.125,1.0,4,0,1.0
224,44d0b2e7052c4610873f0014682f311f37f58196c40dfe7b0a869a1ea2715c11,benign,,2024,I386,1,6.6783866773916,EXE,RanDS_Behaviour_Activity_Dataset/dataset/44/44d0b2e7052c4610873f0014682f311f37f58196c40dfe7b0a869a1ea2715c11.json,raw_reports/benign/44d0b2e7052c4610873f0014682f311f37f58196c40dfe7b0a869a1ea2715c11.json,156,11,1.0,13,0.08333333333333333,1.0,2,0,1.0
225,451a934f5797ed124d9cf2bacf96a3b687248a1549c579afcc8cf3436d977342,benign,,2010,I386,1,6.8067313190628,DLL,RanDS_Behaviour_Activity_Dataset/dataset/45/451a934f5797ed124d9cf2bacf96a3b687248a1549c579afcc8cf3436d977342.json,raw_reports/benign/451a934f5797ed124d9cf2bacf96a3b687248a1549c579afcc8cf3436d977342.json,58,6,0.75,12,0.20689655172413793,0.7777777777777778,3,2,1.0
226,453be50e00bb79c29fc25039f672ce8063d1c37afcc7e6a4188a4c992ff4cc5c,benign,,2009,I386,0,6.1179585060737,EXE,RanDS_Behaviour_Activity_Dataset/dataset/45/453be50e00bb79c29fc25039f672ce8063d1c37afcc7e6a4188a4c992ff4cc5c.json,raw_reports/benign/453be50e00bb79c29fc25039f672ce8063d1c37afcc7e6a4188a4c992ff4cc5c.json,359,14,1.0,12,0.033426183844011144,1.0,4,0,1.0
227,454dffbb69b1664fa37abaeec313aac5b7d0124b8f7b6ed0d9b7e92cbecf57f5,benign,,2009,I386,0,5.9782058824875,EXE,RanDS_Behaviour_Activity_Dataset/dataset/45/454dffbb69b1664fa37abaeec313aac5b7d0124b8f7b6ed0d9b7e92cbecf57f5.json,raw_reports/benign/454dffbb69b1664fa37abaeec313aac5b7d0124b8f7b6ed0d9b7e92cbecf57f5.json,137,7,0.875,0,0.0,0.5555555555555556,1,4,NA
228,4563592572ce059bb83946b58a4975230d09d00b1a753468842d9dc77ddbc0af,benign,,2009,I386,0,6.4112074079773,EXE,RanDS_Behaviour_Activity_Dataset/dataset/45/4563592572ce059bb83946b58a4975230d09d00b1a753468842d9dc77ddbc0af.json,raw_reports/benign/4563592572ce059bb83946b58a4975230d09d00b1a753468842d9dc77ddbc0af.json,267,11,1.0,11,0.04119850187265917,1.0,4,0,1.0
229,45916f1576be104da3978ac0c570f1554fd65bc7e4a648dbfbbae8b515a663c1,benign,,2024,Amd64,0,5.95152742761,DLL,RanDS_Behaviour_Activity_Dataset/dataset/45/45916f1576be104da3978ac0c570f1554fd65bc7e4a648dbfbbae8b515a663c1.json,raw_reports/benign/45916f1576be104da3978ac0c570f1554fd65bc7e4a648dbfbbae8b515a663c1.json,457,13,1.0,26,0.05689277899343545,1.0,6,0,1.0
230,45b6eef5bbf223cf8ff78f5014b68a72f0bc2cceaed030dece0a1abacf88f1f8,benign,,2012,I386,0,6.2916081535722,DLL,RanDS_Behaviour_Activity_Dataset/dataset/45/45b6eef5bbf223cf8ff78f5014b68a72f0bc2cceaed030dece0a1abacf88f1f8.json,raw_reports/benign/45b6eef5bbf223cf8ff78f5014b68a72f0bc2cceaed030dece0a1abacf88f1f8.json,2084,12,1.0,8,0.003838771593090211,1.0,6,0,1.0
231,45bdf89c40a35f2bb5e8a49a8fe3b67a9984adb4f65bc40ebf4e320c50194218,benign,,2009,I386,0,5.0827083702235,DLL,RanDS_Behaviour_Activity_Dataset/dataset/45/45bdf89c40a35f2bb5e8a49a8fe3b67a9984adb4f65bc40ebf4e320c50194218.json,raw_reports/benign/45bdf89c40a35f2bb5e8a49a8fe3b67a9984adb4f65bc40ebf4e320c50194218.json,164,6,0.75,7,0.042682926829268296,1.0,3,0,1.0
232,463a5e9281ce17675ee2c6e2fa1704bd69716fc308c8e01e90f20f0f4d2df7a9,benign,,2010,I386,0,6.4977786062976,DLL,RanDS_Behaviour_Activity_Dataset/dataset/46/463a5e9281ce17675ee2c6e2fa1704bd69716fc308c8e01e90f20f0f4d2df7a9.json,raw_reports/benign/463a5e9281ce17675ee2c6e2fa1704bd69716fc308c8e01e90f20f0f4d2df7a9.json,159,8,1.0,11,0.06918238993710692,1.0,4,0,1.0
233,468d01f67d21c8c7f5645ecabc8026c334781bd4bef8a5f1e5dc38738ab7cf5a,benign,,2017,I386,0,5.4194628390494,EXE,RanDS_Behaviour_Activity_Dataset/dataset/46/468d01f67d21c8c7f5645ecabc8026c334781bd4bef8a5f1e5dc38738ab7cf5a.json,raw_reports/benign/468d01f67d21c8c7f5645ecabc8026c334781bd4bef8a5f1e5dc38738ab7cf5a.json,142,8,1.0,0,0.0,0.6666666666666666,1,3,1.0
234,46a2338ae2327eb11ee057a231d72b66a552d1b9df1d5d69cceb2c3a89e61ec7,benign,,2025,I386,1,6.5398034008694,DLL,RanDS_Behaviour_Activity_Dataset/dataset/46/46a2338ae2327eb11ee057a231d72b66a552d1b9df1d5d69cceb2c3a89e61ec7.json,raw_reports/benign/46a2338ae2327eb11ee057a231d72b66a552d1b9df1d5d69cceb2c3a89e61ec7.json,506,13,1.0,36,0.07114624505928854,1.0,6,0,1.0
235,46b1291d462e06facbfb1e051874975415f43b0dff43398359031cc038b908b2,benign,,2010,I386,0,5.1122075712405,EXE,RanDS_Behaviour_Activity_Dataset/dataset/46/46b1291d462e06facbfb1e051874975415f43b0dff43398359031cc038b908b2.json,raw_reports/benign/46b1291d462e06facbfb1e051874975415f43b0dff43398359031cc038b908b2.json,748,15,1.0,18,0.02406417112299465,1.0,5,0,1.0
236,46d6ed59a5659c7698e2879663287e814eb8f54a5cb782592c730e4b73f18411,benign,,2014,Amd64,1,7.0979748829685,EXE,RanDS_Behaviour_Activity_Dataset/dataset/46/46d6ed59a5659c7698e2879663287e814eb8f54a5cb782592c730e4b73f18411.json,raw_reports/benign/46d6ed59a5659c7698e2879663287e814eb8f54a5cb782592c730e4b73f18411.json,246,9,1.0,7,0.028455284552845527,1.0,3,0,1.0
237,46e8612c91e973de8a71083b8a123d907006184c67937e2434157a3bd08a4de5,benign,,2025,Amd64,1,6.6220077700912,DLL,RanDS_Behaviour_Activity_Dataset/dataset/46/46e8612c91e973de8a71083b8a123d907006184c67937e2434157a3bd08a4de5.json,raw_reports/benign/46e8612c91e973de8a71083b8a123d907006184c67937e2434157a3bd08a4de5.json,474,14,1.0,13,0.027426160337552744,1.0,6,0,1.0
238,46f5bd66696d6726264328afade75b4196211d35f1b76481ba0070453fde7565,benign,,2012,I386,1,6.6024317409212,DLL,RanDS_Behaviour_Activity_Dataset/dataset/46/46f5bd66696d6726264328afade75b4196211d35f1b76481ba0070453fde7565.json,raw_reports/benign/46f5bd66696d6726264328afade75b4196211d35f1b76481ba0070453fde7565.json,132,13,1.0,0,0.0,0.8888888888888888,6,1,1.0
239,470c8335677bde2f0b2585c5e4c425724381fc1c893f22440a8eba8a2c19784f,benign,,2013,Amd64,0,6.0141097437708,DLL,RanDS_Behaviour_Activity_Dataset/dataset/47/470c8335677bde2f0b2585c5e4c425724381fc1c893f22440a8eba8a2c19784f.json,raw_reports/benign/470c8335677bde2f0b2585c5e4c425724381fc1c893f22440a8eba8a2c19784f.json,853,8,1.0,8,0.009378663540445486,0.7777777777777778,2,2,1.0
240,470fe8f695fe6661b1579cf3de287da79e499085db529a815c7b4ed64c15fa69,benign,,2015,I386,0,5.4362989921172,EXE,RanDS_Behaviour_Activity_Dataset/dataset/47/470fe8f695fe6661b1579cf3de287da79e499085db529a815c7b4ed64c15fa69.json,raw_reports/benign/470fe8f695fe6661b1579cf3de287da79e499085db529a815c7b4ed64c15fa69.json,116,7,0.875,0,0.0,0.5555555555555556,2,4,NA
241,474f3b9232c4a5275784cd54f4ee4876dde8a9d35eb5d25e7073049a111aa3de,benign,,2015,I386,0,5.0690961487264,EXE,RanDS_Behaviour_Activity_Dataset/dataset/47/474f3b9232c4a5275784cd54f4ee4876dde8a9d35eb5d25e7073049a111aa3de.json,raw_reports/benign/474f3b9232c4a5275784cd54f4ee4876dde8a9d35eb5d25e7073049a111aa3de.json,376,8,1.0,0,0.0,0.5555555555555556,1,4,NA
242,475ab98b7722e965bd38c8fa6ed23502309582ccf294ff1061cb290c7988f0d1,benign,,2022,Amd64,0,6.442879101937,DLL,RanDS_Behaviour_Activity_Dataset/dataset/47/475ab98b7722e965bd38c8fa6ed23502309582ccf294ff1061cb290c7988f0d1.json,raw_reports/benign/475ab98b7722e965bd38c8fa6ed23502309582ccf294ff1061cb290c7988f0d1.json,980,14,1.0,9,0.009183673469387756,1.0,7,0,1.0
243,47687c7db0d4107b82898d92a45992858d9452089d2ff7a3290ac79e4f5943da,benign,,2010,I386,1,6.5778755257087,EXE,RanDS_Behaviour_Activity_Dataset/dataset/47/47687c7db0d4107b82898d92a45992858d9452089d2ff7a3290ac79e4f5943da.json,raw_reports/benign/47687c7db0d4107b82898d92a45992858d9452089d2ff7a3290ac79e4f5943da.json,101,6,0.75,0,0.0,0.5555555555555556,1,4,NA
244,477b3a0e1bfe833c79406dffbb36bb49d0ebeb64e2b51e3554eb9f9b913b2868,benign,,2010,I386,0,5.8011405759494,EXE,RanDS_Behaviour_Activity_Dataset/dataset/47/477b3a0e1bfe833c79406dffbb36bb49d0ebeb64e2b51e3554eb9f9b913b2868.json,raw_reports/benign/477b3a0e1bfe833c79406dffbb36bb49d0ebeb64e2b51e3554eb9f9b913b2868.json,85,9,1.0,5,0.058823529411764705,1.0,2,0,1.0
245,47b3c091ff42a93e913d777f5db830f9ccc2d150ce610d4d7e74c8c0f7510167,benign,,2014,Amd64,0,4.7536239246474,EXE,RanDS_Behaviour_Activity_Dataset/dataset/47/47b3c091ff42a93e913d777f5db830f9ccc2d150ce610d4d7e74c8c0f7510167.json,raw_reports/benign/47b3c091ff42a93e913d777f5db830f9ccc2d150ce610d4d7e74c8c0f7510167.json,59,10,1.0,6,0.1016949152542373,1.0,2,0,1.0
246,47c90b40632e70c9327ef60f09a442e5f35563d5602011ea2522a9cf1b97fa87,benign,,2024,Amd64,0,6.426027939612,DLL,RanDS_Behaviour_Activity_Dataset/dataset/47/47c90b40632e70c9327ef60f09a442e5f35563d5602011ea2522a9cf1b97fa87.json,raw_reports/benign/47c90b40632e70c9327ef60f09a442e5f35563d5602011ea2522a9cf1b97fa87.json,125,6,0.75,10,0.08,1.0,3,0,1.0
247,47cdbc7f5eebaf039150559f0b13754643486f105546158ccf83b585c859f99f,benign,,2013,Amd64,0,5.7823946691243,DLL,RanDS_Behaviour_Activity_Dataset/dataset/47/47cdbc7f5eebaf039150559f0b13754643486f105546158ccf83b585c859f99f.json,raw_reports/benign/47cdbc7f5eebaf039150559f0b13754643486f105546158ccf83b585c859f99f.json,375,9,1.0,17,0.04533333333333334,1.0,4,0,1.0
248,47da4dcaf78d3eae450f03c81dffdc3c433ef72237adfad2abbab7ba021c53d3,benign,,2015,I386,0,6.4938845912354,DLL,RanDS_Behaviour_Activity_Dataset/dataset/47/47da4dcaf78d3eae450f03c81dffdc3c433ef72237adfad2abbab7ba021c53d3.json,raw_reports/benign/47da4dcaf78d3eae450f03c81dffdc3c433ef72237adfad2abbab7ba021c53d3.json,300,7,0.875,4,0.013333333333333334,0.6666666666666666,4,3,1.0
249,4874d493ae554eee4c6278a103505107c5164bd516699f4dfd631629b13fe65b,benign,,2015,Amd64,0,6.3309985527847,DLL,RanDS_Behaviour_Activity_Dataset/dataset/48/4874d493ae554eee4c6278a103505107c5164bd516699f4dfd631629b13fe65b.json,raw_reports/benign/4874d493ae554eee4c6278a103505107c5164bd516699f4dfd631629b13fe65b.json,521,10,1.0,5,0.009596928982725527,1.0,7,0,1.0
250,48850fb7229d99e48c3a749556684e962587058d612c659c58f8b8db2d00abee,benign,,2013,I386,0,6.3917271380148,EXE,RanDS_Behaviour_Activity_Dataset/dataset/48/48850fb7229d99e48c3a749556684e962587058d612c659c58f8b8db2d00abee.json,raw_reports/benign/48850fb7229d99e48c3a749556684e962587058d612c659c58f8b8db2d00abee.json,427,14,1.0,19,0.04449648711943794,1.0,7,0,1.0
251,48b391e6f09c532419d4bb279f9d3b6192dca8ea8d0ab83ab9fb2e370abe9c53,benign,,2023,Amd64,0,5.6617169209239,DLL,RanDS_Behaviour_Activity_Dataset/dataset/48/48b391e6f09c532419d4bb279f9d3b6192dca8ea8d0ab83ab9fb2e370abe9c53.json,raw_reports/benign/48b391e6f09c532419d4bb279f9d3b6192dca8ea8d0ab83ab9fb2e370abe9c53.json,419,12,1.0,17,0.0405727923627685,1.0,5,0,1.0
252,48ded37bddabfaf6ad0f6ca4b9c8ee4a493010875fdc0fab82554403abe2f522,benign,,2014,I386,0,2.5975350689718,EXE,RanDS_Behaviour_Activity_Dataset/dataset/48/48ded37bddabfaf6ad0f6ca4b9c8ee4a493010875fdc0fab82554403abe2f522.json,raw_reports/benign/48ded37bddabfaf6ad0f6ca4b9c8ee4a493010875fdc0fab82554403abe2f522.json,128,9,1.0,1,0.0078125,0.6666666666666666,2,3,NA
253,49445c2e4d971030d89ff8272dbb5af9e8c3150bdd4a70fe47c0d4c419226954,benign,,2024,I386,0,6.4263153857442,DLL,RanDS_Behaviour_Activity_Dataset/dataset/49/49445c2e4d971030d89ff8272dbb5af9e8c3150bdd4a70fe47c0d4c419226954.json,raw_reports/benign/49445c2e4d971030d89ff8272dbb5af9e8c3150bdd4a70fe47c0d4c419226954.json,183,8,1.0,39,0.21311475409836064,1.0,4,0,1.0
254,496e1a21645abaa90fa544c025e6f0de1cbcbd5d060007a8a9e2fb5787655d0e,benign,,2011,I386,1,7.044986582936,DLL,RanDS_Behaviour_Activity_Dataset/dataset/49/496e1a21645abaa90fa544c025e6f0de1cbcbd5d060007a8a9e2fb5787655d0e.json,raw_reports/benign/496e1a21645abaa90fa544c025e6f0de1cbcbd5d060007a8a9e2fb5787655d0e.json,664,9,1.0,7,0.010542168674698794,0.7777777777777778,6,2,1.0
255,49adf0be6a317d40d02213cec77b9ab00e72e04bc7b9a17603280df7fa019ba5,benign,,2010,Amd64,0,5.7456629605959,DLL,RanDS_Behaviour_Activity_Dataset/dataset/49/49adf0be6a317d40d02213cec77b9ab00e72e04bc7b9a17603280df7fa019ba5.json,raw_reports/benign/49adf0be6a317d40d02213cec77b9ab00e72e04bc7b9a17603280df7fa019ba5.json,45,4,0.5,7,0.15555555555555556,0.6666666666666666,2,3,NA
256,49b115686387c8795a78aadae58a7d81ac4a7c0fd078ec98ec08fe1e269f2d94,benign,,2024,Amd64,1,6.5348477865415,DLL,RanDS_Behaviour_Activity_Dataset/dataset/49/49b115686387c8795a78aadae58a7d81ac4a7c0fd078ec98ec08fe1e269f2d94.json,raw_reports/benign/49b115686387c8795a78aadae58a7d81ac4a7c0fd078ec98ec08fe1e269f2d94.json,294,10,1.0,22,0.07482993197278912,1.0,6,0,1.0
257,49e0f43057c404a4ff5a2bc306f70c3728412b887e07870cdfd1f6eb3836ee88,benign,,2024,I386,0,6.144793195207,DLL,RanDS_Behaviour_Activity_Dataset/dataset/49/49e0f43057c404a4ff5a2bc306f70c3728412b887e07870cdfd1f6eb3836ee88.json,raw_reports/benign/49e0f43057c404a4ff5a2bc306f70c3728412b887e07870cdfd1f6eb3836ee88.json,133,6,0.75,10,0.07518796992481203,1.0,3,0,1.0
258,4a23e2b2beee3340a07037d7f9188612d2ffebb46bf215f8988411467dba7f4e,benign,,2015,I386,1,6.5803146071875,DLL,RanDS_Behaviour_Activity_Dataset/dataset/4a/4a23e2b2beee3340a07037d7f9188612d2ffebb46bf215f8988411467dba7f4e.json,raw_reports/benign/4a23e2b2beee3340a07037d7f9188612d2ffebb46bf215f8988411467dba7f4e.json,227,4,0.5,33,0.14537444933920704,0.6666666666666666,2,3,1.0
259,4a28b987c812ea0f33c44abb52ecd94a0eea85bc2ac68190a8a87b9935bd8e85,benign,,2020,I386,0,5.6230564632348,EXE,RanDS_Behaviour_Activity_Dataset/dataset/4a/4a28b987c812ea0f33c44abb52ecd94a0eea85bc2ac68190a8a87b9935bd8e85.json,raw_reports/benign/4a28b987c812ea0f33c44abb52ecd94a0eea85bc2ac68190a8a87b9935bd8e85.json,220,8,1.0,0,0.0,0.8888888888888888,2,1,1.0
260,4a3955cd24f837ff5aaa7a3221a3010a12b6811c8382d78d5438216900dc9965,benign,,2014,Amd64,0,4.8944686297746,EXE,RanDS_Behaviour_Activity_Dataset/dataset/4a/4a3955cd24f837ff5aaa7a3221a3010a12b6811c8382d78d5438216900dc9965.json,raw_reports/benign/4a3955cd24f837ff5aaa7a3221a3010a12b6811c8382d78d5438216900dc9965.json,79,10,1.0,10,0.12658227848101267,1.0,3,0,1.0
261,4a47f42ae173661e9935eb12ea60d98de54057a31dc4ccf9f86ebf57eb7715f2,benign,,2013,Amd64,0,6.0100417647835,DLL,RanDS_Behaviour_Activity_Dataset/dataset/4a/4a47f42ae173661e9935eb12ea60d98de54057a31dc4ccf9f86ebf57eb7715f2.json,raw_reports/benign/4a47f42ae173661e9935eb12ea60d98de54057a31dc4ccf9f86ebf57eb7715f2.json,57,6,0.75,4,0.07017543859649122,0.7777777777777778,3,2,NA
262,4a49d0ff75ef90f38c88c74bf75f6e37edfe8205200c7f73a54ad15138f853ae,benign,,2025,Amd64,0,6.4275449550183,DLL,RanDS_Behaviour_Activity_Dataset/dataset/4a/4a49d0ff75ef90f38c88c74bf75f6e37edfe8205200c7f73a54ad15138f853ae.json,raw_reports/benign/4a49d0ff75ef90f38c88c74bf75f6e37edfe8205200c7f73a54ad15138f853ae.json,297,10,1.0,14,0.04713804713804714,1.0,6,0,1.0
263,4a5748cbfc50014035df1726bc385da27d752e946ba4e282ea4755da2e742626,benign,,2011,I386,0,6.3257390641612,EXE,RanDS_Behaviour_Activity_Dataset/dataset/4a/4a5748cbfc50014035df1726bc385da27d752e946ba4e282ea4755da2e742626.json,raw_reports/benign/4a5748cbfc50014035df1726bc385da27d752e946ba4e282ea4755da2e742626.json,153,9,1.0,8,0.05228758169934641,1.0,2,0,1.0
264,4aa57f65392c7f77a3e483ef5bc7fce79e0defa4eb1d5d7088ff2d2da9b8a74e,benign,,2024,I386,0,6.2219884322266,DLL,RanDS_Behaviour_Activity_Dataset/dataset/4a/4aa57f65392c7f77a3e483ef5bc7fce79e0defa4eb1d5d7088ff2d2da9b8a74e.json,raw_reports/benign/4aa57f65392c7f77a3e483ef5bc7fce79e0defa4eb1d5d7088ff2d2da9b8a74e.json,459,9,1.0,21,0.0457516339869281,1.0,6,0,1.0
265,4aa6b61c66af99bb8aef54d7692a3c7d7455315fe8d0054ba2d5e8141f298d0e,benign,,2025,Amd64,0,6.3537464784105,DLL,RanDS_Behaviour_Activity_Dataset/dataset/4a/4aa6b61c66af99bb8aef54d7692a3c7d7455315fe8d0054ba2d5e8141f298d0e.json,raw_reports/benign/4aa6b61c66af99bb8aef54d7692a3c7d7455315fe8d0054ba2d5e8141f298d0e.json,48,9,1.0,36,0.75,0.8888888888888888,4,1,1.0
266,4aa94d039ac5bd7d39766c4e2a4f7dfcdd46782d3b2483677d722949a7b790fc,benign,,2009,I386,1,6.6554716367308,DLL,RanDS_Behaviour_Activity_Dataset/dataset/4a/4aa94d039ac5bd7d39766c4e2a4f7dfcdd46782d3b2483677d722949a7b790fc.json,raw_reports/benign/4aa94d039ac5bd7d39766c4e2a4f7dfcdd46782d3b2483677d722949a7b790fc.json,97,12,1.0,0,0.0,1.0,4,0,1.0
267,4ab51cb0809ad31e0ed351aff785df2f780817e81ef9993728a502708911974c,benign,,2024,Amd64,0,6.2393693326914,DLL,RanDS_Behaviour_Activity_Dataset/dataset/4a/4ab51cb0809ad31e0ed351aff785df2f780817e81ef9993728a502708911974c.json,raw_reports/benign/4ab51cb0809ad31e0ed351aff785df2f780817e81ef9993728a502708911974c.json,275,9,1.0,27,0.09818181818181818,1.0,5,0,1.0
268,4ab9699d8154bc7a1e19d96e1948b3b374e02e86e924bbef9a716b4a7a998949,benign,,2011,I386,0,5.3590947834608,DLL,RanDS_Behaviour_Activity_Dataset/dataset/4a/4ab9699d8154bc7a1e19d96e1948b3b374e02e86e924bbef9a716b4a7a998949.json,raw_reports/benign/4ab9699d8154bc7a1e19d96e1948b3b374e02e86e924bbef9a716b4a7a998949.json,126,12,1.0,0,0.0,1.0,5,0,1.0
269,4ac9f12a590f530c7849d5e9c8f157ffbf31d8904da7700ef2ea3e6496fb92f9,benign,,2010,Amd64,0,5.8476198464855,DLL,RanDS_Behaviour_Activity_Dataset/dataset/4a/4ac9f12a590f530c7849d5e9c8f157ffbf31d8904da7700ef2ea3e6496fb92f9.json,raw_reports/benign/4ac9f12a590f530c7849d5e9c8f157ffbf31d8904da7700ef2ea3e6496fb92f9.json,121,8,1.0,12,0.09917355371900827,1.0,4,0,1.0
270,4acf799f78ff09ebd3819d2e9f7e0a11034f49606b69fbeefb0660b5a0b2fbc3,benign,,2025,Amd64,0,5.9661911480367,DLL,RanDS_Behaviour_Activity_Dataset/dataset/4a/4acf799f78ff09ebd3819d2e9f7e0a11034f49606b69fbeefb0660b5a0b2fbc3.json,raw_reports/benign/4acf799f78ff09ebd3819d2e9f7e0a11034f49606b69fbeefb0660b5a0b2fbc3.json,307,8,1.0,13,0.04234527687296417,1.0,6,0,1.0
271,4b0631360c4a07671bd71cba86701e6758a51a9254be509018f75ee107e77584,benign,,2012,Amd64,0,6.1724650095422,DLL,RanDS_Behaviour_Activity_Dataset/dataset/4b/4b0631360c4a07671bd71cba86701e6758a51a9254be509018f75ee107e77584.json,raw_reports/benign/4b0631360c4a07671bd71cba86701e6758a51a9254be509018f75ee107e77584.json,332,8,1.0,7,0.02108433734939759,0.7777777777777778,5,2,1.0
272,4b33ff889cb605073174676adaec12c5ff5ba5783d6a9532fa4e1d65afedf2ba,benign,,2025,Amd64,0,6.3518795233457,EXE,RanDS_Behaviour_Activity_Dataset/dataset/4b/4b33ff889cb605073174676adaec12c5ff5ba5783d6a9532fa4e1d65afedf2ba.json,raw_reports/benign/4b33ff889cb605073174676adaec12c5ff5ba5783d6a9532fa4e1d65afedf2ba.json,24,8,1.0,8,0.3333333333333333,0.7777777777777778,1,2,1.0
273,4b38458b3db88682e213e97793b77da19c3e607c7087397230cbf37f2edad2eb,benign,,2025,Amd64,0,6.4064850389248,DLL,RanDS_Behaviour_Activity_Dataset/dataset/4b/4b38458b3db88682e213e97793b77da19c3e607c7087397230cbf37f2edad2eb.json,raw_reports/benign/4b38458b3db88682e213e97793b77da19c3e607c7087397230cbf37f2edad2eb.json,493,14,1.0,22,0.04462474645030426,1.0,7,0,1.0
274,4b854d4ad6e785b1645641f2ecae31dee19d47b06d55cd2e0fdf6793137db8ed,benign,,2011,I386,0,5.8446145959144,EXE,RanDS_Behaviour_Activity_Dataset/dataset/4b/4b854d4ad6e785b1645641f2ecae31dee19d47b06d55cd2e0fdf6793137db8ed.json,raw_reports/benign/4b854d4ad6e785b1645641f2ecae31dee19d47b06d55cd2e0fdf6793137db8ed.json,376,8,1.0,0,0.0,0.5555555555555556,1,4,NA
275,4be6b979c76aed311a197d941a6d77698162991dff8a9cea35e770e545a65dd7,benign,,2014,I386,0,2.3074059817648,EXE,RanDS_Behaviour_Activity_Dataset/dataset/4b/4be6b979c76aed311a197d941a6d77698162991dff8a9cea35e770e545a65dd7.json,raw_reports/benign/4be6b979c76aed311a197d941a6d77698162991dff8a9cea35e770e545a65dd7.json,109,7,0.875,0,0.0,0.5555555555555556,1,4,NA
276,4c09f34d7ddcf56355d79ff470d4874111582ca33368187b53ddf678a74595d2,benign,,2014,Amd64,0,6.3639646138499,EXE,RanDS_Behaviour_Activity_Dataset/dataset/4c/4c09f34d7ddcf56355d79ff470d4874111582ca33368187b53ddf678a74595d2.json,raw_reports/benign/4c09f34d7ddcf56355d79ff470d4874111582ca33368187b53ddf678a74595d2.json,525,11,1.0,10,0.01904761904761905,1.0,7,0,1.0
277,4c334ec4b3256bfc1efb4a3fcc6008c2b52874c04f00c7a7ac7d7fd24be5174f,benign,,2015,Amd64,0,5.1667942576649,DLL,RanDS_Behaviour_Activity_Dataset/dataset/4c/4c334ec4b3256bfc1efb4a3fcc6008c2b52874c04f00c7a7ac7d7fd24be5174f.json,raw_reports/benign/4c334ec4b3256bfc1efb4a3fcc6008c2b52874c04f00c7a7ac7d7fd24be5174f.json,100,8,1.0,12,0.12,1.0,4,0,1.0
278,4c33d7c85ae6b19144edea55df4663fb476aaf102d86d812e624f22ae9c81213,benign,,2016,I386,0,5.5699129905719,EXE,RanDS_Behaviour_Activity_Dataset/dataset/4c/4c33d7c85ae6b19144edea55df4663fb476aaf102d86d812e624f22ae9c81213.json,raw_reports/benign/4c33d7c85ae6b19144edea55df4663fb476aaf102d86d812e624f22ae9c81213.json,98,10,1.0,5,0.05102040816326531,1.0,3,0,1.0
279,4c5a4ebe644dcfa42de1672f849fcb10d4f1df626645c08ff57a3fbefb721dde,benign,,2022,Amd64,0,5.8366902853645,EXE,RanDS_Behaviour_Activity_Dataset/dataset/4c/4c5a4ebe644dcfa42de1672f849fcb10d4f1df626645c08ff57a3fbefb721dde.json,raw_reports/benign/4c5a4ebe644dcfa42de1672f849fcb10d4f1df626645c08ff57a3fbefb721dde.json,93,11,1.0,11,0.11827956989247312,1.0,2,0,1.0
280,4c6af86069551f2e70f83b90e35902e453adb7b8abbabb7c5732394b7e68975e,benign,,2016,I386,0,6.3360204391844,EXE,RanDS_Behaviour_Activity_Dataset/dataset/4c/4c6af86069551f2e70f83b90e35902e453adb7b8abbabb7c5732394b7e68975e.json,raw_reports/benign/4c6af86069551f2e70f83b90e35902e453adb7b8abbabb7c5732394b7e68975e.json,149,11,1.0,6,0.040268456375838924,1.0,4,0,1.0
281,4caaae1fe6d04cc6558992c8079814fa96e1876fd3166b94512ca24affeabf60,benign,,2015,Amd64,0,6.128781998036,EXE,RanDS_Behaviour_Activity_Dataset/dataset/4c/4caaae1fe6d04cc6558992c8079814fa96e1876fd3166b94512ca24affeabf60.json,raw_reports/benign/4caaae1fe6d04cc6558992c8079814fa96e1876fd3166b94512ca24affeabf60.json,157,5,0.625,2,0.012738853503184714,0.6666666666666666,1,3,NA
282,4ce7afb5c5a44c4c9d0119d7306134e3412467bddcbf5b7da2786e5d64528d11,benign,,2011,Amd64,0,6.1535180905906,DLL,RanDS_Behaviour_Activity_Dataset/dataset/4c/4ce7afb5c5a44c4c9d0119d7306134e3412467bddcbf5b7da2786e5d64528d11.json,raw_reports/benign/4ce7afb5c5a44c4c9d0119d7306134e3412467bddcbf5b7da2786e5d64528d11.json,366,11,1.0,12,0.03278688524590164,1.0,6,0,1.0
283,4ceebf194cdf12db8276477809ac5fa889d9aea22fb62df61b6279e0a3f30bb7,benign,,2025,Amd64,0,6.3900712330762,DLL,RanDS_Behaviour_Activity_Dataset/dataset/4c/4ceebf194cdf12db8276477809ac5fa889d9aea22fb62df61b6279e0a3f30bb7.json,raw_reports/benign/4ceebf194cdf12db8276477809ac5fa889d9aea22fb62df61b6279e0a3f30bb7.json,302,8,1.0,11,0.03642384105960265,1.0,6,0,1.0
284,4cf9b311c77222311bad099fff6e261093365d781b8f8f6d147bda86d7125d3a,benign,,2012,Amd64,0,6.3546343188705,DLL,RanDS_Behaviour_Activity_Dataset/dataset/4c/4cf9b311c77222311bad099fff6e261093365d781b8f8f6d147bda86d7125d3a.json,raw_reports/benign/4cf9b311c77222311bad099fff6e261093365d781b8f8f6d147bda86d7125d3a.json,38,5,0.625,0,0.0,0.7777777777777778,1,2,NA
285,4d3521e15b791ca36ab5642f656d8df05f0aca76d055ec870513b0a603be3943,benign,,2010,Amd64,0,5.9333608516191,EXE,RanDS_Behaviour_Activity_Dataset/dataset/4d/4d3521e15b791ca36ab5642f656d8df05f0aca76d055ec870513b0a603be3943.json,raw_reports/benign/4d3521e15b791ca36ab5642f656d8df05f0aca76d055ec870513b0a603be3943.json,74,9,1.0,9,0.12162162162162163,1.0,3,0,1.0
286,4d61e843aa86d8801a60d01b8e872379c5b2503795a2bcbe6141978396ade00b,benign,,2011,Amd64,0,6.2578515907196,DLL,RanDS_Behaviour_Activity_Dataset/dataset/4d/4d61e843aa86d8801a60d01b8e872379c5b2503795a2bcbe6141978396ade00b.json,raw_reports/benign/4d61e843aa86d8801a60d01b8e872379c5b2503795a2bcbe6141978396ade00b.json,510,9,1.0,9,0.01764705882352941,0.8888888888888888,5,1,1.0
287,4de717532ab119851a45809fa89050f02046d39f53e1c0f571ed6c575b9d5589,benign,,2011,Amd64,1,7.0516754980743,DLL,RanDS_Behaviour_Activity_Dataset/dataset/4d/4de717532ab119851a45809fa89050f02046d39f53e1c0f571ed6c575b9d5589.json,raw_reports/benign/4de717532ab119851a45809fa89050f02046d39f53e1c0f571ed6c575b9d5589.json,320,7,0.875,7,0.021875,0.6666666666666666,3,3,1.0
288,4de8cdf642dd853fc79666f7a8ff424204580816651f2830da53b5630a445ea6,benign,,2020,I386,0,5.9882255361776,DLL,RanDS_Behaviour_Activity_Dataset/dataset/4d/4de8cdf642dd853fc79666f7a8ff424204580816651f2830da53b5630a445ea6.json,raw_reports/benign/4de8cdf642dd853fc79666f7a8ff424204580816651f2830da53b5630a445ea6.json,203,9,1.0,18,0.08866995073891626,1.0,4,0,1.0
289,4df73f092a0ecee7287ceca8a53a117b6061ab41e816105a1c6e4b1336290fb6,benign,,2009,I386,0,6.4160709344527,DLL,RanDS_Behaviour_Activity_Dataset/dataset/4d/4df73f092a0ecee7287ceca8a53a117b6061ab41e816105a1c6e4b1336290fb6.json,raw_reports/benign/4df73f092a0ecee7287ceca8a53a117b6061ab41e816105a1c6e4b1336290fb6.json,394,10,1.0,18,0.04568527918781726,1.0,5,0,1.0
290,4dfa951d86898eb6e1377edc4bc3370e5985af8be61da6bfa9f862ac07dc3288,benign,,2010,Amd64,1,6.5127230336827,EXE,RanDS_Behaviour_Activity_Dataset/dataset/4d/4dfa951d86898eb6e1377edc4bc3370e5985af8be61da6bfa9f862ac07dc3288.json,raw_reports/benign/4dfa951d86898eb6e1377edc4bc3370e5985af8be61da6bfa9f862ac07dc3288.json,128,11,1.0,15,0.1171875,1.0,2,0,1.0
291,4dfb4841238d86244f7ce6139e16fbdba269e6671c007f8dc6b07c406b338698,benign,,2025,Amd64,0,6.2600858475404,DLL,RanDS_Behaviour_Activity_Dataset/dataset/4d/4dfb4841238d86244f7ce6139e16fbdba269e6671c007f8dc6b07c406b338698.json,raw_reports/benign/4dfb4841238d86244f7ce6139e16fbdba269e6671c007f8dc6b07c406b338698.json,67,6,0.75,10,0.14925373134328357,1.0,3,0,1.0
292,4e02aac5806845fe7de5a498f6816302eb4e50c67724fa77f46a1949aec31c14,benign,,2014,I386,0,6.3060286156553,EXE,RanDS_Behaviour_Activity_Dataset/dataset/4e/4e02aac5806845fe7de5a498f6816302eb4e50c67724fa77f46a1949aec31c14.json,raw_reports/benign/4e02aac5806845fe7de5a498f6816302eb4e50c67724fa77f46a1949aec31c14.json,95,10,1.0,3,0.031578947368421054,1.0,2,0,1.0
293,4e4d770895ff0f45604743fcebe42277a938c9d95910997f4d3cd9c6d0541bd4,benign,,2024,Amd64,0,3.9732591360249,DLL,RanDS_Behaviour_Activity_Dataset/dataset/4e/4e4d770895ff0f45604743fcebe42277a938c9d95910997f4d3cd9c6d0541bd4.json,raw_reports/benign/4e4d770895ff0f45604743fcebe42277a938c9d95910997f4d3cd9c6d0541bd4.json,315,8,1.0,21,0.06666666666666667,1.0,7,0,1.0
294,4e5ff1d35f03bc1aacf71ae6ec81e0e0326d186fe56a9cd5685ba776511eb55e,benign,,2018,I386,0,5.7087906532528,EXE,RanDS_Behaviour_Activity_Dataset/dataset/4e/4e5ff1d35f03bc1aacf71ae6ec81e0e0326d186fe56a9cd5685ba776511eb55e.json,raw_reports/benign/4e5ff1d35f03bc1aacf71ae6ec81e0e0326d186fe56a9cd5685ba776511eb55e.json,109,7,0.875,0,0.0,0.5555555555555556,1,4,NA
295,4eb9b42543bf5cda8202f9fbdd3644b50e362f2d3f9ff2937a104b1e3c7dfa62,benign,,2017,I386,0,1.7206909977526,EXE,RanDS_Behaviour_Activity_Dataset/dataset/4e/4eb9b42543bf5cda8202f9fbdd3644b50e362f2d3f9ff2937a104b1e3c7dfa62.json,raw_reports/benign/4eb9b42543bf5cda8202f9fbdd3644b50e362f2d3f9ff2937a104b1e3c7dfa62.json,83,7,0.875,1,0.012048192771084338,0.2222222222222222,1,7,NA
296,4f04b3a74ad3f497813e92e14873d5339c89fdb242623397336fdceaf8f8304c,benign,,2010,Amd64,0,5.9309552824679,DLL,RanDS_Behaviour_Activity_Dataset/dataset/4f/4f04b3a74ad3f497813e92e14873d5339c89fdb242623397336fdceaf8f8304c.json,raw_reports/benign/4f04b3a74ad3f497813e92e14873d5339c89fdb242623397336fdceaf8f8304c.json,401,10,1.0,16,0.0399002493765586,1.0,5,0,1.0
297,4f1de69a4ac73e9e209ef42d7d3c4b450716cc3aac9086f96afeed64d2be5136,benign,,2023,Amd64,0,6.1452178203001,DLL,RanDS_Behaviour_Activity_Dataset/dataset/4f/4f1de69a4ac73e9e209ef42d7d3c4b450716cc3aac9086f96afeed64d2be5136.json,raw_reports/benign/4f1de69a4ac73e9e209ef42d7d3c4b450716cc3aac9086f96afeed64d2be5136.json,241,9,1.0,14,0.058091286307053944,1.0,3,0,1.0
298,4f424959fdacadbbe244346fec69c0fd6db7ba7aa27c6ed3544f883f411d71e4,benign,,2014,I386,0,4.8034432017959,EXE,RanDS_Behaviour_Activity_Dataset/dataset/4f/4f424959fdacadbbe244346fec69c0fd6db7ba7aa27c6ed3544f883f411d71e4.json,raw_reports/benign/4f424959fdacadbbe244346fec69c0fd6db7ba7aa27c6ed3544f883f411d71e4.json,261,6,0.75,0,0.0,0.5555555555555556,1,4,NA
299,4f7961e47ddc7b3a7ee897cc929a3c3ff659247bccc4aa5f6520bf25bc0ec049,benign,,2010,I386,0,6.3052168683593,EXE,RanDS_Behaviour_Activity_Dataset/dataset/4f/4f7961e47ddc7b3a7ee897cc929a3c3ff659247bccc4aa5f6520bf25bc0ec049.json,raw_reports/benign/4f7961e47ddc7b3a7ee897cc929a3c3ff659247bccc4aa5f6520bf25bc0ec049.json,70,10,1.0,4,0.05714285714285714,1.0,2,0,1.0
300,4f9864e7a8ad6ee3d4b619fa73e1fd0ac8c3420c8a6c5801d943b3167e567bc5,benign,,2025,Amd64,0,5.8976073273496,DLL,RanDS_Behaviour_Activity_Dataset/dataset/4f/4f9864e7a8ad6ee3d4b619fa73e1fd0ac8c3420c8a6c5801d943b3167e567bc5.json,raw_reports/benign/4f9864e7a8ad6ee3d4b619fa73e1fd0ac8c3420c8a6c5801d943b3167e567bc5.json,541,9,1.0,11,0.02033271719038817,1.0,3,0,1.0
301,4fc4eb870eea1b61309147942785e8af946572e79aa41a49af5d77605fbad5c0,benign,,2022,I386,0,6.2337122773839,DLL,RanDS_Behaviour_Activity_Dataset/dataset/4f/4fc4eb870eea1b61309147942785e8af946572e79aa41a49af5d77605fbad5c0.json,raw_reports/benign/4fc4eb870eea1b61309147942785e8af946572e79aa41a49af5d77605fbad5c0.json,75,6,0.75,4,0.05333333333333334,0.7777777777777778,1,2,NA
302,4fcf5c5d66095c1426627e25b2c110434b557ba4e794e326f0c7541a8e55acc7,benign,,2017,Amd64,0,6.2926780230824,DLL,RanDS_Behaviour_Activity_Dataset/dataset/4f/4fcf5c5d66095c1426627e25b2c110434b557ba4e794e326f0c7541a8e55acc7.json,raw_reports/benign/4fcf5c5d66095c1426627e25b2c110434b557ba4e794e326f0c7541a8e55acc7.json,263,8,1.0,6,0.022813688212927757,0.7777777777777778,3,2,1.0
303,4fd12678fb4c344b0d3bf4c8184386ff537af3644aa2a9533636343c043d8e6d,benign,,2014,I386,1,6.5115192931679,EXE,RanDS_Behaviour_Activity_Dataset/dataset/4f/4fd12678fb4c344b0d3bf4c8184386ff537af3644aa2a9533636343c043d8e6d.json,raw_reports/benign/4fd12678fb4c344b0d3bf4c8184386ff537af3644aa2a9533636343c043d8e6d.json,78,7,0.875,0,0.0,0.6666666666666666,3,3,NA
304,4fe1140aa8d3995579de8cdf4ecad1978804d05351eabb4079a63b303ef1b451,benign,,2010,Amd64,0,5.9580720985188,DLL,RanDS_Behaviour_Activity_Dataset/dataset/4f/4fe1140aa8d3995579de8cdf4ecad1978804d05351eabb4079a63b303ef1b451.json,raw_reports/benign/4fe1140aa8d3995579de8cdf4ecad1978804d05351eabb4079a63b303ef1b451.json,286,8,1.0,7,0.024475524475524476,0.7777777777777778,5,2,1.0
305,4fec1fd3ac4e4e34dcbc0109b248952604f438c84b1604eb9e2359fa721e23c4,benign,,2011,Amd64,0,6.006407451918,DLL,RanDS_Behaviour_Activity_Dataset/dataset/4f/4fec1fd3ac4e4e34dcbc0109b248952604f438c84b1604eb9e2359fa721e23c4.json,raw_reports/benign/4fec1fd3ac4e4e34dcbc0109b248952604f438c84b1604eb9e2359fa721e23c4.json,385,10,1.0,17,0.04415584415584416,1.0,5,0,1.0
306,503a42d85206dfbdfaa6c4029c9c473097a7ee498f59db91cce2580f11cb7767,benign,,2011,I386,0,6.1264301471934,EXE,RanDS_Behaviour_Activity_Dataset/dataset/50/503a42d85206dfbdfaa6c4029c9c473097a7ee498f59db91cce2580f11cb7767.json,raw_reports/benign/503a42d85206dfbdfaa6c4029c9c473097a7ee498f59db91cce2580f11cb7767.json,161,7,0.875,0,0.0,0.2222222222222222,1,7,NA
307,503a7926f5706a6c5ea1005b09ccd29378e8a6278f6d44fcc05d75493f1acd99,benign,,2014,I386,0,5.4433552386466,DLL,RanDS_Behaviour_Activity_Dataset/dataset/50/503a7926f5706a6c5ea1005b09ccd29378e8a6278f6d44fcc05d75493f1acd99.json,raw_reports/benign/503a7926f5706a6c5ea1005b09ccd29378e8a6278f6d44fcc05d75493f1acd99.json,144,6,0.75,7,0.04861111111111111,1.0,3,0,1.0
308,505a24e70322f7c7ec7660dcca43cd37ba9cd65efda0dd8c8655e74462831c8c,benign,,2025,Amd64,0,6.076766204072,DLL,RanDS_Behaviour_Activity_Dataset/dataset/50/505a24e70322f7c7ec7660dcca43cd37ba9cd65efda0dd8c8655e74462831c8c.json,raw_reports/benign/505a24e70322f7c7ec7660dcca43cd37ba9cd65efda0dd8c8655e74462831c8c.json,500,11,1.0,14,0.028,1.0,7,0,1.0
309,5065ffe6ea57f6e19a7f7325af9fd6d47834735aebbd3b2b1529b5864cc3f0b4,benign,,2014,I386,0,6.1684802028792,EXE,RanDS_Behaviour_Activity_Dataset/dataset/50/5065ffe6ea57f6e19a7f7325af9fd6d47834735aebbd3b2b1529b5864cc3f0b4.json,raw_reports/benign/5065ffe6ea57f6e19a7f7325af9fd6d47834735aebbd3b2b1529b5864cc3f0b4.json,255,8,1.0,0,0.0,0.8888888888888888,1,1,NA
310,50adf8d35e0330bd47a851a513cff0888d8cffa06a8151921a8df614e0b08281,benign,,2025,I386,1,6.8071303903767,DLL,RanDS_Behaviour_Activity_Dataset/dataset/50/50adf8d35e0330bd47a851a513cff0888d8cffa06a8151921a8df614e0b08281.json,raw_reports/benign/50adf8d35e0330bd47a851a513cff0888d8cffa06a8151921a8df614e0b08281.json,342,8,1.0,27,0.07894736842105263,1.0,6,0,1.0
311,5165a8f24b3fa35de18febe0b1a6928bbe78fcfd178c278fabf766daccc23040,benign,,2010,Amd64,0,6.4103894836618,EXE,RanDS_Behaviour_Activity_Dataset/dataset/51/5165a8f24b3fa35de18febe0b1a6928bbe78fcfd178c278fabf766daccc23040.json,raw_reports/benign/5165a8f24b3fa35de18febe0b1a6928bbe78fcfd178c278fabf766daccc23040.json,87,12,1.0,8,0.09195402298850575,1.0,2,0,1.0
312,516b785fdb24d19f160d50bc267facbd590b275de18277b6f9b7d214bd11da23,benign,,2010,Amd64,0,5.9573105373405,DLL,RanDS_Behaviour_Activity_Dataset/dataset/51/516b785fdb24d19f160d50bc267facbd590b275de18277b6f9b7d214bd11da23.json,raw_reports/benign/516b785fdb24d19f160d50bc267facbd590b275de18277b6f9b7d214bd11da23.json,132,8,1.0,12,0.09090909090909091,1.0,4,0,1.0
313,518cde970dfb3846b4aae5244adda8b178ec746e9e96a4e0cdbe1c5c8307a85e,benign,,2023,Amd64,0,5.4642281882257,DLL,RanDS_Behaviour_Activity_Dataset/dataset/51/518cde970dfb3846b4aae5244adda8b178ec746e9e96a4e0cdbe1c5c8307a85e.json,raw_reports/benign/518cde970dfb3846b4aae5244adda8b178ec746e9e96a4e0cdbe1c5c8307a85e.json,438,12,1.0,14,0.0319634703196347,1.0,5,0,1.0
314,51aae23b2bc30bbca935fb7f851627b442d646a57312dcb1546dd56abff74ca0,benign,,2022,I386,0,5.3543029223334,EXE,RanDS_Behaviour_Activity_Dataset/dataset/51/51aae23b2bc30bbca935fb7f851627b442d646a57312dcb1546dd56abff74ca0.json,raw_reports/benign/51aae23b2bc30bbca935fb7f851627b442d646a57312dcb1546dd56abff74ca0.json,13,4,0.5,6,0.46153846153846156,0.6666666666666666,0,3,NA
315,51aeff4bcda2847f6a58d9ad0493bf5f60b3812ed42b505e641ca1454e0175c1,benign,,2014,I386,0,5.4616491353924,EXE,RanDS_Behaviour_Activity_Dataset/dataset/51/51aeff4bcda2847f6a58d9ad0493bf5f60b3812ed42b505e641ca1454e0175c1.json,raw_reports/benign/51aeff4bcda2847f6a58d9ad0493bf5f60b3812ed42b505e641ca1454e0175c1.json,382,9,1.0,0,0.0,0.6666666666666666,1,3,NA
316,51d298b1a8a2d00d5c608c52dba0655565d021e9798ee171d7fa92cc0de729a6,benign,,2011,Amd64,0,5.9204159211851,EXE,RanDS_Behaviour_Activity_Dataset/dataset/51/51d298b1a8a2d00d5c608c52dba0655565d021e9798ee171d7fa92cc0de729a6.json,raw_reports/benign/51d298b1a8a2d00d5c608c52dba0655565d021e9798ee171d7fa92cc0de729a6.json,126,11,1.0,9,0.07142857142857142,1.0,2,0,1.0
317,51f3072f9ab9c6b8ff62731834530870a517f3099d1e94e8e2f953484b7a04fe,benign,,2012,I386,0,5.3082768112478,EXE,RanDS_Behaviour_Activity_Dataset/dataset/51/51f3072f9ab9c6b8ff62731834530870a517f3099d1e94e8e2f953484b7a04fe.json,raw_reports/benign/51f3072f9ab9c6b8ff62731834530870a517f3099d1e94e8e2f953484b7a04fe.json,120,12,1.0,6,0.05,1.0,2,0,1.0
318,520ebb149331d74a469c9f0aa4b95fc49e81c811b51e71463f67ced6327028ae,benign,,2024,Amd64,1,6.7235629688754,EXE,RanDS_Behaviour_Activity_Dataset/dataset/52/520ebb149331d74a469c9f0aa4b95fc49e81c811b51e71463f67ced6327028ae.json,raw_reports/benign/520ebb149331d74a469c9f0aa4b95fc49e81c811b51e71463f67ced6327028ae.json,181,12,1.0,5,0.027624309392265192,1.0,2,0,1.0
319,5241c30ccb095b10b10ad11f42f57b2dea362c7f6da36a9a5b23e4dff113cfd7,benign,,2009,I386,0,6.2926296318476,DLL,RanDS_Behaviour_Activity_Dataset/dataset/52/5241c30ccb095b10b10ad11f42f57b2dea362c7f6da36a9a5b23e4dff113cfd7.json,raw_reports/benign/5241c30ccb095b10b10ad11f42f57b2dea362c7f6da36a9a5b23e4dff113cfd7.json,372,9,1.0,15,0.04032258064516129,1.0,4,0,1.0
320,526474475f0702ae638c91d56e95d7af629c404986048c8630fab4518206197d,benign,,2024,I386,1,6.9550729682806,EXE,RanDS_Behaviour_Activity_Dataset/dataset/52/526474475f0702ae638c91d56e95d7af629c404986048c8630fab4518206197d.json,raw_reports/benign/526474475f0702ae638c91d56e95d7af629c404986048c8630fab4518206197d.json,654,14,1.0,16,0.024464831804281346,1.0,5,0,1.0
321,527968e3c2cc67afb4cc908584d4a7e40fdd76cbf2f2d9756bb17da647a0dc73,benign,,2013,I386,0,6.3050695593984,EXE,RanDS_Behaviour_Activity_Dataset/dataset/52/527968e3c2cc67afb4cc908584d4a7e40fdd76cbf2f2d9756bb17da647a0dc73.json,raw_reports/benign/527968e3c2cc67afb4cc908584d4a7e40fdd76cbf2f2d9756bb17da647a0dc73.json,55,8,1.0,5,0.09090909090909091,1.0,2,0,1.0
322,52853793d20bfc3c53763aaeac55b30a7bddccfb9fd87d39f97dd0afb5fd2001,benign,,2013,I386,0,6.1363374219563,EXE,RanDS_Behaviour_Activity_Dataset/dataset/52/52853793d20bfc3c53763aaeac55b30a7bddccfb9fd87d39f97dd0afb5fd2001.json,raw_reports/benign/52853793d20bfc3c53763aaeac55b30a7bddccfb9fd87d39f97dd0afb5fd2001.json,89,10,1.0,12,0.1348314606741573,1.0,2,0,1.0
323,52cc007c900a0073ceed783fc822981b922e3e0eaa5657667529965816f289d6,benign,,2016,Amd64,0,6.1614976527012,DLL,RanDS_Behaviour_Activity_Dataset/dataset/52/52cc007c900a0073ceed783fc822981b922e3e0eaa5657667529965816f289d6.json,raw_reports/benign/52cc007c900a0073ceed783fc822981b922e3e0eaa5657667529965816f289d6.json,27,4,0.5,20,0.7407407407407407,0.6666666666666666,3,3,1.0
324,52d5205a2bb7783921a9672b8c4e3c24c14cf0f7b568c61320c6212b1312b312,benign,,2020,Amd64,0,4.3637487457067,DLL,RanDS_Behaviour_Activity_Dataset/dataset/52/52d5205a2bb7783921a9672b8c4e3c24c14cf0f7b568c61320c6212b1312b312.json,raw_reports/benign/52d5205a2bb7783921a9672b8c4e3c24c14cf0f7b568c61320c6212b1312b312.json,85,9,1.0,19,0.2235294117647059,1.0,5,0,1.0
325,53117ad02e9f9f8443697c0dfc38b527c810cfeddeb44694de92b5191d574d1f,benign,,2017,I386,0,4.0053936517188,EXE,RanDS_Behaviour_Activity_Dataset/dataset/53/53117ad02e9f9f8443697c0dfc38b527c810cfeddeb44694de92b5191d574d1f.json,raw_reports/benign/53117ad02e9f9f8443697c0dfc38b527c810cfeddeb44694de92b5191d574d1f.json,719,14,1.0,8,0.011126564673157162,1.0,4,0,1.0
326,531889988e6a96bdcc251ff33f836c3f81b621ec1f67965a8ddba4b7febf9caf,benign,,2024,I386,1,6.7410614548999,DLL,RanDS_Behaviour_Activity_Dataset/dataset/53/531889988e6a96bdcc251ff33f836c3f81b621ec1f67965a8ddba4b7febf9caf.json,raw_reports/benign/531889988e6a96bdcc251ff33f836c3f81b621ec1f67965a8ddba4b7febf9caf.json,1173,9,1.0,19,0.01619778346121057,1.0,5,0,1.0
327,53299b7b3d52f63383c8d0493f500853004a9c65d292d67c8cf7273070d180b1,benign,,2014,Amd64,0,3.3515520957922,EXE,RanDS_Behaviour_Activity_Dataset/dataset/53/53299b7b3d52f63383c8d0493f500853004a9c65d292d67c8cf7273070d180b1.json,raw_reports/benign/53299b7b3d52f63383c8d0493f500853004a9c65d292d67c8cf7273070d180b1.json,30,8,1.0,8,0.26666666666666666,0.7777777777777778,1,2,1.0
328,533c8aa775e4718923f07425cfc8dbaee257b92c504b367bf0528cea5922fe96,benign,,2010,I386,0,6.4167116757646,DLL,RanDS_Behaviour_Activity_Dataset/dataset/53/533c8aa775e4718923f07425cfc8dbaee257b92c504b367bf0528cea5922fe96.json,raw_reports/benign/533c8aa775e4718923f07425cfc8dbaee257b92c504b367bf0528cea5922fe96.json,320,8,1.0,5,0.015625,0.7777777777777778,4,2,1.0
329,534cbcede217dbc6fe68e8d333941039692bfea94df8c697f4ad73253415eb1b,benign,,2024,Amd64,0,6.3181683706316,DLL,RanDS_Behaviour_Activity_Dataset/dataset/53/534cbcede217dbc6fe68e8d333941039692bfea94df8c697f4ad73253415eb1b.json,raw_reports/benign/534cbcede217dbc6fe68e8d333941039692bfea94df8c697f4ad73253415eb1b.json,124,6,0.75,13,0.10483870967741936,1.0,4,0,1.0
330,53f4546c038b3e1c4471bd4bbde3aeb0579d502e83f565dd0297cc85ca1c5cef,benign,,2010,I386,0,2.3084750357966,EXE,RanDS_Behaviour_Activity_Dataset/dataset/53/53f4546c038b3e1c4471bd4bbde3aeb0579d502e83f565dd0297cc85ca1c5cef.json,raw_reports/benign/53f4546c038b3e1c4471bd4bbde3aeb0579d502e83f565dd0297cc85ca1c5cef.json,120,8,1.0,0,0.0,0.6666666666666666,2,3,NA
331,5465297f50aa45b3d19c721259f38452b533e4569e85fef7568867303a7bc3ee,benign,,2022,Amd64,0,6.2814690083792,EXE,RanDS_Behaviour_Activity_Dataset/dataset/54/5465297f50aa45b3d19c721259f38452b533e4569e85fef7568867303a7bc3ee.json,raw_reports/benign/5465297f50aa45b3d19c721259f38452b533e4569e85fef7568867303a7bc3ee.json,2420,16,1.0,113,0.046694214876033056,1.0,7,0,1.0
332,5479c608705d561a2ee460bd46e63acf361d115b961bbc354b02bdd2910cd8b8,benign,,2024,I386,0,5.8323798815625,DLL,RanDS_Behaviour_Activity_Dataset/dataset/54/5479c608705d561a2ee460bd46e63acf361d115b961bbc354b02bdd2910cd8b8.json,raw_reports/benign/5479c608705d561a2ee460bd46e63acf361d115b961bbc354b02bdd2910cd8b8.json,515,11,1.0,32,0.062135922330097085,1.0,7,0,1.0
333,54f1429b30af0512aa654b69cc19d4bc6ed05e737ca2e7a6d2aff77653080549,benign,,2010,I386,0,6.1970132806153,DLL,RanDS_Behaviour_Activity_Dataset/dataset/54/54f1429b30af0512aa654b69cc19d4bc6ed05e737ca2e7a6d2aff77653080549.json,raw_reports/benign/54f1429b30af0512aa654b69cc19d4bc6ed05e737ca2e7a6d2aff77653080549.json,139,8,1.0,12,0.08633093525179857,1.0,4,0,1.0
334,54f58811dfcca45da823551e5e8712b54e11ca99b3e3136d7d83d065d09963e4,benign,,2025,Amd64,0,6.4279444309888,DLL,RanDS_Behaviour_Activity_Dataset/dataset/54/54f58811dfcca45da823551e5e8712b54e11ca99b3e3136d7d83d065d09963e4.json,raw_reports/benign/54f58811dfcca45da823551e5e8712b54e11ca99b3e3136d7d83d065d09963e4.json,105,8,1.0,11,0.10476190476190476,1.0,4,0,1.0
335,5555b2bf6775419c62212e5815ae2a849f4c87d863ec2f1de71cd7962b4c84e4,benign,,2024,I386,1,6.5942930669769,DLL,RanDS_Behaviour_Activity_Dataset/dataset/55/5555b2bf6775419c62212e5815ae2a849f4c87d863ec2f1de71cd7962b4c84e4.json,raw_reports/benign/5555b2bf6775419c62212e5815ae2a849f4c87d863ec2f1de71cd7962b4c84e4.json,477,13,1.0,13,0.027253668763102725,1.0,6,0,1.0
336,556de80285a80c9381f4f837e2e4bda583ffdc6ce003e13e33fe46c539a80249,benign,,2013,Amd64,0,6.213171812408,DLL,RanDS_Behaviour_Activity_Dataset/dataset/55/556de80285a80c9381f4f837e2e4bda583ffdc6ce003e13e33fe46c539a80249.json,raw_reports/benign/556de80285a80c9381f4f837e2e4bda583ffdc6ce003e13e33fe46c539a80249.json,419,13,1.0,26,0.06205250596658711,1.0,6,0,1.0
337,5587b769460f9dd921ed116c7fc2e13137758b9f46be8b909b8e7b7748724445,benign,,2015,I386,0,4.255401200957,EXE,RanDS_Behaviour_Activity_Dataset/dataset/55/5587b769460f9dd921ed116c7fc2e13137758b9f46be8b909b8e7b7748724445.json,raw_reports/benign/5587b769460f9dd921ed116c7fc2e13137758b9f46be8b909b8e7b7748724445.json,91,7,0.875,0,0.0,0.5555555555555556,1,4,NA
338,55aa1c8372e0b01265ac5de6f95977b35199ace28c4b46dfc5c348af25688263,benign,,2017,I386,0,2.9517931548057,EXE,RanDS_Behaviour_Activity_Dataset/dataset/55/55aa1c8372e0b01265ac5de6f95977b35199ace28c4b46dfc5c348af25688263.json,raw_reports/benign/55aa1c8372e0b01265ac5de6f95977b35199ace28c4b46dfc5c348af25688263.json,118,7,0.875,0,0.0,0.5555555555555556,1,4,NA
339,560b7107f9c2c980db5f50713bd4532eb28a2074ca2eb4e9199e2d5e659a4e27,benign,,2010,I386,0,6.2624769580764,DLL,RanDS_Behaviour_Activity_Dataset/dataset/56/560b7107f9c2c980db5f50713bd4532eb28a2074ca2eb4e9199e2d5e659a4e27.json,raw_reports/benign/560b7107f9c2c980db5f50713bd4532eb28a2074ca2eb4e9199e2d5e659a4e27.json,390,7,0.875,8,0.020512820512820513,0.6666666666666666,4,3,1.0
340,563f5aa3a974ceaae9dbb77db215722c77f9ab4d174a3f6bef18676d6c1f8fc5,benign,,2011,I386,0,4.9280049162322,EXE,RanDS_Behaviour_Activity_Dataset/dataset/56/563f5aa3a974ceaae9dbb77db215722c77f9ab4d174a3f6bef18676d6c1f8fc5.json,raw_reports/benign/563f5aa3a974ceaae9dbb77db215722c77f9ab4d174a3f6bef18676d6c1f8fc5.json,1209,15,1.0,22,0.018196856906534328,1.0,4,0,1.0
341,56635aa4fb0d33898d86d2e2b1732e17f7ab3156a6d1871517a6115233571ef9,benign,,2015,I386,0,6.0729649482367,EXE,RanDS_Behaviour_Activity_Dataset/dataset/56/56635aa4fb0d33898d86d2e2b1732e17f7ab3156a6d1871517a6115233571ef9.json,raw_reports/benign/56635aa4fb0d33898d86d2e2b1732e17f7ab3156a6d1871517a6115233571ef9.json,1196,15,1.0,9,0.007525083612040134,1.0,5,0,1.0
342,56798c20411f29d047593c2b8a8f742f3066a8d8d435c737be31ac0a0064d42a,benign,,2011,I386,1,6.7105366238655,EXE,RanDS_Behaviour_Activity_Dataset/dataset/56/56798c20411f29d047593c2b8a8f742f3066a8d8d435c737be31ac0a0064d42a.json,raw_reports/benign/56798c20411f29d047593c2b8a8f742f3066a8d8d435c737be31ac0a0064d42a.json,112,11,1.0,6,0.05357142857142857,1.0,3,0,1.0
343,56bc815cdc9726d16c5aa5496174dcde3aece2a0f275527837e245f7f92532dd,benign,,2015,I386,0,6.467784768664,EXE,RanDS_Behaviour_Activity_Dataset/dataset/56/56bc815cdc9726d16c5aa5496174dcde3aece2a0f275527837e245f7f92532dd.json,raw_reports/benign/56bc815cdc9726d16c5aa5496174dcde3aece2a0f275527837e245f7f92532dd.json,379,8,1.0,0,0.0,0.5555555555555556,1,4,NA
344,56cc38cf93754a9a099ea86b6945e0651000bed38b4b32b54d441b8f1a27ca33,benign,,2023,Amd64,0,6.3942250227359,DLL,RanDS_Behaviour_Activity_Dataset/dataset/56/56cc38cf93754a9a099ea86b6945e0651000bed38b4b32b54d441b8f1a27ca33.json,raw_reports/benign/56cc38cf93754a9a099ea86b6945e0651000bed38b4b32b54d441b8f1a27ca33.json,345,9,1.0,27,0.0782608695652174,1.0,3,0,1.0
345,56d5d58ae312e13f2455369a556c7a7715ac18f69fb2998a6995997a91248b86,benign,,2022,Amd64,1,6.5994135900831,DLL,RanDS_Behaviour_Activity_Dataset/dataset/56/56d5d58ae312e13f2455369a556c7a7715ac18f69fb2998a6995997a91248b86.json,raw_reports/benign/56d5d58ae312e13f2455369a556c7a7715ac18f69fb2998a6995997a91248b86.json,424,14,1.0,21,0.049528301886792456,1.0,7,0,1.0
346,56d5ed43e648c97f64edc576efa917a0f79f47818281149a3fc09fe3a5789730,benign,,2010,Amd64,0,6.0347639878552,DLL,RanDS_Behaviour_Activity_Dataset/dataset/56/56d5ed43e648c97f64edc576efa917a0f79f47818281149a3fc09fe3a5789730.json,raw_reports/benign/56d5ed43e648c97f64edc576efa917a0f79f47818281149a3fc09fe3a5789730.json,503,11,1.0,19,0.03777335984095427,1.0,7,0,1.0
347,57b302c97951fddcddffa39b1fcd829ca0f9a0f77542516914fa43aed6716408,benign,,2024,I386,0,6.2206662064255,DLL,RanDS_Behaviour_Activity_Dataset/dataset/57/57b302c97951fddcddffa39b1fcd829ca0f9a0f77542516914fa43aed6716408.json,raw_reports/benign/57b302c97951fddcddffa39b1fcd829ca0f9a0f77542516914fa43aed6716408.json,135,6,0.75,12,0.08888888888888889,1.0,4,0,1.0
348,58cc0c31514e89a743c9b96c7892c256cd9daaa18bdcff784b8ddb1d5c15a163,benign,,2021,I386,0,5.8393753519342,DLL,RanDS_Behaviour_Activity_Dataset/dataset/58/58cc0c31514e89a743c9b96c7892c256cd9daaa18bdcff784b8ddb1d5c15a163.json,raw_reports/benign/58cc0c31514e89a743c9b96c7892c256cd9daaa18bdcff784b8ddb1d5c15a163.json,639,13,1.0,38,0.0594679186228482,1.0,6,0,1.0
349,5911f543b9684e7febc56e4a4a382b1df413ee38a38cd5aa0b7f56d3464ce0be,benign,,2024,I386,0,6.382169431195,EXE,RanDS_Behaviour_Activity_Dataset/dataset/59/5911f543b9684e7febc56e4a4a382b1df413ee38a38cd5aa0b7f56d3464ce0be.json,raw_reports/benign/5911f543b9684e7febc56e4a4a382b1df413ee38a38cd5aa0b7f56d3464ce0be.json,109,10,1.0,11,0.10091743119266056,1.0,2,0,1.0
350,591e94ef4fc4684cd454c9d065a9af14c698ea6fab19144f243c7150b02837c7,benign,,2020,I386,1,6.6711877128697,DLL,RanDS_Behaviour_Activity_Dataset/dataset/59/591e94ef4fc4684cd454c9d065a9af14c698ea6fab19144f243c7150b02837c7.json,raw_reports/benign/591e94ef4fc4684cd454c9d065a9af14c698ea6fab19144f243c7150b02837c7.json,350,11,1.0,17,0.04857142857142857,1.0,6,0,1.0
351,593a37a589cc3827b19860ff1a9044eed50fededcadba75fb13d97d611c82f2b,benign,,2009,I386,0,5.4786880622157,EXE,RanDS_Behaviour_Activity_Dataset/dataset/59/593a37a589cc3827b19860ff1a9044eed50fededcadba75fb13d97d611c82f2b.json,raw_reports/benign/593a37a589cc3827b19860ff1a9044eed50fededcadba75fb13d97d611c82f2b.json,80,12,1.0,5,0.0625,1.0,2,0,1.0
352,59adaff77c316e810e1429f8aca59550c9606e3edbfcb909c23132305aba4d7e,benign,,2016,Amd64,0,5.9968317966311,DLL,RanDS_Behaviour_Activity_Dataset/dataset/59/59adaff77c316e810e1429f8aca59550c9606e3edbfcb909c23132305aba4d7e.json,raw_reports/benign/59adaff77c316e810e1429f8aca59550c9606e3edbfcb909c23132305aba4d7e.json,464,13,1.0,14,0.03017241379310345,1.0,6,0,1.0
353,59cca4cfec83aab3af0993931a3b6afe22f961020f70b2a698317e2c87d40ac9,benign,,2024,Amd64,0,6.1647794846622,EXE,RanDS_Behaviour_Activity_Dataset/dataset/59/59cca4cfec83aab3af0993931a3b6afe22f961020f70b2a698317e2c87d40ac9.json,raw_reports/benign/59cca4cfec83aab3af0993931a3b6afe22f961020f70b2a698317e2c87d40ac9.json,116,12,1.0,7,0.0603448275862069,1.0,2,0,1.0
354,5a36a031f69206ffc188c16f8427d0041c2c92cb895028514bd8c0b17dfae9b1,benign,,2015,I386,0,4.9917922252968,EXE,RanDS_Behaviour_Activity_Dataset/dataset/5a/5a36a031f69206ffc188c16f8427d0041c2c92cb895028514bd8c0b17dfae9b1.json,raw_reports/benign/5a36a031f69206ffc188c16f8427d0041c2c92cb895028514bd8c0b17dfae9b1.json,709,12,1.0,6,0.00846262341325811,1.0,3,0,1.0
355,5a474ecbd8ec86b9713bb20db3508d66ea55658173b0f781c6e38e9674ed5777,benign,,2013,I386,0,4.9431790011858,EXE,RanDS_Behaviour_Activity_Dataset/dataset/5a/5a474ecbd8ec86b9713bb20db3508d66ea55658173b0f781c6e38e9674ed5777.json,raw_reports/benign/5a474ecbd8ec86b9713bb20db3508d66ea55658173b0f781c6e38e9674ed5777.json,603,11,1.0,18,0.029850746268656716,1.0,5,0,1.0
356,5a903c4d303edff0a554ded40bc0747c4e71f8a59f12b8850d1714963c229397,benign,,2023,I386,0,6.2693428314358,DLL,RanDS_Behaviour_Activity_Dataset/dataset/5a/5a903c4d303edff0a554ded40bc0747c4e71f8a59f12b8850d1714963c229397.json,raw_reports/benign/5a903c4d303edff0a554ded40bc0747c4e71f8a59f12b8850d1714963c229397.json,439,13,1.0,18,0.04100227790432802,1.0,5,0,1.0
357,5ad60854753a826af64f2e4f6ed7a05bd4f59f2f92f219a5d6396c01690c8264,benign,,2013,I386,1,6.7623799128946,DLL,RanDS_Behaviour_Activity_Dataset/dataset/5a/5ad60854753a826af64f2e4f6ed7a05bd4f59f2f92f219a5d6396c01690c8264.json,raw_reports/benign/5ad60854753a826af64f2e4f6ed7a05bd4f59f2f92f219a5d6396c01690c8264.json,365,7,0.875,6,0.01643835616438356,0.6666666666666666,4,3,1.0
358,5afdebf74c2ba945e8308b698f51de0f20cdd8e95b5aeabc7b9e57e1af24dfc3,benign,,2015,I386,0,6.3977108378764,DLL,RanDS_Behaviour_Activity_Dataset/dataset/5a/5afdebf74c2ba945e8308b698f51de0f20cdd8e95b5aeabc7b9e57e1af24dfc3.json,raw_reports/benign/5afdebf74c2ba945e8308b698f51de0f20cdd8e95b5aeabc7b9e57e1af24dfc3.json,74,6,0.75,4,0.05405405405405406,0.7777777777777778,1,2,NA
359,5b72bef773a9fcfaf16e5e0179cf0a08687ebb854c5f3d98b4de62dd0bac480c,benign,,2010,Amd64,0,4.187916642885,EXE,RanDS_Behaviour_Activity_Dataset/dataset/5b/5b72bef773a9fcfaf16e5e0179cf0a08687ebb854c5f3d98b4de62dd0bac480c.json,raw_reports/benign/5b72bef773a9fcfaf16e5e0179cf0a08687ebb854c5f3d98b4de62dd0bac480c.json,104,11,1.0,12,0.11538461538461539,1.0,2,0,1.0
360,5b8e8f6c5e365883db548bbea4a6c132a17a7a73a41cc53fd2116e5d903b2dd9,benign,,2009,I386,0,6.0739838469881,DLL,RanDS_Behaviour_Activity_Dataset/dataset/5b/5b8e8f6c5e365883db548bbea4a6c132a17a7a73a41cc53fd2116e5d903b2dd9.json,raw_reports/benign/5b8e8f6c5e365883db548bbea4a6c132a17a7a73a41cc53fd2116e5d903b2dd9.json,331,7,0.875,6,0.01812688821752266,0.6666666666666666,4,3,1.0
361,5c285f191c71db3906935b9075baafe3ce7e667d219d4cc278db7226ac16b7d5,benign,,2023,Amd64,1,6.6008409914376,EXE,RanDS_Behaviour_Activity_Dataset/dataset/5c/5c285f191c71db3906935b9075baafe3ce7e667d219d4cc278db7226ac16b7d5.json,raw_reports/benign/5c285f191c71db3906935b9075baafe3ce7e667d219d4cc278db7226ac16b7d5.json,260,11,1.0,14,0.05384615384615385,1.0,3,0,1.0
362,5ca16d81fceffb0dd0685103eeaaa2846ae225a2dea964d0562e1435f63f142c,benign,,2024,Amd64,0,6.4585676120112,DLL,RanDS_Behaviour_Activity_Dataset/dataset/5c/5ca16d81fceffb0dd0685103eeaaa2846ae225a2dea964d0562e1435f63f142c.json,raw_reports/benign/5ca16d81fceffb0dd0685103eeaaa2846ae225a2dea964d0562e1435f63f142c.json,72,7,0.875,13,0.18055555555555555,1.0,4,0,1.0
363,5cc46ccfdec4e34797c458739024fa416bd792c9caa3502e25f591e4e2364699,benign,,2013,I386,1,6.8176145784989,DLL,RanDS_Behaviour_Activity_Dataset/dataset/5c/5cc46ccfdec4e34797c458739024fa416bd792c9caa3502e25f591e4e2364699.json,raw_reports/benign/5cc46ccfdec4e34797c458739024fa416bd792c9caa3502e25f591e4e2364699.json,247,8,1.0,9,0.03643724696356275,1.0,5,0,1.0
364,5d103c7537abeb88861e59702245ebc3ff1c70293b1ca01b9cb49b6ba1cbbd3e,benign,,2016,I386,1,6.5554379934631,EXE,RanDS_Behaviour_Activity_Dataset/dataset/5d/5d103c7537abeb88861e59702245ebc3ff1c70293b1ca01b9cb49b6ba1cbbd3e.json,raw_reports/benign/5d103c7537abeb88861e59702245ebc3ff1c70293b1ca01b9cb49b6ba1cbbd3e.json,131,10,1.0,12,0.0916030534351145,1.0,2,0,1.0
365,5dbeca9a1b91da896942117387c9248f16fbbff11bac971385cdd36f6fd91b45,benign,,2012,I386,0,5.9524941061891,EXE,RanDS_Behaviour_Activity_Dataset/dataset/5d/5dbeca9a1b91da896942117387c9248f16fbbff11bac971385cdd36f6fd91b45.json,raw_reports/benign/5dbeca9a1b91da896942117387c9248f16fbbff11bac971385cdd36f6fd91b45.json,24,5,0.625,6,0.25,0.6666666666666666,0,3,NA
366,5deada2f573e28b7878abd1b2396f7487f57653fa3d2844447c2fa6a8b5bf2d9,benign,,2009,I386,0,6.2966070045449,EXE,RanDS_Behaviour_Activity_Dataset/dataset/5d/5deada2f573e28b7878abd1b2396f7487f57653fa3d2844447c2fa6a8b5bf2d9.json,raw_reports/benign/5deada2f573e28b7878abd1b2396f7487f57653fa3d2844447c2fa6a8b5bf2d9.json,73,4,0.5,0,0.0,0.1111111111111111,1,8,NA
367,5df178f0d47e70596c4db52b784c575546f0b6b0691df60e4455b90c66ef665f,benign,,2024,Amd64,0,6.3683809527289,DLL,RanDS_Behaviour_Activity_Dataset/dataset/5d/5df178f0d47e70596c4db52b784c575546f0b6b0691df60e4455b90c66ef665f.json,raw_reports/benign/5df178f0d47e70596c4db52b784c575546f0b6b0691df60e4455b90c66ef665f.json,248,9,1.0,35,0.14112903225806453,1.0,5,0,1.0
368,5e266a2a4020e13702d91fe37d49bfd4ce3c6143403793bfdb8e0903411aa818,benign,,2023,Amd64,0,6.1257131410549,DLL,RanDS_Behaviour_Activity_Dataset/dataset/5e/5e266a2a4020e13702d91fe37d49bfd4ce3c6143403793bfdb8e0903411aa818.json,raw_reports/benign/5e266a2a4020e13702d91fe37d49bfd4ce3c6143403793bfdb8e0903411aa818.json,380,10,1.0,17,0.04473684210526316,1.0,7,0,1.0
369,5e5868d3f825d7e7fcdc1ba607fda85b13274eb955bf15cc500247387e4e5237,benign,,2014,Amd64,0,6.0708588084602,DLL,RanDS_Behaviour_Activity_Dataset/dataset/5e/5e5868d3f825d7e7fcdc1ba607fda85b13274eb955bf15cc500247387e4e5237.json,raw_reports/benign/5e5868d3f825d7e7fcdc1ba607fda85b13274eb955bf15cc500247387e4e5237.json,282,12,1.0,12,0.0425531914893617,1.0,6,0,1.0
370,5e692765aadd7ccdffbb873251437d468bed06dead1139bbce96653a1c1e664b,benign,,2013,I386,0,6.4708792596581,DLL,RanDS_Behaviour_Activity_Dataset/dataset/5e/5e692765aadd7ccdffbb873251437d468bed06dead1139bbce96653a1c1e664b.json,raw_reports/benign/5e692765aadd7ccdffbb873251437d468bed06dead1139bbce96653a1c1e664b.json,404,10,1.0,46,0.11386138613861387,1.0,8,0,1.0
371,5e83a8ea4cb1ab89c8042cc41a74bdb4da1e158a0320bcd5a174ea3b973f8ecb,benign,,2010,Amd64,0,6.0077452161896,DLL,RanDS_Behaviour_Activity_Dataset/dataset/5e/5e83a8ea4cb1ab89c8042cc41a74bdb4da1e158a0320bcd5a174ea3b973f8ecb.json,raw_reports/benign/5e83a8ea4cb1ab89c8042cc41a74bdb4da1e158a0320bcd5a174ea3b973f8ecb.json,332,10,1.0,13,0.0391566265060241,1.0,7,0,1.0
372,5e9f33f5b9b214d1db0e9c2e3597a8aaecbd40e72807ac5ec1c50a42ceada1b9,benign,,2014,Amd64,0,5.9238131318566,EXE,RanDS_Behaviour_Activity_Dataset/dataset/5e/5e9f33f5b9b214d1db0e9c2e3597a8aaecbd40e72807ac5ec1c50a42ceada1b9.json,raw_reports/benign/5e9f33f5b9b214d1db0e9c2e3597a8aaecbd40e72807ac5ec1c50a42ceada1b9.json,165,12,1.0,7,0.04242424242424243,1.0,2,0,1.0
373,5ebc01b3d1fa70062ae09af75f0cd0b6471b942921fb397b811333d6fe7ef0f8,benign,,2013,Amd64,0,5.710840939653,DLL,RanDS_Behaviour_Activity_Dataset/dataset/5e/5ebc01b3d1fa70062ae09af75f0cd0b6471b942921fb397b811333d6fe7ef0f8.json,raw_reports/benign/5ebc01b3d1fa70062ae09af75f0cd0b6471b942921fb397b811333d6fe7ef0f8.json,312,7,0.875,5,0.016025641025641024,0.6666666666666666,3,3,1.0
374,5ed52838e3985c1f8b44916ef435fb3983cc0e03e8624ef2cededa6736c29e10,benign,,2014,Amd64,0,5.0595326373028,DLL,RanDS_Behaviour_Activity_Dataset/dataset/5e/5ed52838e3985c1f8b44916ef435fb3983cc0e03e8624ef2cededa6736c29e10.json,raw_reports/benign/5ed52838e3985c1f8b44916ef435fb3983cc0e03e8624ef2cededa6736c29e10.json,342,11,1.0,24,0.07017543859649122,1.0,5,0,1.0
375,5ed60f8c18eb22e0990b3670a3da334d93265ce87682996bcf90e1ca778ca29b,benign,,2010,I386,0,4.6762665595624,DLL,RanDS_Behaviour_Activity_Dataset/dataset/5e/5ed60f8c18eb22e0990b3670a3da334d93265ce87682996bcf90e1ca778ca29b.json,raw_reports/benign/5ed60f8c18eb22e0990b3670a3da334d93265ce87682996bcf90e1ca778ca29b.json,370,10,1.0,13,0.03513513513513514,1.0,5,0,1.0
376,5eef771095a35acd4a5b8b8957f985e953397456bac5203130d169ce7317c0e1,benign,,2020,I386,0,6.0811157851934,DLL,RanDS_Behaviour_Activity_Dataset/dataset/5e/5eef771095a35acd4a5b8b8957f985e953397456bac5203130d169ce7317c0e1.json,raw_reports/benign/5eef771095a35acd4a5b8b8957f985e953397456bac5203130d169ce7317c0e1.json,149,8,1.0,28,0.18791946308724833,1.0,4,0,1.0
377,5efed896bf1b5f2f818826bc26d5381c326f3f45cb0cf312b9fa1800e3826080,benign,,2024,Amd64,0,6.3724943905087,DLL,RanDS_Behaviour_Activity_Dataset/dataset/5e/5efed896bf1b5f2f818826bc26d5381c326f3f45cb0cf312b9fa1800e3826080.json,raw_reports/benign/5efed896bf1b5f2f818826bc26d5381c326f3f45cb0cf312b9fa1800e3826080.json,466,9,1.0,14,0.030042918454935622,1.0,5,0,1.0
378,5fcde2bf1454c45dfde3c11dc6a094309f3ad0efa5c6f1037f55336919183bdd,benign,,2013,Amd64,0,6.1095613691945,DLL,RanDS_Behaviour_Activity_Dataset/dataset/5f/5fcde2bf1454c45dfde3c11dc6a094309f3ad0efa5c6f1037f55336919183bdd.json,raw_reports/benign/5fcde2bf1454c45dfde3c11dc6a094309f3ad0efa5c6f1037f55336919183bdd.json,237,9,1.0,14,0.05907172995780591,1.0,4,0,1.0
379,5fcfb928e5156c542c75a7e841ceaadc799b06d01f7cc70fb98ab5dbfd40d7e8,benign,,2025,Amd64,1,6.5824294608998,DLL,RanDS_Behaviour_Activity_Dataset/dataset/5f/5fcfb928e5156c542c75a7e841ceaadc799b06d01f7cc70fb98ab5dbfd40d7e8.json,raw_reports/benign/5fcfb928e5156c542c75a7e841ceaadc799b06d01f7cc70fb98ab5dbfd40d7e8.json,469,12,1.0,29,0.06183368869936034,1.0,5,0,1.0
380,5fdcf73191bff9dbb03886755ffcf0bc15849f0e216884a5a8b9bb375fa7c1a5,benign,,2011,Amd64,0,5.7471164503783,EXE,RanDS_Behaviour_Activity_Dataset/dataset/5f/5fdcf73191bff9dbb03886755ffcf0bc15849f0e216884a5a8b9bb375fa7c1a5.json,raw_reports/benign/5fdcf73191bff9dbb03886755ffcf0bc15849f0e216884a5a8b9bb375fa7c1a5.json,851,13,1.0,33,0.038777908343125736,1.0,4,0,1.0
381,5ffe55992253eacb85f4cd40743bc75273758e98a7168aaa111518ed20772fd0,benign,,2025,Amd64,0,6.3148926844463,DLL,RanDS_Behaviour_Activity_Dataset/dataset/5f/5ffe55992253eacb85f4cd40743bc75273758e98a7168aaa111518ed20772fd0.json,raw_reports/benign/5ffe55992253eacb85f4cd40743bc75273758e98a7168aaa111518ed20772fd0.json,445,13,1.0,20,0.0449438202247191,1.0,6,0,1.0
382,6009ec35035bf28574ef0519785698b04dd1ebe88aa1ee6f96a397037d8a81b1,benign,,2019,I386,0,6.4651361248874,EXE,RanDS_Behaviour_Activity_Dataset/dataset/60/6009ec35035bf28574ef0519785698b04dd1ebe88aa1ee6f96a397037d8a81b1.json,raw_reports/benign/6009ec35035bf28574ef0519785698b04dd1ebe88aa1ee6f96a397037d8a81b1.json,143,11,1.0,13,0.09090909090909091,1.0,2,0,1.0
383,60d80c059b866c0810a7b3f933dedd2b54efc12c24f9cfbf676450111a4d81e2,benign,,2013,I386,1,6.7031373765798,DLL,RanDS_Behaviour_Activity_Dataset/dataset/60/60d80c059b866c0810a7b3f933dedd2b54efc12c24f9cfbf676450111a4d81e2.json,raw_reports/benign/60d80c059b866c0810a7b3f933dedd2b54efc12c24f9cfbf676450111a4d81e2.json,550,13,1.0,9,0.016363636363636365,1.0,7,0,1.0
384,60f7a2fc82c54a96d79c10dd04b5b395a447dec50835c91be2606f8be20d200b,benign,,2025,Amd64,0,6.1984724158276,DLL,RanDS_Behaviour_Activity_Dataset/dataset/60/60f7a2fc82c54a96d79c10dd04b5b395a447dec50835c91be2606f8be20d200b.json,raw_reports/benign/60f7a2fc82c54a96d79c10dd04b5b395a447dec50835c91be2606f8be20d200b.json,509,10,1.0,15,0.029469548133595286,1.0,7,0,1.0
385,611f9da6e7509e11291717d322b4c901ffdb66608378e4eb087618522b864f41,benign,,2016,I386,0,6.3387316594429,EXE,RanDS_Behaviour_Activity_Dataset/dataset/61/611f9da6e7509e11291717d322b4c901ffdb66608378e4eb087618522b864f41.json,raw_reports/benign/611f9da6e7509e11291717d322b4c901ffdb66608378e4eb087618522b864f41.json,45,6,0.75,6,0.13333333333333333,0.6666666666666666,0,3,NA
386,6122f9b363654ed472b4f90e6c0bdd10f1e0a466bea92b7ba2d3fd6eb7c756ec,benign,,2013,I386,0,2.9567417978497,EXE,RanDS_Behaviour_Activity_Dataset/dataset/61/6122f9b363654ed472b4f90e6c0bdd10f1e0a466bea92b7ba2d3fd6eb7c756ec.json,raw_reports/benign/6122f9b363654ed472b4f90e6c0bdd10f1e0a466bea92b7ba2d3fd6eb7c756ec.json,457,13,1.0,8,0.0175054704595186,1.0,2,0,1.0
387,612e1dc305dcc7a0b6f0cf919057569a6101ed104b524df8e50691c0a5ee903a,benign,,2013,I386,0,6.2803890726738,DLL,RanDS_Behaviour_Activity_Dataset/dataset/61/612e1dc305dcc7a0b6f0cf919057569a6101ed104b524df8e50691c0a5ee903a.json,raw_reports/benign/612e1dc305dcc7a0b6f0cf919057569a6101ed104b524df8e50691c0a5ee903a.json,374,7,0.875,4,0.0106951871657754,0.6666666666666666,4,3,1.0
388,618bab871bc042d3df170a3df1cfe512adb4a6c90c6ec38ae2a37b45c58abfb4,benign,,2018,I386,1,7.8383391529718,EXE,RanDS_Behaviour_Activity_Dataset/dataset/61/618bab871bc042d3df170a3df1cfe512adb4a6c90c6ec38ae2a37b45c58abfb4.json,raw_reports/benign/618bab871bc042d3df170a3df1cfe512adb4a6c90c6ec38ae2a37b45c58abfb4.json,228,9,1.0,0,0.0,0.6666666666666666,1,3,NA
389,61f62e13bcdc3aca983c87cc0c4da07893302216ad82eddd66fb5f5d641d855a,benign,,2024,I386,0,6.4466849868613,DLL,RanDS_Behaviour_Activity_Dataset/dataset/61/61f62e13bcdc3aca983c87cc0c4da07893302216ad82eddd66fb5f5d641d855a.json,raw_reports/benign/61f62e13bcdc3aca983c87cc0c4da07893302216ad82eddd66fb5f5d641d855a.json,309,10,1.0,12,0.038834951456310676,1.0,4,0,1.0
390,621889f502b996642dbdff5193632c7ad57974dc7032027c9d8d219d7b3bcb56,benign,,2019,I386,0,6.0919246559187,EXE,RanDS_Behaviour_Activity_Dataset/dataset/62/621889f502b996642dbdff5193632c7ad57974dc7032027c9d8d219d7b3bcb56.json,raw_reports/benign/621889f502b996642dbdff5193632c7ad57974dc7032027c9d8d219d7b3bcb56.json,700,12,1.0,17,0.024285714285714285,1.0,6,0,1.0
391,62fab9dafb5248fd950668b3bf6f6175bb086ea51e28b838f3e9b5ceee29b633,benign,,2024,Amd64,0,6.2788195598519,DLL,RanDS_Behaviour_Activity_Dataset/dataset/62/62fab9dafb5248fd950668b3bf6f6175bb086ea51e28b838f3e9b5ceee29b633.json,raw_reports/benign/62fab9dafb5248fd950668b3bf6f6175bb086ea51e28b838f3e9b5ceee29b633.json,87,8,1.0,11,0.12643678160919541,1.0,5,0,1.0
392,634427cb3213022c7a1a738ba3b164ae41a4e96cebfe3d53843918c66f168242,benign,,2017,I386,0,4.9069388110451,EXE,RanDS_Behaviour_Activity_Dataset/dataset/63/634427cb3213022c7a1a738ba3b164ae41a4e96cebfe3d53843918c66f168242.json,raw_reports/benign/634427cb3213022c7a1a738ba3b164ae41a4e96cebfe3d53843918c66f168242.json,192,7,0.875,0,0.0,0.5555555555555556,1,4,NA
393,63feb35b4cccf10ba73f3443eaaf23e718d6c43b4635fc87df301074d6d58439,benign,,2020,Amd64,0,6.3843580711679,DLL,RanDS_Behaviour_Activity_Dataset/dataset/63/63feb35b4cccf10ba73f3443eaaf23e718d6c43b4635fc87df301074d6d58439.json,raw_reports/benign/63feb35b4cccf10ba73f3443eaaf23e718d6c43b4635fc87df301074d6d58439.json,243,11,1.0,17,0.06995884773662552,1.0,5,0,1.0
394,64806de3b7e1bbba145e8893232af5f87b0d8d613f603466ebd0af562b9e5813,benign,,2025,Amd64,1,6.5034761197106,DLL,RanDS_Behaviour_Activity_Dataset/dataset/64/64806de3b7e1bbba145e8893232af5f87b0d8d613f603466ebd0af562b9e5813.json,raw_reports/benign/64806de3b7e1bbba145e8893232af5f87b0d8d613f603466ebd0af562b9e5813.json,70,6,0.75,13,0.18571428571428572,1.0,4,0,1.0
395,65411d4bfdcf06632824757c413b3a553d323db84aa901afb433ac4b1ed81ab8,benign,,2018,I386,0,5.1810193777954,EXE,RanDS_Behaviour_Activity_Dataset/dataset/65/65411d4bfdcf06632824757c413b3a553d323db84aa901afb433ac4b1ed81ab8.json,raw_reports/benign/65411d4bfdcf06632824757c413b3a553d323db84aa901afb433ac4b1ed81ab8.json,115,7,0.875,0,0.0,0.5555555555555556,1,4,NA
396,654d8aee92ed8103aba28bb9f885dee567eea395614a3d61a467c42f48208dcd,benign,,2025,I386,1,6.7445725148283,DLL,RanDS_Behaviour_Activity_Dataset/dataset/65/654d8aee92ed8103aba28bb9f885dee567eea395614a3d61a467c42f48208dcd.json,raw_reports/benign/654d8aee92ed8103aba28bb9f885dee567eea395614a3d61a467c42f48208dcd.json,152,9,1.0,20,0.13157894736842105,1.0,5,0,1.0
397,65653242595890a3876313be81c13d839c2cbbaa31491ce1c6a3c409e1b9ece7,benign,,2022,I386,0,1.663861613652,EXE,RanDS_Behaviour_Activity_Dataset/dataset/65/65653242595890a3876313be81c13d839c2cbbaa31491ce1c6a3c409e1b9ece7.json,raw_reports/benign/65653242595890a3876313be81c13d839c2cbbaa31491ce1c6a3c409e1b9ece7.json,600,14,1.0,10,0.016666666666666666,1.0,4,0,1.0
398,6569ccbb423f6f42b534ff58777d3c9f0ff6c5da12dfcd23b48b6b26a9830bff,benign,,2024,Amd64,0,6.294897473118,DLL,RanDS_Behaviour_Activity_Dataset/dataset/65/6569ccbb423f6f42b534ff58777d3c9f0ff6c5da12dfcd23b48b6b26a9830bff.json,raw_reports/benign/6569ccbb423f6f42b534ff58777d3c9f0ff6c5da12dfcd23b48b6b26a9830bff.json,675,9,1.0,35,0.05185185185185185,1.0,5,0,1.0
399,65b6fe118757e7eb7645df39161e40da41944e881c6eb24ceda4e5586077f7a8,benign,,2015,Amd64,0,6.0110452720643,EXE,RanDS_Behaviour_Activity_Dataset/dataset/65/65b6fe118757e7eb7645df39161e40da41944e881c6eb24ceda4e5586077f7a8.json,raw_reports/benign/65b6fe118757e7eb7645df39161e40da41944e881c6eb24ceda4e5586077f7a8.json,89,9,1.0,10,0.11235955056179775,0.7777777777777778,3,2,1.0
400,65b72663e544f03cfab3dcb846eada3c72e69aba5bf0d38e9b4be3794f3a5f9e,benign,,2014,I386,0,6.3763594705064,EXE,RanDS_Behaviour_Activity_Dataset/dataset/65/65b72663e544f03cfab3dcb846eada3c72e69aba5bf0d38e9b4be3794f3a5f9e.json,raw_reports/benign/65b72663e544f03cfab3dcb846eada3c72e69aba5bf0d38e9b4be3794f3a5f9e.json,51,4,0.5,0,0.0,0.1111111111111111,1,8,NA
401,65e8efebdf388f3075817f451ed96c4765bf83c0408b84f4f4f71a3f4214da8c,benign,,2011,Amd64,1,6.505012198954,DLL,RanDS_Behaviour_Activity_Dataset/dataset/65/65e8efebdf388f3075817f451ed96c4765bf83c0408b84f4f4f71a3f4214da8c.json,raw_reports/benign/65e8efebdf388f3075817f451ed96c4765bf83c0408b84f4f4f71a3f4214da8c.json,251,10,1.0,15,0.05976095617529881,1.0,5,0,1.0
402,66557124cfd172ad6bf7590d71cc4719b3365e311a53b0ac287caef799254148,benign,,2023,I386,0,5.3424280935784,EXE,RanDS_Behaviour_Activity_Dataset/dataset/66/66557124cfd172ad6bf7590d71cc4719b3365e311a53b0ac287caef799254148.json,raw_reports/benign/66557124cfd172ad6bf7590d71cc4719b3365e311a53b0ac287caef799254148.json,120,11,1.0,21,0.175,1.0,2,0,1.0
403,6708db3c554fcbedeeaaa4876493565d8aacd2bf296f1753d5f7607ec2882772,benign,,2014,I386,0,6.0948990603453,EXE,RanDS_Behaviour_Activity_Dataset/dataset/67/6708db3c554fcbedeeaaa4876493565d8aacd2bf296f1753d5f7607ec2882772.json,raw_reports/benign/6708db3c554fcbedeeaaa4876493565d8aacd2bf296f1753d5f7607ec2882772.json,77,6,0.75,0,0.0,0.5555555555555556,2,4,1.0
404,67682677ff1837d8515850ade33423c63062b6cf011ef5aef8176b070f3b126a,benign,,2024,I386,0,6.374416959329,DLL,RanDS_Behaviour_Activity_Dataset/dataset/67/67682677ff1837d8515850ade33423c63062b6cf011ef5aef8176b070f3b126a.json,raw_reports/benign/67682677ff1837d8515850ade33423c63062b6cf011ef5aef8176b070f3b126a.json,132,7,0.875,12,0.09090909090909091,1.0,4,0,1.0
405,676d2ebe22f7545f100ce151e47b1b1359455bb3bc42e18e61018a6d01c35293,benign,,2014,I386,0,6.3899094062355,EXE,RanDS_Behaviour_Activity_Dataset/dataset/67/676d2ebe22f7545f100ce151e47b1b1359455bb3bc42e18e61018a6d01c35293.json,raw_reports/benign/676d2ebe22f7545f100ce151e47b1b1359455bb3bc42e18e61018a6d01c35293.json,175,11,1.0,15,0.08571428571428572,1.0,2,0,1.0
406,6813b9379d2fcc72b6a82d8b19d9c645446b3ce7aa7f129c1f7915e01ce90fce,benign,,2014,I386,0,5.6772451146705,EXE,RanDS_Behaviour_Activity_Dataset/dataset/68/6813b9379d2fcc72b6a82d8b19d9c645446b3ce7aa7f129c1f7915e01ce90fce.json,raw_reports/benign/6813b9379d2fcc72b6a82d8b19d9c645446b3ce7aa7f129c1f7915e01ce90fce.json,268,14,1.0,9,0.033582089552238806,1.0,3,0,1.0
407,68705c4ef9ab818f2956a78e05f3fefce501a1448793b073b46110beb49b47d6,benign,,2017,Amd64,0,6.3339716549612,DLL,RanDS_Behaviour_Activity_Dataset/dataset/68/68705c4ef9ab818f2956a78e05f3fefce501a1448793b073b46110beb49b47d6.json,raw_reports/benign/68705c4ef9ab818f2956a78e05f3fefce501a1448793b073b46110beb49b47d6.json,1880,11,1.0,78,0.04148936170212766,1.0,8,0,1.0
408,687e8f37f69c52f9f3e3786d962a04f431d3cee9565ea8c953039d1ea571739f,benign,,2017,I386,0,4.8778669966939,EXE,RanDS_Behaviour_Activity_Dataset/dataset/68/687e8f37f69c52f9f3e3786d962a04f431d3cee9565ea8c953039d1ea571739f.json,raw_reports/benign/687e8f37f69c52f9f3e3786d962a04f431d3cee9565ea8c953039d1ea571739f.json,192,7,0.875,0,0.0,0.5555555555555556,1,4,NA
409,6883f9f32162b99c00b54d84d8c0d6f5bc55dd124cf68b64cbd0aac764b0b60f,benign,,2024,Amd64,0,5.8854148176278,DLL,RanDS_Behaviour_Activity_Dataset/dataset/68/6883f9f32162b99c00b54d84d8c0d6f5bc55dd124cf68b64cbd0aac764b0b60f.json,raw_reports/benign/6883f9f32162b99c00b54d84d8c0d6f5bc55dd124cf68b64cbd0aac764b0b60f.json,435,14,1.0,10,0.022988505747126436,1.0,6,0,1.0
410,689530ec7a24715d5182ec96cd2e8391bd4b1bfd58c9e7a0fd2e1ff5601da3f2,benign,,2014,Amd64,0,6.3510565752905,EXE,RanDS_Behaviour_Activity_Dataset/dataset/68/689530ec7a24715d5182ec96cd2e8391bd4b1bfd58c9e7a0fd2e1ff5601da3f2.json,raw_reports/benign/689530ec7a24715d5182ec96cd2e8391bd4b1bfd58c9e7a0fd2e1ff5601da3f2.json,139,14,1.0,10,0.07194244604316546,1.0,2,0,1.0
411,6896c1f21cc9a5bc17e2e2fb645669ae708cb378c63e5eef11b3e95527f3da32,benign,,2013,I386,0,5.9746623539858,DLL,RanDS_Behaviour_Activity_Dataset/dataset/68/6896c1f21cc9a5bc17e2e2fb645669ae708cb378c63e5eef11b3e95527f3da32.json,raw_reports/benign/6896c1f21cc9a5bc17e2e2fb645669ae708cb378c63e5eef11b3e95527f3da32.json,110,5,0.625,9,0.08181818181818182,0.5555555555555556,2,4,1.0
412,68ce18e462d34ae0fcf066f22a81f7bb9b05942815d963a5a2e02ac9634bee2b,benign,,2010,I386,0,6.143696901079,EXE,RanDS_Behaviour_Activity_Dataset/dataset/68/68ce18e462d34ae0fcf066f22a81f7bb9b05942815d963a5a2e02ac9634bee2b.json,raw_reports/benign/68ce18e462d34ae0fcf066f22a81f7bb9b05942815d963a5a2e02ac9634bee2b.json,180,13,1.0,11,0.06111111111111111,1.0,3,0,1.0
413,68cfa656e000df7e6b2e38c24f28bae954136562486d6e9b40ff8602e37f6f58,benign,,2020,Amd64,1,6.7780601350655,DLL,RanDS_Behaviour_Activity_Dataset/dataset/68/68cfa656e000df7e6b2e38c24f28bae954136562486d6e9b40ff8602e37f6f58.json,raw_reports/benign/68cfa656e000df7e6b2e38c24f28bae954136562486d6e9b40ff8602e37f6f58.json,489,14,1.0,27,0.05521472392638037,1.0,6,0,1.0
414,69803d21866c3f6c94b4691372e3e5342faaca096bc32e5522a496ffdc400f0c,benign,,2015,I386,1,6.5499682412843,EXE,RanDS_Behaviour_Activity_Dataset/dataset/69/69803d21866c3f6c94b4691372e3e5342faaca096bc32e5522a496ffdc400f0c.json,raw_reports/benign/69803d21866c3f6c94b4691372e3e5342faaca096bc32e5522a496ffdc400f0c.json,91,9,1.0,5,0.054945054945054944,0.7777777777777778,1,2,1.0
415,698400e91a5e91f68b9a403b2c3cff4f093109982c6c2b5854fd56a11beec0e9,benign,,2013,I386,1,7.1834211897994,EXE,RanDS_Behaviour_Activity_Dataset/dataset/69/698400e91a5e91f68b9a403b2c3cff4f093109982c6c2b5854fd56a11beec0e9.json,raw_reports/benign/698400e91a5e91f68b9a403b2c3cff4f093109982c6c2b5854fd56a11beec0e9.json,207,14,1.0,7,0.033816425120772944,1.0,3,0,1.0
416,69bde3d0cac1b537791b7849df146343d09bc67c7a470a7b8b82eb84c3b8c835,benign,,2025,Amd64,1,6.5035325062317,DLL,RanDS_Behaviour_Activity_Dataset/dataset/69/69bde3d0cac1b537791b7849df146343d09bc67c7a470a7b8b82eb84c3b8c835.json,raw_reports/benign/69bde3d0cac1b537791b7849df146343d09bc67c7a470a7b8b82eb84c3b8c835.json,450,12,1.0,23,0.051111111111111114,1.0,5,0,1.0
417,6a22bee3e8320b461d86ec6079819753d1009c410538843667849921b59bb82e,benign,,2024,Amd64,0,5.5813068792132,DLL,RanDS_Behaviour_Activity_Dataset/dataset/6a/6a22bee3e8320b461d86ec6079819753d1009c410538843667849921b59bb82e.json,raw_reports/benign/6a22bee3e8320b461d86ec6079819753d1009c410538843667849921b59bb82e.json,21,7,0.875,4,0.19047619047619047,0.7777777777777778,4,2,1.0
418,6a8e007d562524695e1e0076cdf63f86583a0047b6d8a6b73fd2b261680b4787,benign,,2013,I386,0,2.6230411228023,EXE,RanDS_Behaviour_Activity_Dataset/dataset/6a/6a8e007d562524695e1e0076cdf63f86583a0047b6d8a6b73fd2b261680b4787.json,raw_reports/benign/6a8e007d562524695e1e0076cdf63f86583a0047b6d8a6b73fd2b261680b4787.json,103,7,0.875,0,0.0,0.5555555555555556,1,4,NA
419,6aaf17314e0ce9a18ddd3cb88e19be5baba8213908892cc4b343c91d18b589d9,benign,,2024,Amd64,0,6.3229841307314,DLL,RanDS_Behaviour_Activity_Dataset/dataset/6a/6aaf17314e0ce9a18ddd3cb88e19be5baba8213908892cc4b343c91d18b589d9.json,raw_reports/benign/6aaf17314e0ce9a18ddd3cb88e19be5baba8213908892cc4b343c91d18b589d9.json,259,10,1.0,38,0.14671814671814673,1.0,7,0,1.0
420,6b4f305d0579bf0203d18c8b1d74786802df09e28a941f2f9d416819e0ce2ccc,benign,,2014,I386,1,6.6012354721835,EXE,RanDS_Behaviour_Activity_Dataset/dataset/6b/6b4f305d0579bf0203d18c8b1d74786802df09e28a941f2f9d416819e0ce2ccc.json,raw_reports/benign/6b4f305d0579bf0203d18c8b1d74786802df09e28a941f2f9d416819e0ce2ccc.json,391,8,1.0,1,0.0025575447570332483,0.6666666666666666,2,3,1.0
421,6b6828e06332805fda887ed181464fd11a16f49acade2856f3cf69e98d81dedb,benign,,2009,I386,0,5.3736565900952,DLL,RanDS_Behaviour_Activity_Dataset/dataset/6b/6b6828e06332805fda887ed181464fd11a16f49acade2856f3cf69e98d81dedb.json,raw_reports/benign/6b6828e06332805fda887ed181464fd11a16f49acade2856f3cf69e98d81dedb.json,525,10,1.0,13,0.024761904761904763,1.0,5,0,1.0
422,6b86f22d00f1526ae8d346a984ef899612ca00a226738c777c427f61c09a726a,benign,,2024,I386,0,6.1062703836758,EXE,RanDS_Behaviour_Activity_Dataset/dataset/6b/6b86f22d00f1526ae8d346a984ef899612ca00a226738c777c427f61c09a726a.json,raw_reports/benign/6b86f22d00f1526ae8d346a984ef899612ca00a226738c777c427f61c09a726a.json,117,11,1.0,14,0.11965811965811966,1.0,2,0,1.0
423,6b9b772b6dc0842e22fafb55c30ffd1a7afa84d86c8c181362aa993468948c93,benign,,2024,Amd64,0,6.3351140721054,DLL,RanDS_Behaviour_Activity_Dataset/dataset/6b/6b9b772b6dc0842e22fafb55c30ffd1a7afa84d86c8c181362aa993468948c93.json,raw_reports/benign/6b9b772b6dc0842e22fafb55c30ffd1a7afa84d86c8c181362aa993468948c93.json,448,12,1.0,27,0.060267857142857144,1.0,5,0,1.0
424,6ba23b5102f9ab8b74ada2a47be870e1ff3bb27b92cd78e2bc6421ee1de44941,benign,,2015,I386,1,6.9026520755803,EXE,RanDS_Behaviour_Activity_Dataset/dataset/6b/6ba23b5102f9ab8b74ada2a47be870e1ff3bb27b92cd78e2bc6421ee1de44941.json,raw_reports/benign/6ba23b5102f9ab8b74ada2a47be870e1ff3bb27b92cd78e2bc6421ee1de44941.json,1065,15,1.0,49,0.046009389671361506,1.0,7,0,1.0
425,6bd64d0723959de65704a9351d7724aee59de02e8db973bf52615807dad8a547,benign,,2010,Amd64,0,5.1867351141751,DLL,RanDS_Behaviour_Activity_Dataset/dataset/6b/6bd64d0723959de65704a9351d7724aee59de02e8db973bf52615807dad8a547.json,raw_reports/benign/6bd64d0723959de65704a9351d7724aee59de02e8db973bf52615807dad8a547.json,102,8,1.0,11,0.10784313725490197,1.0,4,0,1.0
426,6c33aaf37159fdcf4208b8ffcf902f3c722f271a7ebd5ef97bc6e4beb3086435,benign,,2015,I386,0,5.9685744290772,EXE,RanDS_Behaviour_Activity_Dataset/dataset/6c/6c33aaf37159fdcf4208b8ffcf902f3c722f271a7ebd5ef97bc6e4beb3086435.json,raw_reports/benign/6c33aaf37159fdcf4208b8ffcf902f3c722f271a7ebd5ef97bc6e4beb3086435.json,130,7,0.875,0,0.0,0.5555555555555556,2,4,NA
427,6c36ac6a33681ea43c92be566a990ba264baaf6df965f4c57643acbb356ea614,benign,,2014,Amd64,0,6.2737614598785,DLL,RanDS_Behaviour_Activity_Dataset/dataset/6c/6c36ac6a33681ea43c92be566a990ba264baaf6df965f4c57643acbb356ea614.json,raw_reports/benign/6c36ac6a33681ea43c92be566a990ba264baaf6df965f4c57643acbb356ea614.json,88,11,1.0,0,0.0,1.0,4,0,1.0
428,6c85e4716f454503b553d686f74fdcf6f1ac53ec7398ba8fe18cb6d447763828,benign,,2025,Amd64,0,6.22814403566,EXE,RanDS_Behaviour_Activity_Dataset/dataset/6c/6c85e4716f454503b553d686f74fdcf6f1ac53ec7398ba8fe18cb6d447763828.json,raw_reports/benign/6c85e4716f454503b553d686f74fdcf6f1ac53ec7398ba8fe18cb6d447763828.json,117,11,1.0,15,0.1282051282051282,1.0,2,0,1.0
429,6cbfbbfe15b40ec45a94387312f1e9240cc9bf86a796561e7061722d1113dd2b,benign,,2023,Amd64,0,4.4880361102081,DLL,RanDS_Behaviour_Activity_Dataset/dataset/6c/6cbfbbfe15b40ec45a94387312f1e9240cc9bf86a796561e7061722d1113dd2b.json,raw_reports/benign/6cbfbbfe15b40ec45a94387312f1e9240cc9bf86a796561e7061722d1113dd2b.json,419,11,1.0,19,0.045346062052505964,1.0,5,0,1.0
430,6cc9a860d95093d8d37a6990171f452b2e52465a0a3e36a7f5cd7fc1a9c4831c,benign,,2024,Amd64,0,5.7817462489932,DLL,RanDS_Behaviour_Activity_Dataset/dataset/6c/6cc9a860d95093d8d37a6990171f452b2e52465a0a3e36a7f5cd7fc1a9c4831c.json,raw_reports/benign/6cc9a860d95093d8d37a6990171f452b2e52465a0a3e36a7f5cd7fc1a9c4831c.json,276,10,1.0,19,0.06884057971014493,1.0,5,0,1.0
431,6cd7cc4b72db91f168c36c500c1be9ae391c1ff09cd65295bb24267d35373fd9,benign,,2013,Amd64,0,5.1944741979706,EXE,RanDS_Behaviour_Activity_Dataset/dataset/6c/6cd7cc4b72db91f168c36c500c1be9ae391c1ff09cd65295bb24267d35373fd9.json,raw_reports/benign/6cd7cc4b72db91f168c36c500c1be9ae391c1ff09cd65295bb24267d35373fd9.json,1526,15,1.0,31,0.020314547837483616,1.0,6,0,1.0
432,6cf747295385e6844fd7c2b979493f8fb6c92c6c99a533a01eeaac7f8cb51622,benign,,2024,I386,1,7.4049052353055,EXE,RanDS_Behaviour_Activity_Dataset/dataset/6c/6cf747295385e6844fd7c2b979493f8fb6c92c6c99a533a01eeaac7f8cb51622.json,raw_reports/benign/6cf747295385e6844fd7c2b979493f8fb6c92c6c99a533a01eeaac7f8cb51622.json,57,10,1.0,7,0.12280701754385964,1.0,2,0,1.0
433,6d67cb98877af3f16e43f576b6f7dd01686e64f8d833fc9ef258d93add128937,benign,,2015,I386,1,7.0370277803893,EXE,RanDS_Behaviour_Activity_Dataset/dataset/6d/6d67cb98877af3f16e43f576b6f7dd01686e64f8d833fc9ef258d93add128937.json,raw_reports/benign/6d67cb98877af3f16e43f576b6f7dd01686e64f8d833fc9ef258d93add128937.json,213,10,1.0,2,0.009389671361502348,0.8888888888888888,2,1,1.0
434,6d9f73e6bb92aab61d186bc5865f4fd7f8e4c03055a3f18eb5669867cd044268,benign,,2014,I386,0,6.1355945823609,DLL,RanDS_Behaviour_Activity_Dataset/dataset/6d/6d9f73e6bb92aab61d186bc5865f4fd7f8e4c03055a3f18eb5669867cd044268.json,raw_reports/benign/6d9f73e6bb92aab61d186bc5865f4fd7f8e4c03055a3f18eb5669867cd044268.json,490,8,1.0,12,0.024489795918367346,0.7777777777777778,4,2,1.0
435,6db75e0a20f86a7433447c27d476060d460381fb2782c0afa0b8e9fff34acc9f,benign,,2019,Amd64,0,6.1277725221301,DLL,RanDS_Behaviour_Activity_Dataset/dataset/6d/6db75e0a20f86a7433447c27d476060d460381fb2782c0afa0b8e9fff34acc9f.json,raw_reports/benign/6db75e0a20f86a7433447c27d476060d460381fb2782c0afa0b8e9fff34acc9f.json,128,8,1.0,69,0.5390625,1.0,4,0,1.0
436,6dbdc076f26fd80ca58263283146d9df73ea77313266b737a021bb8726fd764e,benign,,2012,I386,0,6.2170100863997,EXE,RanDS_Behaviour_Activity_Dataset/dataset/6d/6dbdc076f26fd80ca58263283146d9df73ea77313266b737a021bb8726fd764e.json,raw_reports/benign/6dbdc076f26fd80ca58263283146d9df73ea77313266b737a021bb8726fd764e.json,85,7,0.875,0,0.0,0.7777777777777778,1,2,1.0
437,6deedad652bfab7b09ebd0e06045810390b6ac6cb5aa9ef41c9daa5616181f22,benign,,2009,I386,1,7.337038631318,DLL,RanDS_Behaviour_Activity_Dataset/dataset/6d/6deedad652bfab7b09ebd0e06045810390b6ac6cb5aa9ef41c9daa5616181f22.json,raw_reports/benign/6deedad652bfab7b09ebd0e06045810390b6ac6cb5aa9ef41c9daa5616181f22.json,1218,14,1.0,33,0.027093596059113302,1.0,7,0,1.0
438,6def0db5f9b50e9b0afee1cf50066beb4fb7e15e2dc829a499509925660d6992,benign,,2013,I386,1,6.7133254240896,EXE,RanDS_Behaviour_Activity_Dataset/dataset/6d/6def0db5f9b50e9b0afee1cf50066beb4fb7e15e2dc829a499509925660d6992.json,raw_reports/benign/6def0db5f9b50e9b0afee1cf50066beb4fb7e15e2dc829a499509925660d6992.json,740,14,1.0,11,0.014864864864864866,1.0,5,0,1.0
439,6df06dd5234073d87cc649ad07254d7a73740d5ca4062cd012cc436f4a345902,benign,,2022,I386,0,6.4756109482639,EXE,RanDS_Behaviour_Activity_Dataset/dataset/6d/6df06dd5234073d87cc649ad07254d7a73740d5ca4062cd012cc436f4a345902.json,raw_reports/benign/6df06dd5234073d87cc649ad07254d7a73740d5ca4062cd012cc436f4a345902.json,74,10,1.0,11,0.14864864864864866,1.0,3,0,1.0
440,6e310becbc88ea8e2fce4076ebe6e94f6ae211164cb963278416034aa4ef53af,benign,,2023,Amd64,0,5.7028030740089,DLL,RanDS_Behaviour_Activity_Dataset/dataset/6e/6e310becbc88ea8e2fce4076ebe6e94f6ae211164cb963278416034aa4ef53af.json,raw_reports/benign/6e310becbc88ea8e2fce4076ebe6e94f6ae211164cb963278416034aa4ef53af.json,334,9,1.0,14,0.041916167664670656,1.0,6,0,1.0
441,6e4c169ded78eda225c3c48b0e67bde17542240364f3701053fbd5688dc43119,benign,,2023,I386,0,6.4333320038172,DLL,RanDS_Behaviour_Activity_Dataset/dataset/6e/6e4c169ded78eda225c3c48b0e67bde17542240364f3701053fbd5688dc43119.json,raw_reports/benign/6e4c169ded78eda225c3c48b0e67bde17542240364f3701053fbd5688dc43119.json,364,9,1.0,16,0.04395604395604396,1.0,5,0,1.0
442,6e6dbc1539ed340c52246f167ed5a55ac21b07d528fe6be6976bff6134c4463b,benign,,2024,Amd64,0,6.265009072764,DLL,RanDS_Behaviour_Activity_Dataset/dataset/6e/6e6dbc1539ed340c52246f167ed5a55ac21b07d528fe6be6976bff6134c4463b.json,raw_reports/benign/6e6dbc1539ed340c52246f167ed5a55ac21b07d528fe6be6976bff6134c4463b.json,97,7,0.875,12,0.12371134020618557,1.0,4,0,1.0
443,6ebc852aa512b6f371265084900f4f268131894889fe6b535218d1bebe66c8a0,benign,,2019,I386,1,6.674137432521,EXE,RanDS_Behaviour_Activity_Dataset/dataset/6e/6ebc852aa512b6f371265084900f4f268131894889fe6b535218d1bebe66c8a0.json,raw_reports/benign/6ebc852aa512b6f371265084900f4f268131894889fe6b535218d1bebe66c8a0.json,252,12,1.0,18,0.07142857142857142,1.0,4,0,1.0
444,6ed1e412701e7125e6d8f1e3d4c3d936ea7e3a92c826c4fd6f185e9db6c3465f,benign,,2025,Amd64,0,6.4350893862433,EXE,RanDS_Behaviour_Activity_Dataset/dataset/6e/6ed1e412701e7125e6d8f1e3d4c3d936ea7e3a92c826c4fd6f185e9db6c3465f.json,raw_reports/benign/6ed1e412701e7125e6d8f1e3d4c3d936ea7e3a92c826c4fd6f185e9db6c3465f.json,298,10,1.0,6,0.020134228187919462,1.0,5,0,1.0
445,6ee861bb2190268619869ae106725bbcc43cd8889364f555d4e3f6b4ebeb0304,benign,,2016,I386,0,2.3002202065016,EXE,RanDS_Behaviour_Activity_Dataset/dataset/6e/6ee861bb2190268619869ae106725bbcc43cd8889364f555d4e3f6b4ebeb0304.json,raw_reports/benign/6ee861bb2190268619869ae106725bbcc43cd8889364f555d4e3f6b4ebeb0304.json,108,6,0.75,0,0.0,0.5555555555555556,1,4,NA
446,6f45469d7e8803419774dbd3a05187574b15358545c8781be3314f475c56061a,benign,,2015,I386,0,5.4341002490111,EXE,RanDS_Behaviour_Activity_Dataset/dataset/6f/6f45469d7e8803419774dbd3a05187574b15358545c8781be3314f475c56061a.json,raw_reports/benign/6f45469d7e8803419774dbd3a05187574b15358545c8781be3314f475c56061a.json,174,8,1.0,0,0.0,0.6666666666666666,2,3,NA
447,6f5c0e74fd9586d1367112e5b5455d129fd811f9643cf7253b64f610e355cff8,benign,,2013,I386,0,6.400198383831,DLL,RanDS_Behaviour_Activity_Dataset/dataset/6f/6f5c0e74fd9586d1367112e5b5455d129fd811f9643cf7253b64f610e355cff8.json,raw_reports/benign/6f5c0e74fd9586d1367112e5b5455d129fd811f9643cf7253b64f610e355cff8.json,24,4,0.5,13,0.5416666666666666,0.6666666666666666,2,3,NA
448,6fd86edefb1a249716acd81189af24b7041372c1a62a0a22fa80015305a0381f,benign,,2013,I386,0,5.4579264344656,EXE,RanDS_Behaviour_Activity_Dataset/dataset/6f/6fd86edefb1a249716acd81189af24b7041372c1a62a0a22fa80015305a0381f.json,raw_reports/benign/6fd86edefb1a249716acd81189af24b7041372c1a62a0a22fa80015305a0381f.json,378,8,1.0,0,0.0,0.5555555555555556,1,4,NA
449,70323b309e05cf98c7fbf629730f9fbd86ff63b48e334e9ee9a7cdfef03c6a09,benign,,2024,Amd64,0,6.1936938795042,DLL,RanDS_Behaviour_Activity_Dataset/dataset/70/70323b309e05cf98c7fbf629730f9fbd86ff63b48e334e9ee9a7cdfef03c6a09.json,raw_reports/benign/70323b309e05cf98c7fbf629730f9fbd86ff63b48e334e9ee9a7cdfef03c6a09.json,115,7,0.875,34,0.2956521739130435,1.0,4,0,1.0
450,704fe71ddf8c67d7e954743590761a550e04af82798517600d1a2d5858dc6a8d,benign,,2011,I386,1,6.506689704931,DLL,RanDS_Behaviour_Activity_Dataset/dataset/70/704fe71ddf8c67d7e954743590761a550e04af82798517600d1a2d5858dc6a8d.json,raw_reports/benign/704fe71ddf8c67d7e954743590761a550e04af82798517600d1a2d5858dc6a8d.json,193,9,1.0,6,0.031088082901554404,1.0,5,0,1.0
451,70b71c37ec55bf9ec9a04cdc8fe20453fcbd4b6d6f2d668be0739496a1025ce5,benign,,2014,I386,1,6.5008673677672,DLL,RanDS_Behaviour_Activity_Dataset/dataset/70/70b71c37ec55bf9ec9a04cdc8fe20453fcbd4b6d6f2d668be0739496a1025ce5.json,raw_reports/benign/70b71c37ec55bf9ec9a04cdc8fe20453fcbd4b6d6f2d668be0739496a1025ce5.json,512,9,1.0,21,0.041015625,1.0,5,0,1.0
452,711ee1648675dd4871e3ca586db3dd1f8d513a0b6115302fc1d8b04e3a3cc6c8,benign,,2024,I386,0,5.8377257987917,EXE,RanDS_Behaviour_Activity_Dataset/dataset/71/711ee1648675dd4871e3ca586db3dd1f8d513a0b6115302fc1d8b04e3a3cc6c8.json,raw_reports/benign/711ee1648675dd4871e3ca586db3dd1f8d513a0b6115302fc1d8b04e3a3cc6c8.json,93,10,1.0,8,0.08602150537634409,1.0,2,0,1.0
453,715b4174065916a6412f60b3c10664b323dc737fd717ab09627083be34626fe0,benign,,2023,Amd64,0,6.295828374781,EXE,RanDS_Behaviour_Activity_Dataset/dataset/71/715b4174065916a6412f60b3c10664b323dc737fd717ab09627083be34626fe0.json,raw_reports/benign/715b4174065916a6412f60b3c10664b323dc737fd717ab09627083be34626fe0.json,92,11,1.0,12,0.13043478260869565,1.0,4,0,1.0
454,7160fa51a4cfa4c68fe46658714ee9eb1f406cb6e9e1d37ced87a66f6b45dbe6,benign,,2024,I386,1,6.6721393136579,EXE,RanDS_Behaviour_Activity_Dataset/dataset/71/7160fa51a4cfa4c68fe46658714ee9eb1f406cb6e9e1d37ced87a66f6b45dbe6.json,raw_reports/benign/7160fa51a4cfa4c68fe46658714ee9eb1f406cb6e9e1d37ced87a66f6b45dbe6.json,60,8,1.0,7,0.11666666666666667,1.0,2,0,1.0
455,71eeea877254d32c1368d873a0a856656de24ccd7e0c2b5304ec0e9ddc038b70,benign,,2009,I386,0,6.1612438536094,EXE,RanDS_Behaviour_Activity_Dataset/dataset/71/71eeea877254d32c1368d873a0a856656de24ccd7e0c2b5304ec0e9ddc038b70.json,raw_reports/benign/71eeea877254d32c1368d873a0a856656de24ccd7e0c2b5304ec0e9ddc038b70.json,158,8,1.0,0,0.0,0.6666666666666666,2,3,NA
456,7226c79909c49b3a1c9f6859c58afbca071770f119cd883ba2531d94dab01b58,benign,,2015,Amd64,0,6.2174886221497,EXE,RanDS_Behaviour_Activity_Dataset/dataset/72/7226c79909c49b3a1c9f6859c58afbca071770f119cd883ba2531d94dab01b58.json,raw_reports/benign/7226c79909c49b3a1c9f6859c58afbca071770f119cd883ba2531d94dab01b58.json,84,7,0.875,9,0.10714285714285714,0.7777777777777778,1,2,1.0
457,7256e3faa787b7f20fb377779e817dbc2bb1aa73a874938026b1995ae83e7f7d,benign,,2023,Amd64,0,6.319456603801,DLL,RanDS_Behaviour_Activity_Dataset/dataset/72/7256e3faa787b7f20fb377779e817dbc2bb1aa73a874938026b1995ae83e7f7d.json,raw_reports/benign/7256e3faa787b7f20fb377779e817dbc2bb1aa73a874938026b1995ae83e7f7d.json,120,8,1.0,7,0.058333333333333334,1.0,4,0,1.0
458,72b0e41403c147f8cc1543d154070eb0c5cfa0fc7163f1b56382e43ed7b794d8,benign,,2017,I386,1,6.7568703063617,DLL,RanDS_Behaviour_Activity_Dataset/dataset/72/72b0e41403c147f8cc1543d154070eb0c5cfa0fc7163f1b56382e43ed7b794d8.json,raw_reports/benign/72b0e41403c147f8cc1543d154070eb0c5cfa0fc7163f1b56382e43ed7b794d8.json,73,6,0.75,2,0.0273972602739726,0.7777777777777778,1,2,NA
459,72d2620ed8f636cb13a757c67e472683e8fb0a395953ca14f429007a0b76a535,benign,,2013,Amd64,0,5.9638787140522,EXE,RanDS_Behaviour_Activity_Dataset/dataset/72/72d2620ed8f636cb13a757c67e472683e8fb0a395953ca14f429007a0b76a535.json,raw_reports/benign/72d2620ed8f636cb13a757c67e472683e8fb0a395953ca14f429007a0b76a535.json,22,4,0.5,0,0.0,0.3333333333333333,1,6,NA
460,72fc3fdced04ed8de4758a47d4ec124b6ec147da3841a61a1b411a158011eca5,benign,,2009,I386,1,6.6379543959626,EXE,RanDS_Behaviour_Activity_Dataset/dataset/72/72fc3fdced04ed8de4758a47d4ec124b6ec147da3841a61a1b411a158011eca5.json,raw_reports/benign/72fc3fdced04ed8de4758a47d4ec124b6ec147da3841a61a1b411a158011eca5.json,148,10,1.0,10,0.06756756756756757,1.0,3,0,1.0
461,7312a9722d309d2587125e557b8fd5f0f6f4ad2ec0d041a559eeee1a3f7a4692,benign,,2016,Amd64,1,6.6684978875656,DLL,RanDS_Behaviour_Activity_Dataset/dataset/73/7312a9722d309d2587125e557b8fd5f0f6f4ad2ec0d041a559eeee1a3f7a4692.json,raw_reports/benign/7312a9722d309d2587125e557b8fd5f0f6f4ad2ec0d041a559eeee1a3f7a4692.json,329,7,0.875,5,0.015197568389057751,0.6666666666666666,3,3,1.0
462,7323a597828f23134c76da80897d456710dcffa8cc52566f27d1cb209b5b2249,benign,,2023,Amd64,0,5.7983394120023,DLL,RanDS_Behaviour_Activity_Dataset/dataset/73/7323a597828f23134c76da80897d456710dcffa8cc52566f27d1cb209b5b2249.json,raw_reports/benign/7323a597828f23134c76da80897d456710dcffa8cc52566f27d1cb209b5b2249.json,253,10,1.0,40,0.15810276679841898,1.0,4,0,1.0
463,736c20893d66721ec88f019e3dc68606778bca5ae6be3f5ee166f48036aebd3b,benign,,2022,I386,0,6.4426073624522,DLL,RanDS_Behaviour_Activity_Dataset/dataset/73/736c20893d66721ec88f019e3dc68606778bca5ae6be3f5ee166f48036aebd3b.json,raw_reports/benign/736c20893d66721ec88f019e3dc68606778bca5ae6be3f5ee166f48036aebd3b.json,144,6,0.75,18,0.125,1.0,4,0,1.0
464,737f7658f8e7e148f8d62eb58e6fbf2ffd8d13f9bae26ad7ed86c7b4513ed466,benign,,2010,I386,0,6.1290326037124,EXE,RanDS_Behaviour_Activity_Dataset/dataset/73/737f7658f8e7e148f8d62eb58e6fbf2ffd8d13f9bae26ad7ed86c7b4513ed466.json,raw_reports/benign/737f7658f8e7e148f8d62eb58e6fbf2ffd8d13f9bae26ad7ed86c7b4513ed466.json,137,11,1.0,13,0.0948905109489051,1.0,3,0,1.0
465,73ec5250dcfd556525b24b3ca66c64ac7747e77652a2ad6119936a59a9e8562a,benign,,2010,I386,1,6.6128842407436,DLL,RanDS_Behaviour_Activity_Dataset/dataset/73/73ec5250dcfd556525b24b3ca66c64ac7747e77652a2ad6119936a59a9e8562a.json,raw_reports/benign/73ec5250dcfd556525b24b3ca66c64ac7747e77652a2ad6119936a59a9e8562a.json,151,4,0.5,9,0.059602649006622516,0.6666666666666666,3,3,NA
466,7458f74cd05d553e0fd80e5a5c20cc6abd9f9d184c2ae0222c5a77417dc4adaf,benign,,2010,Amd64,0,6.0905693254986,DLL,RanDS_Behaviour_Activity_Dataset/dataset/74/7458f74cd05d553e0fd80e5a5c20cc6abd9f9d184c2ae0222c5a77417dc4adaf.json,raw_reports/benign/7458f74cd05d553e0fd80e5a5c20cc6abd9f9d184c2ae0222c5a77417dc4adaf.json,360,13,1.0,22,0.06111111111111111,1.0,6,0,1.0
467,748b37c96687ea3610ca163eb9c588b90096baf46abb0be5fa589d98e212470e,benign,,2013,Amd64,0,3.8366012477693,DLL,RanDS_Behaviour_Activity_Dataset/dataset/74/748b37c96687ea3610ca163eb9c588b90096baf46abb0be5fa589d98e212470e.json,raw_reports/benign/748b37c96687ea3610ca163eb9c588b90096baf46abb0be5fa589d98e212470e.json,322,8,1.0,9,0.027950310559006212,0.7777777777777778,3,2,1.0
468,74d37902415223d185123527de9d1f12f7f668adbf8a90de84396bc5c32a74e3,benign,,2014,I386,1,6.733624398827,DLL,RanDS_Behaviour_Activity_Dataset/dataset/74/74d37902415223d185123527de9d1f12f7f668adbf8a90de84396bc5c32a74e3.json,raw_reports/benign/74d37902415223d185123527de9d1f12f7f668adbf8a90de84396bc5c32a74e3.json,333,8,1.0,5,0.015015015015015015,0.7777777777777778,5,2,1.0
469,754b5e156f062d96bb0f4a5410d917d0a8d640462da0cebb38e196882abcf78f,benign,,2025,Amd64,0,6.3414656315554,DLL,RanDS_Behaviour_Activity_Dataset/dataset/75/754b5e156f062d96bb0f4a5410d917d0a8d640462da0cebb38e196882abcf78f.json,raw_reports/benign/754b5e156f062d96bb0f4a5410d917d0a8d640462da0cebb38e196882abcf78f.json,376,10,1.0,19,0.05053191489361702,1.0,5,0,1.0
470,759178f5c769899af1c4fd30b15bad36dd753e6eb6f1ff668c38f96568398362,benign,,2018,I386,0,3.0543818722325,EXE,RanDS_Behaviour_Activity_Dataset/dataset/75/759178f5c769899af1c4fd30b15bad36dd753e6eb6f1ff668c38f96568398362.json,raw_reports/benign/759178f5c769899af1c4fd30b15bad36dd753e6eb6f1ff668c38f96568398362.json,118,7,0.875,0,0.0,0.5555555555555556,1,4,NA
471,75b1e5e7aaf84fbfa154739459e7ade2c10c92865da65620eb3cdd569530c331,benign,,2025,Amd64,1,6.5036521530595,DLL,RanDS_Behaviour_Activity_Dataset/dataset/75/75b1e5e7aaf84fbfa154739459e7ade2c10c92865da65620eb3cdd569530c331.json,raw_reports/benign/75b1e5e7aaf84fbfa154739459e7ade2c10c92865da65620eb3cdd569530c331.json,622,13,1.0,23,0.03697749196141479,1.0,8,0,1.0
472,75c0d91b752f0fa2c1d3b0a5ccf2600bb6e2d771c9cb9a9820b56f77d0fcc755,benign,,2023,Amd64,0,5.6555965188407,DLL,RanDS_Behaviour_Activity_Dataset/dataset/75/75c0d91b752f0fa2c1d3b0a5ccf2600bb6e2d771c9cb9a9820b56f77d0fcc755.json,raw_reports/benign/75c0d91b752f0fa2c1d3b0a5ccf2600bb6e2d771c9cb9a9820b56f77d0fcc755.json,390,10,1.0,17,0.04358974358974359,1.0,4,0,1.0
473,75c2c27b589d863a6cadb8de708f9ce28f9cda07e0226f1d7b1b155f67c5e677,benign,,2011,Amd64,0,6.2620747230027,DLL,RanDS_Behaviour_Activity_Dataset/dataset/75/75c2c27b589d863a6cadb8de708f9ce28f9cda07e0226f1d7b1b155f67c5e677.json,raw_reports/benign/75c2c27b589d863a6cadb8de708f9ce28f9cda07e0226f1d7b1b155f67c5e677.json,347,10,1.0,5,0.01440922190201729,1.0,6,0,1.0
474,76177748b75b1a0c1a0b47a3eddf7e7d78bcab9cb5879cb6b3e50d29360258b2,benign,,2014,I386,0,6.3266825460761,EXE,RanDS_Behaviour_Activity_Dataset/dataset/76/76177748b75b1a0c1a0b47a3eddf7e7d78bcab9cb5879cb6b3e50d29360258b2.json,raw_reports/benign/76177748b75b1a0c1a0b47a3eddf7e7d78bcab9cb5879cb6b3e50d29360258b2.json,157,13,1.0,12,0.07643312101910828,1.0,3,0,1.0
475,763c0f50adf38b162eca066062b58f7b2d35fb7e99a4112577c55ada7fde3838,benign,,2013,Amd64,0,6.0856621666321,DLL,RanDS_Behaviour_Activity_Dataset/dataset/76/763c0f50adf38b162eca066062b58f7b2d35fb7e99a4112577c55ada7fde3838.json,raw_reports/benign/763c0f50adf38b162eca066062b58f7b2d35fb7e99a4112577c55ada7fde3838.json,132,6,0.75,14,0.10606060606060606,0.6666666666666666,2,3,1.0
476,764c767c38f09665685facda623fa5ed2d3bf1926a7582381e4fd780526edca6,benign,,2011,I386,1,6.7780567546507,EXE,RanDS_Behaviour_Activity_Dataset/dataset/76/764c767c38f09665685facda623fa5ed2d3bf1926a7582381e4fd780526edca6.json,raw_reports/benign/764c767c38f09665685facda623fa5ed2d3bf1926a7582381e4fd780526edca6.json,860,14,1.0,0,0.0,1.0,3,0,1.0
477,7696b5bce0e11aaf37a428882059e64b165061a3b4a3c53b282754373f5194c2,benign,,2014,I386,0,5.5917613168159,EXE,RanDS_Behaviour_Activity_Dataset/dataset/76/7696b5bce0e11aaf37a428882059e64b165061a3b4a3c53b282754373f5194c2.json,raw_reports/benign/7696b5bce0e11aaf37a428882059e64b165061a3b4a3c53b282754373f5194c2.json,516,14,1.0,8,0.015503875968992248,1.0,5,0,1.0
478,76c0bcf3f63782e530601f7f4f8467009d1e0f20a0d42ddfd50c6dc420390e44,benign,,2014,I386,0,6.4639531366168,EXE,RanDS_Behaviour_Activity_Dataset/dataset/76/76c0bcf3f63782e530601f7f4f8467009d1e0f20a0d42ddfd50c6dc420390e44.json,raw_reports/benign/76c0bcf3f63782e530601f7f4f8467009d1e0f20a0d42ddfd50c6dc420390e44.json,94,7,0.875,0,0.0,0.5555555555555556,2,4,NA
479,76cb27ef7b27e5636eda9d95229519b2a2870729a0bb694f1fd11cd602bac4dc,benign,,2011,Amd64,1,6.6468052284925,EXE,RanDS_Behaviour_Activity_Dataset/dataset/76/76cb27ef7b27e5636eda9d95229519b2a2870729a0bb694f1fd11cd602bac4dc.json,raw_reports/benign/76cb27ef7b27e5636eda9d95229519b2a2870729a0bb694f1fd11cd602bac4dc.json,324,14,1.0,20,0.06172839506172839,1.0,4,0,1.0
480,77562408ca0ca908ce35165bd86e0afa7addd9f83a302def0c048cd24f4e5fac,benign,,2024,I386,0,6.2593993350029,DLL,RanDS_Behaviour_Activity_Dataset/dataset/77/77562408ca0ca908ce35165bd86e0afa7addd9f83a302def0c048cd24f4e5fac.json,raw_reports/benign/77562408ca0ca908ce35165bd86e0afa7addd9f83a302def0c048cd24f4e5fac.json,142,7,0.875,21,0.14788732394366197,1.0,4,0,1.0
481,7775d64f161b92003610562f40c66be924cc6482bf0f33230eb36a96b28d667b,benign,,2013,Amd64,0,5.4285711798473,EXE,RanDS_Behaviour_Activity_Dataset/dataset/77/7775d64f161b92003610562f40c66be924cc6482bf0f33230eb36a96b28d667b.json,raw_reports/benign/7775d64f161b92003610562f40c66be924cc6482bf0f33230eb36a96b28d667b.json,88,9,1.0,6,0.06818181818181818,1.0,1,0,1.0
482,77b25324f49313c96afea077fb1065f61ff9bfbb4428c2d3ec3e76879a169ca0,benign,,2024,Amd64,0,5.4122996874223,DLL,RanDS_Behaviour_Activity_Dataset/dataset/77/77b25324f49313c96afea077fb1065f61ff9bfbb4428c2d3ec3e76879a169ca0.json,raw_reports/benign/77b25324f49313c96afea077fb1065f61ff9bfbb4428c2d3ec3e76879a169ca0.json,329,9,1.0,20,0.060790273556231005,1.0,5,0,1.0
483,78617ddf9a0067a32cb5d87a796c93a9618ac006ccdcb3c7c824fdeb6ec5fd59,benign,,2011,I386,0,5.7529514865726,EXE,RanDS_Behaviour_Activity_Dataset/dataset/78/78617ddf9a0067a32cb5d87a796c93a9618ac006ccdcb3c7c824fdeb6ec5fd59.json,raw_reports/benign/78617ddf9a0067a32cb5d87a796c93a9618ac006ccdcb3c7c824fdeb6ec5fd59.json,275,14,1.0,12,0.04363636363636364,1.0,4,0,1.0
484,7874d2c93bbe943dd70829a86388bb611105c06bde7543a914ca5896a8f8325f,benign,,2016,Amd64,0,6.3544483494517,DLL,RanDS_Behaviour_Activity_Dataset/dataset/78/7874d2c93bbe943dd70829a86388bb611105c06bde7543a914ca5896a8f8325f.json,raw_reports/benign/7874d2c93bbe943dd70829a86388bb611105c06bde7543a914ca5896a8f8325f.json,385,13,1.0,20,0.05194805194805195,1.0,5,0,1.0
485,788c6ee50719227d7a9b7f08c8d5e1289fcd0e8ac23a1021a5093d2e8368f696,benign,,2009,Amd64,0,6.0573436677645,EXE,RanDS_Behaviour_Activity_Dataset/dataset/78/788c6ee50719227d7a9b7f08c8d5e1289fcd0e8ac23a1021a5093d2e8368f696.json,raw_reports/benign/788c6ee50719227d7a9b7f08c8d5e1289fcd0e8ac23a1021a5093d2e8368f696.json,679,13,1.0,19,0.027982326951399118,1.0,5,0,1.0
486,78c6d496f05c9960daf35737bb449c1a5d3f58047f64e60c9c26f44869a8d88a,benign,,2018,I386,1,6.8192232631268,DLL,RanDS_Behaviour_Activity_Dataset/dataset/78/78c6d496f05c9960daf35737bb449c1a5d3f58047f64e60c9c26f44869a8d88a.json,raw_reports/benign/78c6d496f05c9960daf35737bb449c1a5d3f58047f64e60c9c26f44869a8d88a.json,364,7,0.875,4,0.01098901098901099,0.6666666666666666,4,3,1.0
487,78ec4579b4766788ed27767b2419f82ca261fe50f07a478b1c7ffec4b0b888ad,benign,,2025,Amd64,0,6.0569390383865,DLL,RanDS_Behaviour_Activity_Dataset/dataset/78/78ec4579b4766788ed27767b2419f82ca261fe50f07a478b1c7ffec4b0b888ad.json,raw_reports/benign/78ec4579b4766788ed27767b2419f82ca261fe50f07a478b1c7ffec4b0b888ad.json,473,13,1.0,20,0.042283298097251586,1.0,6,0,1.0
488,790a51344eeceddedd5fdccf97f1397bf262a2a43cd0db841e2b02e0073d58a6,benign,,2024,Amd64,0,5.8128712303072,DLL,RanDS_Behaviour_Activity_Dataset/dataset/79/790a51344eeceddedd5fdccf97f1397bf262a2a43cd0db841e2b02e0073d58a6.json,raw_reports/benign/790a51344eeceddedd5fdccf97f1397bf262a2a43cd0db841e2b02e0073d58a6.json,93,6,0.75,9,0.0967741935483871,1.0,3,0,1.0
489,794bb66c96bfb2413e04e9e88edcf875de9398d9e07008cb431b03df3168d9cf,benign,,2016,I386,1,6.714174315007,DLL,RanDS_Behaviour_Activity_Dataset/dataset/79/794bb66c96bfb2413e04e9e88edcf875de9398d9e07008cb431b03df3168d9cf.json,raw_reports/benign/794bb66c96bfb2413e04e9e88edcf875de9398d9e07008cb431b03df3168d9cf.json,73,6,0.75,4,0.0547945205479452,0.7777777777777778,3,2,1.0
490,79d4684d4d365b2c89f16fa0522f66031a1037cb4ad2a33050ed97a1df825990,benign,,2024,I386,0,5.6955314356965,DLL,RanDS_Behaviour_Activity_Dataset/dataset/79/79d4684d4d365b2c89f16fa0522f66031a1037cb4ad2a33050ed97a1df825990.json,raw_reports/benign/79d4684d4d365b2c89f16fa0522f66031a1037cb4ad2a33050ed97a1df825990.json,132,6,0.75,10,0.07575757575757576,1.0,3,0,1.0
491,7a1f224d4be9e1e4031848f9c1986af435abc718148fea2f9ed1bdedcc1f2a03,benign,,2010,I386,0,4.2149833736475,EXE,RanDS_Behaviour_Activity_Dataset/dataset/7a/7a1f224d4be9e1e4031848f9c1986af435abc718148fea2f9ed1bdedcc1f2a03.json,raw_reports/benign/7a1f224d4be9e1e4031848f9c1986af435abc718148fea2f9ed1bdedcc1f2a03.json,360,11,1.0,7,0.019444444444444445,1.0,4,0,1.0
492,7a635d64c375e8760a41d8d31e44c357e61e965c35d1b59d6adeab91cfd24188,benign,,2009,I386,0,4.7398908509601,DLL,RanDS_Behaviour_Activity_Dataset/dataset/7a/7a635d64c375e8760a41d8d31e44c357e61e965c35d1b59d6adeab91cfd24188.json,raw_reports/benign/7a635d64c375e8760a41d8d31e44c357e61e965c35d1b59d6adeab91cfd24188.json,133,6,0.75,10,0.07518796992481203,1.0,3,0,1.0
493,7af0f0bc6e012646f98813e8199a9bddebaf6269f26dcfdf8d50f92f095714db,benign,,2016,I386,1,6.83887584433,EXE,RanDS_Behaviour_Activity_Dataset/dataset/7a/7af0f0bc6e012646f98813e8199a9bddebaf6269f26dcfdf8d50f92f095714db.json,raw_reports/benign/7af0f0bc6e012646f98813e8199a9bddebaf6269f26dcfdf8d50f92f095714db.json,108,7,0.875,0,0.0,0.2222222222222222,1,7,1.0
494,7bd033f52f959afad0b1987a231fa403688ddf6de0639b3c7c8af7e6aff1cb5a,benign,,2015,I386,0,6.2883449650725,EXE,RanDS_Behaviour_Activity_Dataset/dataset/7b/7bd033f52f959afad0b1987a231fa403688ddf6de0639b3c7c8af7e6aff1cb5a.json,raw_reports/benign/7bd033f52f959afad0b1987a231fa403688ddf6de0639b3c7c8af7e6aff1cb5a.json,62,5,0.625,0,0.0,0.1111111111111111,1,8,NA
495,7c4c7725e266f12aba8c50fd1598d4001201bca0e7aca901508307e365afff42,benign,,2019,I386,0,6.1805464342795,EXE,RanDS_Behaviour_Activity_Dataset/dataset/7c/7c4c7725e266f12aba8c50fd1598d4001201bca0e7aca901508307e365afff42.json,raw_reports/benign/7c4c7725e266f12aba8c50fd1598d4001201bca0e7aca901508307e365afff42.json,443,12,1.0,40,0.09029345372460497,1.0,4,0,1.0
496,7c6342c876b2c1d5fc3c188d7536939f90830da99fb7e43441c7097232e1a46b,benign,,2016,Amd64,0,5.9493705842981,DLL,RanDS_Behaviour_Activity_Dataset/dataset/7c/7c6342c876b2c1d5fc3c188d7536939f90830da99fb7e43441c7097232e1a46b.json,raw_reports/benign/7c6342c876b2c1d5fc3c188d7536939f90830da99fb7e43441c7097232e1a46b.json,380,9,1.0,13,0.034210526315789476,1.0,7,0,1.0
497,7ce99a028e548d114e6519993864d15fca87fd8f5ad8312b4c9ca2c68e82cea2,benign,,2025,Amd64,0,6.3285754525989,DLL,RanDS_Behaviour_Activity_Dataset/dataset/7c/7ce99a028e548d114e6519993864d15fca87fd8f5ad8312b4c9ca2c68e82cea2.json,raw_reports/benign/7ce99a028e548d114e6519993864d15fca87fd8f5ad8312b4c9ca2c68e82cea2.json,99,8,1.0,12,0.12121212121212122,1.0,4,0,1.0
498,7cf4535e85ec02365c54bf460992344fe1e319381e794e51a7ce0f9cb0438929,benign,,2020,Amd64,0,4.1174848285319,DLL,RanDS_Behaviour_Activity_Dataset/dataset/7c/7cf4535e85ec02365c54bf460992344fe1e319381e794e51a7ce0f9cb0438929.json,raw_reports/benign/7cf4535e85ec02365c54bf460992344fe1e319381e794e51a7ce0f9cb0438929.json,307,8,1.0,15,0.048859934853420196,1.0,7,0,1.0
499,7ddcdf81d4b347c6c2d3396754996f5b055255398a78c7612c289fb912cbc926,benign,,2015,I386,1,6.5598102700399,DLL,RanDS_Behaviour_Activity_Dataset/dataset/7d/7ddcdf81d4b347c6c2d3396754996f5b055255398a78c7612c289fb912cbc926.json,raw_reports/benign/7ddcdf81d4b347c6c2d3396754996f5b055255398a78c7612c289fb912cbc926.json,156,8,1.0,12,0.07692307692307693,1.0,4,0,1.0
500,7e5825fea46dc19da79531186e7b6d0ea6c2996295895576b753386947acce59,benign,,2015,I386,0,6.16587478016,DLL,RanDS_Behaviour_Activity_Dataset/dataset/7e/7e5825fea46dc19da79531186e7b6d0ea6c2996295895576b753386947acce59.json,raw_reports/benign/7e5825fea46dc19da79531186e7b6d0ea6c2996295895576b753386947acce59.json,71,6,0.75,3,0.04225352112676056,0.7777777777777778,1,2,NA
501,7ed87dbd5d47f7d50484c73573775eead10850343f9a49b126fe52c2af1c293d,benign,,2016,I386,1,6.5471811466205,DLL,RanDS_Behaviour_Activity_Dataset/dataset/7e/7ed87dbd5d47f7d50484c73573775eead10850343f9a49b126fe52c2af1c293d.json,raw_reports/benign/7ed87dbd5d47f7d50484c73573775eead10850343f9a49b126fe52c2af1c293d.json,37,4,0.5,16,0.43243243243243246,0.6666666666666666,2,3,NA
502,7fcbbcaf1aa85dce8d75fb38dc4848ae12e8dd913cebbc37bcd3d0123f0a3cab,benign,,2016,Amd64,0,5.9498325659653,EXE,RanDS_Behaviour_Activity_Dataset/dataset/7f/7fcbbcaf1aa85dce8d75fb38dc4848ae12e8dd913cebbc37bcd3d0123f0a3cab.json,raw_reports/benign/7fcbbcaf1aa85dce8d75fb38dc4848ae12e8dd913cebbc37bcd3d0123f0a3cab.json,166,13,1.0,9,0.05421686746987952,1.0,5,0,1.0
503,7fdc7edfb2494493fef30ef61aafe4fea18fe6c8fc0d784df3d09d1131c4998d,benign,,2014,Amd64,0,6.4953347461107,EXE,RanDS_Behaviour_Activity_Dataset/dataset/7f/7fdc7edfb2494493fef30ef61aafe4fea18fe6c8fc0d784df3d09d1131c4998d.json,raw_reports/benign/7fdc7edfb2494493fef30ef61aafe4fea18fe6c8fc0d784df3d09d1131c4998d.json,192,11,1.0,14,0.07291666666666667,1.0,4,0,1.0
504,7fdf1c80e59370c8ef176af012a54845e69bdbfe5df58162c70330bbe071e9dd,benign,,2018,I386,0,5.8651125104887,EXE,RanDS_Behaviour_Activity_Dataset/dataset/7f/7fdf1c80e59370c8ef176af012a54845e69bdbfe5df58162c70330bbe071e9dd.json,raw_reports/benign/7fdf1c80e59370c8ef176af012a54845e69bdbfe5df58162c70330bbe071e9dd.json,336,11,1.0,8,0.023809523809523808,1.0,2,0,1.0
505,7fe40b44dddf4e185387ce5f9b178f79ceeb6332aacc2dafaeae6bd39cb67ece,benign,,2010,Amd64,0,6.0706521541483,DLL,RanDS_Behaviour_Activity_Dataset/dataset/7f/7fe40b44dddf4e185387ce5f9b178f79ceeb6332aacc2dafaeae6bd39cb67ece.json,raw_reports/benign/7fe40b44dddf4e185387ce5f9b178f79ceeb6332aacc2dafaeae6bd39cb67ece.json,372,10,1.0,15,0.04032258064516129,1.0,5,0,1.0
506,806a67feb98d7839a0efc7a467c384d979858a093ea869c4a4f9039c1f88ead1,benign,,2024,I386,0,6.3011228149254,DLL,RanDS_Behaviour_Activity_Dataset/dataset/80/806a67feb98d7839a0efc7a467c384d979858a093ea869c4a4f9039c1f88ead1.json,raw_reports/benign/806a67feb98d7839a0efc7a467c384d979858a093ea869c4a4f9039c1f88ead1.json,357,9,1.0,20,0.056022408963585436,1.0,5,0,1.0
507,80717878182eda219d92677eefabd9e07f45b8ac274cb1c689eb64e1d96c0d83,benign,,2011,Amd64,0,5.0450749274916,EXE,RanDS_Behaviour_Activity_Dataset/dataset/80/80717878182eda219d92677eefabd9e07f45b8ac274cb1c689eb64e1d96c0d83.json,raw_reports/benign/80717878182eda219d92677eefabd9e07f45b8ac274cb1c689eb64e1d96c0d83.json,46,8,1.0,5,0.10869565217391304,1.0,2,0,1.0
508,808bfbf2a0ec54417a254fda0b22472cea4a50f4c0952a6ab0adf1119bd2543e,benign,,2009,I386,1,6.5136877144794,DLL,RanDS_Behaviour_Activity_Dataset/dataset/80/808bfbf2a0ec54417a254fda0b22472cea4a50f4c0952a6ab0adf1119bd2543e.json,raw_reports/benign/808bfbf2a0ec54417a254fda0b22472cea4a50f4c0952a6ab0adf1119bd2543e.json,351,9,1.0,11,0.03133903133903134,1.0,4,0,1.0
509,809f0dd83dc212f7248cc136652f29ba5c400e0388a8fae8f34dbbd72ccef8b0,benign,,2024,I386,1,6.6716317248447,DLL,RanDS_Behaviour_Activity_Dataset/dataset/80/809f0dd83dc212f7248cc136652f29ba5c400e0388a8fae8f34dbbd72ccef8b0.json,raw_reports/benign/809f0dd83dc212f7248cc136652f29ba5c400e0388a8fae8f34dbbd72ccef8b0.json,189,9,1.0,21,0.1111111111111111,1.0,5,0,1.0
510,80a1a9be116a18288c7f0bcf3dbf4b33b74b14a2909f92c6d7d38eac43a41520,benign,,2016,I386,1,6.8040301455451,DLL,RanDS_Behaviour_Activity_Dataset/dataset/80/80a1a9be116a18288c7f0bcf3dbf4b33b74b14a2909f92c6d7d38eac43a41520.json,raw_reports/benign/80a1a9be116a18288c7f0bcf3dbf4b33b74b14a2909f92c6d7d38eac43a41520.json,167,7,0.875,9,0.05389221556886228,0.7777777777777778,3,2,1.0
511,80a6e1cf70bdaa136c89292594e8bc65076ad0b378da7435dd176b147b5d26fe,benign,,2016,I386,0,5.9942943455672,EXE,RanDS_Behaviour_Activity_Dataset/dataset/80/80a6e1cf70bdaa136c89292594e8bc65076ad0b378da7435dd176b147b5d26fe.json,raw_reports/benign/80a6e1cf70bdaa136c89292594e8bc65076ad0b378da7435dd176b147b5d26fe.json,120,5,0.625,0,0.0,0.1111111111111111,1,8,NA
512,812ad784f1c57ac423ef300e0377ad1de86c96573da7cd267ea29d2aa94cb9f3,benign,,2015,I386,0,6.2025808968037,EXE,RanDS_Behaviour_Activity_Dataset/dataset/81/812ad784f1c57ac423ef300e0377ad1de86c96573da7cd267ea29d2aa94cb9f3.json,raw_reports/benign/812ad784f1c57ac423ef300e0377ad1de86c96573da7cd267ea29d2aa94cb9f3.json,94,7,0.875,0,0.0,0.5555555555555556,2,4,NA
513,813d0279efbf3bbed7deb6fc994ccf091eeba2ea5a516ca4759e9b748f4e0118,benign,,2018,I386,1,7.9909164609309,EXE,RanDS_Behaviour_Activity_Dataset/dataset/81/813d0279efbf3bbed7deb6fc994ccf091eeba2ea5a516ca4759e9b748f4e0118.json,raw_reports/benign/813d0279efbf3bbed7deb6fc994ccf091eeba2ea5a516ca4759e9b748f4e0118.json,1671,16,1.0,332,0.19868342309994017,1.0,5,0,1.0
514,81410d940955681a83a6a94da490f28713cc8046be3889b7bbe9924761a497d7,benign,,2017,Amd64,0,4.8649407909654,EXE,RanDS_Behaviour_Activity_Dataset/dataset/81/81410d940955681a83a6a94da490f28713cc8046be3889b7bbe9924761a497d7.json,raw_reports/benign/81410d940955681a83a6a94da490f28713cc8046be3889b7bbe9924761a497d7.json,55,9,1.0,11,0.2,1.0,1,0,1.0
515,818c5c341556647aa72840ca7534f18eae9d6f169ff1ab3736216f32db278ea3,benign,,2015,Amd64,0,5.8140270637498,EXE,RanDS_Behaviour_Activity_Dataset/dataset/81/818c5c341556647aa72840ca7534f18eae9d6f169ff1ab3736216f32db278ea3.json,raw_reports/benign/818c5c341556647aa72840ca7534f18eae9d6f169ff1ab3736216f32db278ea3.json,83,8,1.0,8,0.0963855421686747,1.0,2,0,1.0
516,81a63df2da09fcddd867f276c5c41ec5edeab1f50aa107c570d7c617b120de67,benign,,2013,Amd64,0,5.735375928107,DLL,RanDS_Behaviour_Activity_Dataset/dataset/81/81a63df2da09fcddd867f276c5c41ec5edeab1f50aa107c570d7c617b120de67.json,raw_reports/benign/81a63df2da09fcddd867f276c5c41ec5edeab1f50aa107c570d7c617b120de67.json,442,9,1.0,4,0.00904977375565611,0.8888888888888888,6,1,1.0
517,81d2fa68488386344d15c12db2c56d8323f842c9ad938255bf7329d8b5286be9,benign,,2024,I386,0,6.4038307683645,DLL,RanDS_Behaviour_Activity_Dataset/dataset/81/81d2fa68488386344d15c12db2c56d8323f842c9ad938255bf7329d8b5286be9.json,raw_reports/benign/81d2fa68488386344d15c12db2c56d8323f842c9ad938255bf7329d8b5286be9.json,502,13,1.0,16,0.03187250996015936,1.0,6,0,1.0
518,81e6df6d6fbb1f954ba37f293ac58f41e5cafa3820e86cc073556b7738d54dca,benign,,2010,Amd64,1,6.6487769058549,DLL,RanDS_Behaviour_Activity_Dataset/dataset/81/81e6df6d6fbb1f954ba37f293ac58f41e5cafa3820e86cc073556b7738d54dca.json,raw_reports/benign/81e6df6d6fbb1f954ba37f293ac58f41e5cafa3820e86cc073556b7738d54dca.json,309,7,0.875,5,0.016181229773462782,0.6666666666666666,3,3,1.0
519,8215fe9294d9dcc02de01eb3cd50a40e1062718c8a7e73052387cc4842e10a20,benign,,2025,I386,1,6.6001857054889,DLL,RanDS_Behaviour_Activity_Dataset/dataset/82/8215fe9294d9dcc02de01eb3cd50a40e1062718c8a7e73052387cc4842e10a20.json,raw_reports/benign/8215fe9294d9dcc02de01eb3cd50a40e1062718c8a7e73052387cc4842e10a20.json,131,8,1.0,12,0.0916030534351145,1.0,4,0,1.0
520,82b1e97782dd97719b52c2a1152835401c11e03536fd80fa6fc10faa0514c2ae,benign,,2009,I386,0,5.9717764555794,DLL,RanDS_Behaviour_Activity_Dataset/dataset/82/82b1e97782dd97719b52c2a1152835401c11e03536fd80fa6fc10faa0514c2ae.json,raw_reports/benign/82b1e97782dd97719b52c2a1152835401c11e03536fd80fa6fc10faa0514c2ae.json,435,9,1.0,17,0.03908045977011494,1.0,4,0,1.0
521,83251251d9614bc37536f6c36b7d8bbb92c6a67aa05e56ae1fb7dab2ffc452c9,benign,,2024,Amd64,0,5.7611383785264,EXE,RanDS_Behaviour_Activity_Dataset/dataset/83/83251251d9614bc37536f6c36b7d8bbb92c6a67aa05e56ae1fb7dab2ffc452c9.json,raw_reports/benign/83251251d9614bc37536f6c36b7d8bbb92c6a67aa05e56ae1fb7dab2ffc452c9.json,98,10,1.0,8,0.08163265306122448,1.0,2,0,1.0
522,833ebbc7a601f994455d2cd42fd6473f08a411ac168d7bcd767e6d8f231a3a0e,benign,,2012,I386,0,4.3248113041451,EXE,RanDS_Behaviour_Activity_Dataset/dataset/83/833ebbc7a601f994455d2cd42fd6473f08a411ac168d7bcd767e6d8f231a3a0e.json,raw_reports/benign/833ebbc7a601f994455d2cd42fd6473f08a411ac168d7bcd767e6d8f231a3a0e.json,52,5,0.625,0,0.0,0.1111111111111111,1,8,NA
523,83a31c31d10be0b82925a4c3dcee4beb09837a80e2f5b426c2823c03144c8c7c,benign,,2024,Amd64,0,6.1106722317068,DLL,RanDS_Behaviour_Activity_Dataset/dataset/83/83a31c31d10be0b82925a4c3dcee4beb09837a80e2f5b426c2823c03144c8c7c.json,raw_reports/benign/83a31c31d10be0b82925a4c3dcee4beb09837a80e2f5b426c2823c03144c8c7c.json,298,10,1.0,14,0.04697986577181208,1.0,6,0,1.0
524,83c5e49e3ad1903fb95f234e61c3862b2840a87b0def75ff6c0630a328f792f6,benign,,2010,Amd64,0,6.1595524333079,DLL,RanDS_Behaviour_Activity_Dataset/dataset/83/83c5e49e3ad1903fb95f234e61c3862b2840a87b0def75ff6c0630a328f792f6.json,raw_reports/benign/83c5e49e3ad1903fb95f234e61c3862b2840a87b0def75ff6c0630a328f792f6.json,367,8,1.0,6,0.01634877384196185,0.7777777777777778,5,2,1.0
525,83f2c1d57f278e2332f8bf0488008e2fc44b269e431cbce405d84f8cbea1c038,benign,,2024,I386,0,3.9880264968163,DLL,RanDS_Behaviour_Activity_Dataset/dataset/83/83f2c1d57f278e2332f8bf0488008e2fc44b269e431cbce405d84f8cbea1c038.json,raw_reports/benign/83f2c1d57f278e2332f8bf0488008e2fc44b269e431cbce405d84f8cbea1c038.json,142,6,0.75,16,0.11267605633802817,1.0,4,0,1.0
526,8436b46777e6db6b5c677f71b72382e3263d11958f8594a275220c6ff1d9e707,benign,,2017,I386,0,4.6244431421472,EXE,RanDS_Behaviour_Activity_Dataset/dataset/84/8436b46777e6db6b5c677f71b72382e3263d11958f8594a275220c6ff1d9e707.json,raw_reports/benign/8436b46777e6db6b5c677f71b72382e3263d11958f8594a275220c6ff1d9e707.json,94,6,0.75,0,0.0,0.5555555555555556,1,4,NA
527,84619b1a27f72fb5b412528ac247fa1cc174056bb08bf9b2b4749625bfe2688a,benign,,2015,Amd64,0,5.5058778397532,EXE,RanDS_Behaviour_Activity_Dataset/dataset/84/84619b1a27f72fb5b412528ac247fa1cc174056bb08bf9b2b4749625bfe2688a.json,raw_reports/benign/84619b1a27f72fb5b412528ac247fa1cc174056bb08bf9b2b4749625bfe2688a.json,105,8,1.0,10,0.09523809523809523,1.0,2,0,1.0
528,84e186aa020794681932a208064dfe0844376dda94501aab195249067a699f5f,benign,,2015,I386,0,3.5038666654558,EXE,RanDS_Behaviour_Activity_Dataset/dataset/84/84e186aa020794681932a208064dfe0844376dda94501aab195249067a699f5f.json,raw_reports/benign/84e186aa020794681932a208064dfe0844376dda94501aab195249067a699f5f.json,97,7,0.875,0,0.0,0.5555555555555556,1,4,NA
529,84f5c748cd22671ff3d91caefaa85779ba3c719a367b5151b0a8139075ee216f,benign,,2024,Amd64,0,4.2246998984864,DLL,RanDS_Behaviour_Activity_Dataset/dataset/84/84f5c748cd22671ff3d91caefaa85779ba3c719a367b5151b0a8139075ee216f.json,raw_reports/benign/84f5c748cd22671ff3d91caefaa85779ba3c719a367b5151b0a8139075ee216f.json,478,12,1.0,27,0.056485355648535567,1.0,5,0,1.0
530,852b6ac05fcb8a23a50697e66f4caa7b67c500bccae7ff0f177a511391c1ff01,benign,,2014,Amd64,0,4.540946056653,EXE,RanDS_Behaviour_Activity_Dataset/dataset/85/852b6ac05fcb8a23a50697e66f4caa7b67c500bccae7ff0f177a511391c1ff01.json,raw_reports/benign/852b6ac05fcb8a23a50697e66f4caa7b67c500bccae7ff0f177a511391c1ff01.json,110,8,1.0,8,0.07272727272727272,1.0,2,0,1.0
531,856202cffd1f3c57f0c80a3187fd714e056ecf4143de399a177d53f5e84dd15d,benign,,2012,I386,0,6.3574105286238,EXE,RanDS_Behaviour_Activity_Dataset/dataset/85/856202cffd1f3c57f0c80a3187fd714e056ecf4143de399a177d53f5e84dd15d.json,raw_reports/benign/856202cffd1f3c57f0c80a3187fd714e056ecf4143de399a177d53f5e84dd15d.json,211,12,1.0,12,0.05687203791469194,1.0,2,0,1.0
532,857243d6745662c97b02411e3ae7629e5ddb1c0f573fd47df57be63bf6d8717a,benign,,2016,Amd64,0,6.2589265151719,EXE,RanDS_Behaviour_Activity_Dataset/dataset/85/857243d6745662c97b02411e3ae7629e5ddb1c0f573fd47df57be63bf6d8717a.json,raw_reports/benign/857243d6745662c97b02411e3ae7629e5ddb1c0f573fd47df57be63bf6d8717a.json,271,11,1.0,7,0.025830258302583026,1.0,4,0,1.0
533,8577f94ba85a186e71e9a66be3ed66dc8034cb04049ae4371b7532377c17788f,benign,,2017,Amd64,0,6.412290623611,DLL,RanDS_Behaviour_Activity_Dataset/dataset/85/8577f94ba85a186e71e9a66be3ed66dc8034cb04049ae4371b7532377c17788f.json,raw_reports/benign/8577f94ba85a186e71e9a66be3ed66dc8034cb04049ae4371b7532377c17788f.json,339,8,1.0,8,0.02359882005899705,0.7777777777777778,3,2,1.0
534,860a3ac2e5caf8665e09d7eb9cfff8aa341b02beaa6af4378c3cdc196874a934,benign,,2024,Amd64,0,5.6807491693356,DLL,RanDS_Behaviour_Activity_Dataset/dataset/86/860a3ac2e5caf8665e09d7eb9cfff8aa341b02beaa6af4378c3cdc196874a934.json,raw_reports/benign/860a3ac2e5caf8665e09d7eb9cfff8aa341b02beaa6af4378c3cdc196874a934.json,118,10,1.0,32,0.2711864406779661,1.0,5,0,1.0
535,866422d290a270998c885d5b3956db9df18773b7655469df2f176dbf08e3c02b,benign,,2025,I386,0,6.3893396699675,EXE,RanDS_Behaviour_Activity_Dataset/dataset/86/866422d290a270998c885d5b3956db9df18773b7655469df2f176dbf08e3c02b.json,raw_reports/benign/866422d290a270998c885d5b3956db9df18773b7655469df2f176dbf08e3c02b.json,116,11,1.0,10,0.08620689655172414,1.0,3,0,1.0
536,86a38b857e75c256c86020f71680964caa8b207851e51b503e865d13c7a5db6a,benign,,2015,Amd64,0,6.2845419428119,DLL,RanDS_Behaviour_Activity_Dataset/dataset/86/86a38b857e75c256c86020f71680964caa8b207851e51b503e865d13c7a5db6a.json,raw_reports/benign/86a38b857e75c256c86020f71680964caa8b207851e51b503e865d13c7a5db6a.json,330,10,1.0,22,0.06666666666666667,1.0,6,0,1.0
537,86b5f9c5cea1284130b0223688add80e059fa6c2939f3f2b381e53a1d0dd8546,benign,,2013,I386,1,6.5115800012443,EXE,RanDS_Behaviour_Activity_Dataset/dataset/86/86b5f9c5cea1284130b0223688add80e059fa6c2939f3f2b381e53a1d0dd8546.json,raw_reports/benign/86b5f9c5cea1284130b0223688add80e059fa6c2939f3f2b381e53a1d0dd8546.json,77,7,0.875,0,0.0,0.6666666666666666,3,3,NA
538,86ca6599c96b3f1c5a54c6297c17f2e1a01d3785418e8c8e459e8a9dcf39279d,benign,,2010,I386,0,2.0482561045247,EXE,RanDS_Behaviour_Activity_Dataset/dataset/86/86ca6599c96b3f1c5a54c6297c17f2e1a01d3785418e8c8e459e8a9dcf39279d.json,raw_reports/benign/86ca6599c96b3f1c5a54c6297c17f2e1a01d3785418e8c8e459e8a9dcf39279d.json,128,7,0.875,0,0.0,0.5555555555555556,1,4,NA
539,86e39b5995af0e042fcdaa85fe2aefd7c9ddc7ad65e6327bd5e7058bc3ab615f,benign,,2013,I386,1,6.9649750811204,DLL,RanDS_Behaviour_Activity_Dataset/dataset/86/86e39b5995af0e042fcdaa85fe2aefd7c9ddc7ad65e6327bd5e7058bc3ab615f.json,raw_reports/benign/86e39b5995af0e042fcdaa85fe2aefd7c9ddc7ad65e6327bd5e7058bc3ab615f.json,2700,14,1.0,56,0.02074074074074074,1.0,8,0,1.0
540,870a1dfb94eb816dba75984a81830d598d4f7c2a85e2b0db92c878ec74447c24,benign,,2016,Amd64,0,5.9884347949351,DLL,RanDS_Behaviour_Activity_Dataset/dataset/87/870a1dfb94eb816dba75984a81830d598d4f7c2a85e2b0db92c878ec74447c24.json,raw_reports/benign/870a1dfb94eb816dba75984a81830d598d4f7c2a85e2b0db92c878ec74447c24.json,269,8,1.0,4,0.01486988847583643,0.7777777777777778,3,2,1.0
541,8725992be07b2240e50f6666e22dfe8cf91a59fdc46ce2650e4ec6bd196a33d2,benign,,2010,I386,1,6.5362622720705,EXE,RanDS_Behaviour_Activity_Dataset/dataset/87/8725992be07b2240e50f6666e22dfe8cf91a59fdc46ce2650e4ec6bd196a33d2.json,raw_reports/benign/8725992be07b2240e50f6666e22dfe8cf91a59fdc46ce2650e4ec6bd196a33d2.json,370,14,1.0,15,0.04054054054054054,1.0,2,0,1.0
542,8778fb12a2ab545230ccaffcc81f6049486d1fbafa3b5d8b3741d34a3c85e20d,benign,,2010,I386,0,4.4390217012925,EXE,RanDS_Behaviour_Activity_Dataset/dataset/87/8778fb12a2ab545230ccaffcc81f6049486d1fbafa3b5d8b3741d34a3c85e20d.json,raw_reports/benign/8778fb12a2ab545230ccaffcc81f6049486d1fbafa3b5d8b3741d34a3c85e20d.json,103,7,0.875,0,0.0,0.5555555555555556,1,4,NA
543,87c77aadefd0bfdcc1aee0657eced3d768f1034a350d6af460ddee8ccca8932d,benign,,2022,I386,0,5.4145883518301,EXE,RanDS_Behaviour_Activity_Dataset/dataset/87/87c77aadefd0bfdcc1aee0657eced3d768f1034a350d6af460ddee8ccca8932d.json,raw_reports/benign/87c77aadefd0bfdcc1aee0657eced3d768f1034a350d6af460ddee8ccca8932d.json,359,12,1.0,4,0.011142061281337047,1.0,5,0,1.0
544,87d18b8ac27c3a0510b194fd6d5f36fe0aafacb9f57f723e98aa6874dca501fc,benign,,2019,I386,1,7.127043716359,EXE,RanDS_Behaviour_Activity_Dataset/dataset/87/87d18b8ac27c3a0510b194fd6d5f36fe0aafacb9f57f723e98aa6874dca501fc.json,raw_reports/benign/87d18b8ac27c3a0510b194fd6d5f36fe0aafacb9f57f723e98aa6874dca501fc.json,199,6,0.75,6,0.03015075376884422,1.0,3,0,1.0
545,88c231b19b1d8bb783425be7c8a78736d017c9760331023cd9ca577af1e5f57a,benign,,2016,Amd64,0,3.9315183986034,EXE,RanDS_Behaviour_Activity_Dataset/dataset/88/88c231b19b1d8bb783425be7c8a78736d017c9760331023cd9ca577af1e5f57a.json,raw_reports/benign/88c231b19b1d8bb783425be7c8a78736d017c9760331023cd9ca577af1e5f57a.json,41,8,1.0,5,0.12195121951219512,0.8888888888888888,2,1,1.0
546,890dad826e9c702e706f0b1bace81610b21d7678e2d2661a819404d27087638b,benign,,2024,Amd64,0,5.5764621853582,DLL,RanDS_Behaviour_Activity_Dataset/dataset/89/890dad826e9c702e706f0b1bace81610b21d7678e2d2661a819404d27087638b.json,raw_reports/benign/890dad826e9c702e706f0b1bace81610b21d7678e2d2661a819404d27087638b.json,154,7,0.875,15,0.09740259740259741,1.0,5,0,1.0
547,890fcf24869614b3990b575a588ecb35c25a5b896f21bf9c66d43c93787fdd7a,benign,,2010,I386,0,5.7078416802981,EXE,RanDS_Behaviour_Activity_Dataset/dataset/89/890fcf24869614b3990b575a588ecb35c25a5b896f21bf9c66d43c93787fdd7a.json,raw_reports/benign/890fcf24869614b3990b575a588ecb35c25a5b896f21bf9c66d43c93787fdd7a.json,56,6,0.75,0,0.0,0.5555555555555556,1,4,NA
548,893b59ca00d240ab802fcd0b0eaebb908868a5199c66f545ee56aab1ce02fb3f,benign,,2023,I386,0,5.8296471867166,DLL,RanDS_Behaviour_Activity_Dataset/dataset/89/893b59ca00d240ab802fcd0b0eaebb908868a5199c66f545ee56aab1ce02fb3f.json,raw_reports/benign/893b59ca00d240ab802fcd0b0eaebb908868a5199c66f545ee56aab1ce02fb3f.json,158,6,0.75,13,0.08227848101265822,1.0,3,0,1.0
549,89949b9967032857933371c5ba81db3cec9d9ef33add3af0121fa271688a7e50,benign,,2013,I386,0,3.550695055875,EXE,RanDS_Behaviour_Activity_Dataset/dataset/89/89949b9967032857933371c5ba81db3cec9d9ef33add3af0121fa271688a7e50.json,raw_reports/benign/89949b9967032857933371c5ba81db3cec9d9ef33add3af0121fa271688a7e50.json,940,15,1.0,17,0.018085106382978722,1.0,7,0,1.0
550,8a2dd5dc68780de550663ee6b25edf85ebbc217c6d421748f9ab9ffaddf67d1b,benign,,2011,I386,0,5.5258158287952,EXE,RanDS_Behaviour_Activity_Dataset/dataset/8a/8a2dd5dc68780de550663ee6b25edf85ebbc217c6d421748f9ab9ffaddf67d1b.json,raw_reports/benign/8a2dd5dc68780de550663ee6b25edf85ebbc217c6d421748f9ab9ffaddf67d1b.json,720,11,1.0,0,0.0,1.0,3,0,1.0
551,8a3808fbc197040bf0c65084514e8441e35ffff8e31980f9ce1f41ed65e08437,benign,,2008,I386,0,6.0391082746063,EXE,RanDS_Behaviour_Activity_Dataset/dataset/8a/8a3808fbc197040bf0c65084514e8441e35ffff8e31980f9ce1f41ed65e08437.json,raw_reports/benign/8a3808fbc197040bf0c65084514e8441e35ffff8e31980f9ce1f41ed65e08437.json,190,9,1.0,9,0.04736842105263158,1.0,5,0,1.0
552,8a4a46e4e1c93c426e03e814d5eec5109b311c9f56e85acd05f4b05d499cfa65,benign,,2025,Amd64,0,6.3629430673679,DLL,RanDS_Behaviour_Activity_Dataset/dataset/8a/8a4a46e4e1c93c426e03e814d5eec5109b311c9f56e85acd05f4b05d499cfa65.json,raw_reports/benign/8a4a46e4e1c93c426e03e814d5eec5109b311c9f56e85acd05f4b05d499cfa65.json,540,11,1.0,18,0.03333333333333333,1.0,6,0,1.0
553,8a63f625ca114f6d0f91b24076dd9093b2cc1fb40d825c685181ed18528273c4,benign,,2025,Amd64,0,6.4393527465265,EXE,RanDS_Behaviour_Activity_Dataset/dataset/8a/8a63f625ca114f6d0f91b24076dd9093b2cc1fb40d825c685181ed18528273c4.json,raw_reports/benign/8a63f625ca114f6d0f91b24076dd9093b2cc1fb40d825c685181ed18528273c4.json,284,10,1.0,10,0.035211267605633804,1.0,5,0,1.0
554,8a6c3d5146842a9accef2286570af991ae7320d58faab2374ad2b834dee87afc,benign,,2024,I386,1,6.63095779931,DLL,RanDS_Behaviour_Activity_Dataset/dataset/8a/8a6c3d5146842a9accef2286570af991ae7320d58faab2374ad2b834dee87afc.json,raw_reports/benign/8a6c3d5146842a9accef2286570af991ae7320d58faab2374ad2b834dee87afc.json,325,9,1.0,10,0.03076923076923077,1.0,5,0,1.0
555,8ad4af58e9e7ce07c6b8b693121197b9b9c85219313e566a3a3b8c52c53894e7,benign,,2011,Amd64,0,5.9019848979484,EXE,RanDS_Behaviour_Activity_Dataset/dataset/8a/8ad4af58e9e7ce07c6b8b693121197b9b9c85219313e566a3a3b8c52c53894e7.json,raw_reports/benign/8ad4af58e9e7ce07c6b8b693121197b9b9c85219313e566a3a3b8c52c53894e7.json,97,10,1.0,11,0.1134020618556701,1.0,3,0,1.0
556,8afd522ed2488723d2b72b7ba214272e6abfac4f3aa589888ffb35a0a44660ce,benign,,2015,I386,0,6.0012662474551,EXE,RanDS_Behaviour_Activity_Dataset/dataset/8a/8afd522ed2488723d2b72b7ba214272e6abfac4f3aa589888ffb35a0a44660ce.json,raw_reports/benign/8afd522ed2488723d2b72b7ba214272e6abfac4f3aa589888ffb35a0a44660ce.json,787,12,1.0,0,0.0,1.0,3,0,1.0
557,8bcaf59bda24836701bb6f5d7873399a79bdf2aa40e68f12f3c2c4abad482b95,benign,,2024,Amd64,0,6.3043567895751,EXE,RanDS_Behaviour_Activity_Dataset/dataset/8b/8bcaf59bda24836701bb6f5d7873399a79bdf2aa40e68f12f3c2c4abad482b95.json,raw_reports/benign/8bcaf59bda24836701bb6f5d7873399a79bdf2aa40e68f12f3c2c4abad482b95.json,41,9,1.0,5,0.12195121951219512,1.0,3,0,1.0
558,8c4036342562b9405c37c687afbe7a3ab0ce4383fd84d2cf7a25446a5ef73afb,benign,,2009,I386,0,6.1466662186007,DLL,RanDS_Behaviour_Activity_Dataset/dataset/8c/8c4036342562b9405c37c687afbe7a3ab0ce4383fd84d2cf7a25446a5ef73afb.json,raw_reports/benign/8c4036342562b9405c37c687afbe7a3ab0ce4383fd84d2cf7a25446a5ef73afb.json,483,12,1.0,13,0.026915113871635612,1.0,6,0,1.0
559,8c4861c1389932216d0766e578d641f8c95900ef6015d244d148ef88bb707696,benign,,2014,Amd64,0,5.8767105033106,EXE,RanDS_Behaviour_Activity_Dataset/dataset/8c/8c4861c1389932216d0766e578d641f8c95900ef6015d244d148ef88bb707696.json,raw_reports/benign/8c4861c1389932216d0766e578d641f8c95900ef6015d244d148ef88bb707696.json,208,11,1.0,9,0.04326923076923077,1.0,3,0,1.0
560,8d0d8cf3b1b7b8ae4fb83e2f4ff48bf2b7e69ce27437d026a6e86b494b696ac2,benign,,2018,I386,1,7.5693670016323,EXE,RanDS_Behaviour_Activity_Dataset/dataset/8d/8d0d8cf3b1b7b8ae4fb83e2f4ff48bf2b7e69ce27437d026a6e86b494b696ac2.json,raw_reports/benign/8d0d8cf3b1b7b8ae4fb83e2f4ff48bf2b7e69ce27437d026a6e86b494b696ac2.json,85,6,0.75,0,0.0,0.6666666666666666,1,3,1.0
561,8d1873ba509391f155404823ce2b349e906b111aa820bda962aff5d09f6d1a94,benign,,2013,Amd64,0,6.1369315321902,DLL,RanDS_Behaviour_Activity_Dataset/dataset/8d/8d1873ba509391f155404823ce2b349e906b111aa820bda962aff5d09f6d1a94.json,raw_reports/benign/8d1873ba509391f155404823ce2b349e906b111aa820bda962aff5d09f6d1a94.json,669,12,1.0,21,0.03139013452914798,1.0,4,0,1.0
562,8d6cc3d9e30853aa5b63b43b647adccd3d883844a59df41b089f3cb7e2968173,benign,,2010,Amd64,0,6.2023599101122,DLL,RanDS_Behaviour_Activity_Dataset/dataset/8d/8d6cc3d9e30853aa5b63b43b647adccd3d883844a59df41b089f3cb7e2968173.json,raw_reports/benign/8d6cc3d9e30853aa5b63b43b647adccd3d883844a59df41b089f3cb7e2968173.json,451,13,1.0,14,0.031042128603104215,1.0,6,0,1.0
563,8d9850127aa9236221b3e62b797ab400c10442e9251412835fc9aa3226d50040,benign,,2024,Amd64,0,5.7726143960641,DLL,RanDS_Behaviour_Activity_Dataset/dataset/8d/8d9850127aa9236221b3e62b797ab400c10442e9251412835fc9aa3226d50040.json,raw_reports/benign/8d9850127aa9236221b3e62b797ab400c10442e9251412835fc9aa3226d50040.json,394,11,1.0,22,0.05583756345177665,1.0,5,0,1.0
564,8eae107452d0d7580069ac88f39f2e945750a6cd3de315ad630f1551695bbc24,benign,,2023,I386,0,6.2617179611334,EXE,RanDS_Behaviour_Activity_Dataset/dataset/8e/8eae107452d0d7580069ac88f39f2e945750a6cd3de315ad630f1551695bbc24.json,raw_reports/benign/8eae107452d0d7580069ac88f39f2e945750a6cd3de315ad630f1551695bbc24.json,106,11,1.0,9,0.08490566037735849,1.0,3,0,1.0
565,8eb3c3c694c0bf10d9c4fb2e52d09acf9f70f3a66bb750a30ebfdd837de87e12,benign,,2015,Amd64,0,6.0683340446299,DLL,RanDS_Behaviour_Activity_Dataset/dataset/8e/8eb3c3c694c0bf10d9c4fb2e52d09acf9f70f3a66bb750a30ebfdd837de87e12.json,raw_reports/benign/8eb3c3c694c0bf10d9c4fb2e52d09acf9f70f3a66bb750a30ebfdd837de87e12.json,292,8,1.0,4,0.0136986301369863,0.7777777777777778,5,2,1.0
566,8ec59c30c5eea50b8938c310d11add33984d2af5708960983c7635b3f52cdc20,benign,,2015,Amd64,0,6.3495903234406,DLL,RanDS_Behaviour_Activity_Dataset/dataset/8e/8ec59c30c5eea50b8938c310d11add33984d2af5708960983c7635b3f52cdc20.json,raw_reports/benign/8ec59c30c5eea50b8938c310d11add33984d2af5708960983c7635b3f52cdc20.json,47,4,0.5,42,0.8936170212765957,0.6666666666666666,2,3,NA
567,8f277af51e936f33bd084f8240c5a6ade580547955ed78d3fbd6c3b1417698e8,benign,,2013,Amd64,0,6.3475893696376,EXE,RanDS_Behaviour_Activity_Dataset/dataset/8f/8f277af51e936f33bd084f8240c5a6ade580547955ed78d3fbd6c3b1417698e8.json,raw_reports/benign/8f277af51e936f33bd084f8240c5a6ade580547955ed78d3fbd6c3b1417698e8.json,127,12,1.0,12,0.09448818897637795,1.0,4,0,1.0
568,8f8f564b5539f355e99d63c6ae756dad82be8330c8d2fb8860ac308e3d51b6be,benign,,2024,Amd64,0,6.1771907081936,DLL,RanDS_Behaviour_Activity_Dataset/dataset/8f/8f8f564b5539f355e99d63c6ae756dad82be8330c8d2fb8860ac308e3d51b6be.json,raw_reports/benign/8f8f564b5539f355e99d63c6ae756dad82be8330c8d2fb8860ac308e3d51b6be.json,562,9,1.0,51,0.09074733096085409,1.0,3,0,1.0
569,8fbfe59a208b4065519a8d81868a07a68cb0e0024cb9e91da33e17f6056c3f21,benign,,2010,I386,0,6.2881713322864,DLL,RanDS_Behaviour_Activity_Dataset/dataset/8f/8fbfe59a208b4065519a8d81868a07a68cb0e0024cb9e91da33e17f6056c3f21.json,raw_reports/benign/8fbfe59a208b4065519a8d81868a07a68cb0e0024cb9e91da33e17f6056c3f21.json,456,9,1.0,11,0.02412280701754386,0.8888888888888888,5,1,1.0
570,903827c305730f111cde15baf4b0d8c693762deb9bb14473c14e37336dd10149,benign,,2014,I386,0,6.0949288361481,EXE,RanDS_Behaviour_Activity_Dataset/dataset/90/903827c305730f111cde15baf4b0d8c693762deb9bb14473c14e37336dd10149.json,raw_reports/benign/903827c305730f111cde15baf4b0d8c693762deb9bb14473c14e37336dd10149.json,154,12,1.0,9,0.05844155844155844,1.0,2,0,1.0
571,90abaa99890ee1432d1fab0a6ef1ff84b36ff07b0a57122fabb2bac7defb7f70,benign,,2015,Amd64,0,6.0542638299,DLL,RanDS_Behaviour_Activity_Dataset/dataset/90/90abaa99890ee1432d1fab0a6ef1ff84b36ff07b0a57122fabb2bac7defb7f70.json,raw_reports/benign/90abaa99890ee1432d1fab0a6ef1ff84b36ff07b0a57122fabb2bac7defb7f70.json,13,4,0.5,9,0.6923076923076923,0.6666666666666666,2,3,NA
572,90ef02dca67c68afbeb8e2be2e1bd6e400f2a386c3ce8af5573e9f89b7636688,benign,,2009,I386,0,5.7156518817644,DLL,RanDS_Behaviour_Activity_Dataset/dataset/90/90ef02dca67c68afbeb8e2be2e1bd6e400f2a386c3ce8af5573e9f89b7636688.json,raw_reports/benign/90ef02dca67c68afbeb8e2be2e1bd6e400f2a386c3ce8af5573e9f89b7636688.json,118,11,1.0,0,0.0,0.8888888888888888,4,1,1.0
573,913c298a4b12732a1761b11927b834de4fa69688135940a8b85fea2c4d6c76af,benign,,2015,I386,0,3.6794986454251,EXE,RanDS_Behaviour_Activity_Dataset/dataset/91/913c298a4b12732a1761b11927b834de4fa69688135940a8b85fea2c4d6c76af.json,raw_reports/benign/913c298a4b12732a1761b11927b834de4fa69688135940a8b85fea2c4d6c76af.json,125,7,0.875,0,0.0,0.5555555555555556,1,4,NA
574,9140d0aa7f991be8d677840ec98b3f6f09e9d24cb8424e1d54e0e7c06b06649e,benign,,2025,Amd64,1,6.6174409900887,EXE,RanDS_Behaviour_Activity_Dataset/dataset/91/9140d0aa7f991be8d677840ec98b3f6f09e9d24cb8424e1d54e0e7c06b06649e.json,raw_reports/benign/9140d0aa7f991be8d677840ec98b3f6f09e9d24cb8424e1d54e0e7c06b06649e.json,95,9,1.0,11,0.11578947368421053,1.0,3,0,1.0
575,916316422e9219a5703818fd16f6beef52e738d59a11f8101cfcc4d7ad416c06,benign,,2025,Amd64,0,6.3737242553336,DLL,RanDS_Behaviour_Activity_Dataset/dataset/91/916316422e9219a5703818fd16f6beef52e738d59a11f8101cfcc4d7ad416c06.json,raw_reports/benign/916316422e9219a5703818fd16f6beef52e738d59a11f8101cfcc4d7ad416c06.json,455,10,1.0,13,0.02857142857142857,1.0,7,0,1.0
576,918f88dda79911eb53ce2e21a8e68055b1c75e9533d8fed12c494feedb462b03,benign,,2015,I386,0,6.4174435565447,EXE,RanDS_Behaviour_Activity_Dataset/dataset/91/918f88dda79911eb53ce2e21a8e68055b1c75e9533d8fed12c494feedb462b03.json,raw_reports/benign/918f88dda79911eb53ce2e21a8e68055b1c75e9533d8fed12c494feedb462b03.json,127,9,1.0,6,0.047244094488188976,1.0,2,0,1.0
577,9192d84fa29ca82801653431f5f3f52eec5f7f2f95dec5bbc1954c3eaccf77cc,benign,,2014,I386,1,6.9577938165878,EXE,RanDS_Behaviour_Activity_Dataset/dataset/91/9192d84fa29ca82801653431f5f3f52eec5f7f2f95dec5bbc1954c3eaccf77cc.json,raw_reports/benign/9192d84fa29ca82801653431f5f3f52eec5f7f2f95dec5bbc1954c3eaccf77cc.json,118,7,0.875,0,0.0,0.5555555555555556,1,4,NA
578,91bfbef3b2c2494aff9d71028e88c067b3027291b8e687019483592e5ace9538,benign,,2014,I386,1,7.9996988974139,EXE,RanDS_Behaviour_Activity_Dataset/dataset/91/91bfbef3b2c2494aff9d71028e88c067b3027291b8e687019483592e5ace9538.json,raw_reports/benign/91bfbef3b2c2494aff9d71028e88c067b3027291b8e687019483592e5ace9538.json,1267,15,1.0,474,0.3741120757695343,1.0,4,0,1.0
579,91d7b81c65d1339a5ae7d5b9d3e70c5986bf7a72863907517aed3fd5d78be1e4,benign,,2025,Amd64,0,6.3421640528649,DLL,RanDS_Behaviour_Activity_Dataset/dataset/91/91d7b81c65d1339a5ae7d5b9d3e70c5986bf7a72863907517aed3fd5d78be1e4.json,raw_reports/benign/91d7b81c65d1339a5ae7d5b9d3e70c5986bf7a72863907517aed3fd5d78be1e4.json,302,10,1.0,14,0.046357615894039736,1.0,6,0,1.0
580,91f63863b1b597ae421cd2c3d8a3e00578b17876e5f5b828d25c2c9b349ecccd,benign,,2011,Amd64,1,6.5493724594737,DLL,RanDS_Behaviour_Activity_Dataset/dataset/91/91f63863b1b597ae421cd2c3d8a3e00578b17876e5f5b828d25c2c9b349ecccd.json,raw_reports/benign/91f63863b1b597ae421cd2c3d8a3e00578b17876e5f5b828d25c2c9b349ecccd.json,363,8,1.0,7,0.01928374655647383,0.7777777777777778,4,2,1.0
581,922f0b8a53c90c74d546e86513bd1993fff74a5bc0e829a55ad48b10024ee9ba,benign,,2012,Amd64,1,6.5306929867124,DLL,RanDS_Behaviour_Activity_Dataset/dataset/92/922f0b8a53c90c74d546e86513bd1993fff74a5bc0e829a55ad48b10024ee9ba.json,raw_reports/benign/922f0b8a53c90c74d546e86513bd1993fff74a5bc0e829a55ad48b10024ee9ba.json,93,6,0.75,9,0.0967741935483871,0.6666666666666666,3,3,1.0
582,92da420f9e440a8b8ec9ae34f5d23c1d3af21c8c7abae50e0d22a5ae08ac5358,benign,,2015,I386,1,6.813304690667,DLL,RanDS_Behaviour_Activity_Dataset/dataset/92/92da420f9e440a8b8ec9ae34f5d23c1d3af21c8c7abae50e0d22a5ae08ac5358.json,raw_reports/benign/92da420f9e440a8b8ec9ae34f5d23c1d3af21c8c7abae50e0d22a5ae08ac5358.json,152,9,1.0,24,0.15789473684210525,1.0,4,0,1.0
583,930a8b30da5f977502fdcbe2659b01f39c0b6076d3a6269197097823a601f2bb,benign,,2014,I386,1,6.7322422983516,EXE,RanDS_Behaviour_Activity_Dataset/dataset/93/930a8b30da5f977502fdcbe2659b01f39c0b6076d3a6269197097823a601f2bb.json,raw_reports/benign/930a8b30da5f977502fdcbe2659b01f39c0b6076d3a6269197097823a601f2bb.json,97,8,1.0,4,0.041237113402061855,0.8888888888888888,1,1,1.0
584,9325ac8a4d05d044c224f8f8163843d77c950a064001de9887a4959e0e5ea34e,benign,,2024,Amd64,0,5.3196371089806,DLL,RanDS_Behaviour_Activity_Dataset/dataset/93/9325ac8a4d05d044c224f8f8163843d77c950a064001de9887a4959e0e5ea34e.json,raw_reports/benign/9325ac8a4d05d044c224f8f8163843d77c950a064001de9887a4959e0e5ea34e.json,77,6,0.75,16,0.2077922077922078,1.0,4,0,1.0
585,932a57f2c6fb303ef7d875819705cf95c45d2f94a9c3c73d9fb238e7f9482d00,benign,,2020,I386,0,4.3973570057419,EXE,RanDS_Behaviour_Activity_Dataset/dataset/93/932a57f2c6fb303ef7d875819705cf95c45d2f94a9c3c73d9fb238e7f9482d00.json,raw_reports/benign/932a57f2c6fb303ef7d875819705cf95c45d2f94a9c3c73d9fb238e7f9482d00.json,2340,14,1.0,35,0.014957264957264958,1.0,5,0,1.0
586,935571120a65713e7d9c4209b02cdf9fc9362e296a65c7ebdb5bd4a534d7bf56,benign,,2023,Amd64,0,5.510223380792,EXE,RanDS_Behaviour_Activity_Dataset/dataset/93/935571120a65713e7d9c4209b02cdf9fc9362e296a65c7ebdb5bd4a534d7bf56.json,raw_reports/benign/935571120a65713e7d9c4209b02cdf9fc9362e296a65c7ebdb5bd4a534d7bf56.json,64,10,1.0,6,0.09375,1.0,2,0,1.0
587,93b7d25e728ac117582b60d3ce27a57db20f2e4c5dc86eab4af3f5a97f74a629,benign,,2011,I386,0,6.0864118911091,DLL,RanDS_Behaviour_Activity_Dataset/dataset/93/93b7d25e728ac117582b60d3ce27a57db20f2e4c5dc86eab4af3f5a97f74a629.json,raw_reports/benign/93b7d25e728ac117582b60d3ce27a57db20f2e4c5dc86eab4af3f5a97f74a629.json,320,7,0.875,11,0.034375,0.6666666666666666,2,3,1.0
588,93bd79aa4bb697dcfdb68bdf82b1c57eeeb6d40b0bde12c8e2ad7acf07030c3d,benign,,2016,Amd64,0,6.1282271539556,DLL,RanDS_Behaviour_Activity_Dataset/dataset/93/93bd79aa4bb697dcfdb68bdf82b1c57eeeb6d40b0bde12c8e2ad7acf07030c3d.json,raw_reports/benign/93bd79aa4bb697dcfdb68bdf82b1c57eeeb6d40b0bde12c8e2ad7acf07030c3d.json,663,8,1.0,14,0.021116138763197588,1.0,5,0,1.0
589,93fa97ca63861538e6fd0a1a73183e2523c64bd9f21c26b558485788125a52a6,benign,,2024,Amd64,1,6.5177141896795,EXE,RanDS_Behaviour_Activity_Dataset/dataset/93/93fa97ca63861538e6fd0a1a73183e2523c64bd9f21c26b558485788125a52a6.json,raw_reports/benign/93fa97ca63861538e6fd0a1a73183e2523c64bd9f21c26b558485788125a52a6.json,435,13,1.0,11,0.02528735632183908,1.0,5,0,1.0
590,9441c0671332786e231f1bb47c0c4fef5886970575889a16a20aec53fafd3e1d,benign,,2023,I386,0,4.9923806911361,DLL,RanDS_Behaviour_Activity_Dataset/dataset/94/9441c0671332786e231f1bb47c0c4fef5886970575889a16a20aec53fafd3e1d.json,raw_reports/benign/9441c0671332786e231f1bb47c0c4fef5886970575889a16a20aec53fafd3e1d.json,169,6,0.75,48,0.28402366863905326,1.0,4,0,1.0
591,9461f2e4add5c650102acde0c62377ff86d9b19fc20d0003f326ccd474e8b7b9,benign,,2014,Amd64,1,6.634299941981,DLL,RanDS_Behaviour_Activity_Dataset/dataset/94/9461f2e4add5c650102acde0c62377ff86d9b19fc20d0003f326ccd474e8b7b9.json,raw_reports/benign/9461f2e4add5c650102acde0c62377ff86d9b19fc20d0003f326ccd474e8b7b9.json,493,9,1.0,9,0.018255578093306288,0.8888888888888888,4,1,1.0
592,949b9a9e8137e3ae9dcdd987f3ce9ff6614d238b9d52829e12dacea147b4df29,benign,,2024,Amd64,0,6.4903140937477,DLL,RanDS_Behaviour_Activity_Dataset/dataset/94/949b9a9e8137e3ae9dcdd987f3ce9ff6614d238b9d52829e12dacea147b4df29.json,raw_reports/benign/949b9a9e8137e3ae9dcdd987f3ce9ff6614d238b9d52829e12dacea147b4df29.json,435,12,1.0,27,0.06206896551724138,1.0,5,0,1.0
593,94c76bb485f58833257573d3fadf90fdaa4d67f3fafde4992707a0972dffc405,benign,,2014,Amd64,0,5.986593251827,EXE,RanDS_Behaviour_Activity_Dataset/dataset/94/94c76bb485f58833257573d3fadf90fdaa4d67f3fafde4992707a0972dffc405.json,raw_reports/benign/94c76bb485f58833257573d3fadf90fdaa4d67f3fafde4992707a0972dffc405.json,21,8,1.0,7,0.3333333333333333,0.7777777777777778,1,2,1.0
594,9505156d113f2c056ec3a7184829fe04f91ccb3137a190feb09992e4463e29f7,benign,,2012,I386,0,6.258262287754,EXE,RanDS_Behaviour_Activity_Dataset/dataset/95/9505156d113f2c056ec3a7184829fe04f91ccb3137a190feb09992e4463e29f7.json,raw_reports/benign/9505156d113f2c056ec3a7184829fe04f91ccb3137a190feb09992e4463e29f7.json,184,11,1.0,13,0.07065217391304347,1.0,2,0,1.0
595,95122909799103f2d2e082be17819b17e20b0fe32b1799c1cb094b2cfb9a9444,benign,,2024,Amd64,0,6.4441023645388,EXE,RanDS_Behaviour_Activity_Dataset/dataset/95/95122909799103f2d2e082be17819b17e20b0fe32b1799c1cb094b2cfb9a9444.json,raw_reports/benign/95122909799103f2d2e082be17819b17e20b0fe32b1799c1cb094b2cfb9a9444.json,25,5,0.625,3,0.12,0.8888888888888888,2,1,1.0
596,957e77dc780f168bca181681566cc62d348861512ea9c6d1740f3d3e8147fff4,benign,,2024,Amd64,0,6.0010078071197,DLL,RanDS_Behaviour_Activity_Dataset/dataset/95/957e77dc780f168bca181681566cc62d348861512ea9c6d1740f3d3e8147fff4.json,raw_reports/benign/957e77dc780f168bca181681566cc62d348861512ea9c6d1740f3d3e8147fff4.json,374,10,1.0,17,0.045454545454545456,1.0,6,0,1.0
597,95ac2dce6986ef48f05cd18aedda087a99e418a4a80f4d17d4bd9d44d46f9c1e,benign,,2015,I386,1,6.5224773499245,EXE,RanDS_Behaviour_Activity_Dataset/dataset/95/95ac2dce6986ef48f05cd18aedda087a99e418a4a80f4d17d4bd9d44d46f9c1e.json,raw_reports/benign/95ac2dce6986ef48f05cd18aedda087a99e418a4a80f4d17d4bd9d44d46f9c1e.json,335,13,1.0,7,0.020895522388059702,1.0,4,0,1.0
598,960a8780051f04ea8348aaa940a7bd47c7534b06c5d2e084b4b93511157abe4c,benign,,2019,I386,1,6.8040822872148,DLL,RanDS_Behaviour_Activity_Dataset/dataset/96/960a8780051f04ea8348aaa940a7bd47c7534b06c5d2e084b4b93511157abe4c.json,raw_reports/benign/960a8780051f04ea8348aaa940a7bd47c7534b06c5d2e084b4b93511157abe4c.json,491,14,1.0,22,0.04480651731160896,1.0,6,0,1.0
599,974765b22c2791c43cb8237c8f49ce91f8471b3bf681ba27cf0b0eb41f00c6e2,benign,,2024,I386,1,6.7390110007726,EXE,RanDS_Behaviour_Activity_Dataset/dataset/97/974765b22c2791c43cb8237c8f49ce91f8471b3bf681ba27cf0b0eb41f00c6e2.json,raw_reports/benign/974765b22c2791c43cb8237c8f49ce91f8471b3bf681ba27cf0b0eb41f00c6e2.json,35,8,1.0,5,0.14285714285714285,1.0,2,0,1.0
600,9747a97f62e9f2574ca773602805d705941e2084c2bfc5c60384332e06241fe6,benign,,2024,I386,1,6.9535612542613,DLL,RanDS_Behaviour_Activity_Dataset/dataset/97/9747a97f62e9f2574ca773602805d705941e2084c2bfc5c60384332e06241fe6.json,raw_reports/benign/9747a97f62e9f2574ca773602805d705941e2084c2bfc5c60384332e06241fe6.json,307,9,1.0,12,0.03908794788273615,1.0,3,0,1.0
601,9787fea4ca6cf8b852093e91b7de58073cc8d7d73915b1bba5ce57e806d8902e,benign,,2015,Amd64,0,5.9349409797997,EXE,RanDS_Behaviour_Activity_Dataset/dataset/97/9787fea4ca6cf8b852093e91b7de58073cc8d7d73915b1bba5ce57e806d8902e.json,raw_reports/benign/9787fea4ca6cf8b852093e91b7de58073cc8d7d73915b1bba5ce57e806d8902e.json,44,7,0.875,6,0.13636363636363635,0.8888888888888888,2,1,1.0
602,9794bf71b28ef9572ae519536f3d8e1c84e2fbe8a38dd42f01540c4f47db2c4c,benign,,2013,I386,0,6.3095668652768,EXE,RanDS_Behaviour_Activity_Dataset/dataset/97/9794bf71b28ef9572ae519536f3d8e1c84e2fbe8a38dd42f01540c4f47db2c4c.json,raw_reports/benign/9794bf71b28ef9572ae519536f3d8e1c84e2fbe8a38dd42f01540c4f47db2c4c.json,883,14,1.0,7,0.007927519818799546,1.0,4,0,1.0
603,97f217682ed5e6ab2a01144b33a7a5bf5f7354ef5a7180c0b3140e879d4d7cb1,benign,,2015,I386,0,6.3199124257498,EXE,RanDS_Behaviour_Activity_Dataset/dataset/97/97f217682ed5e6ab2a01144b33a7a5bf5f7354ef5a7180c0b3140e879d4d7cb1.json,raw_reports/benign/97f217682ed5e6ab2a01144b33a7a5bf5f7354ef5a7180c0b3140e879d4d7cb1.json,139,10,1.0,6,0.04316546762589928,1.0,2,0,1.0
604,97fe671c468a39b226f5c7d0f3eaad6b1c3d5dadf9898a666d30520101d77321,benign,,2011,I386,0,5.8677358115041,EXE,RanDS_Behaviour_Activity_Dataset/dataset/97/97fe671c468a39b226f5c7d0f3eaad6b1c3d5dadf9898a666d30520101d77321.json,raw_reports/benign/97fe671c468a39b226f5c7d0f3eaad6b1c3d5dadf9898a666d30520101d77321.json,73,9,1.0,5,0.0684931506849315,1.0,2,0,1.0
605,9816ccee7d08db6eb6b0d4a69889bdb9bc53acd32be9c68478b66710e5359ca7,benign,,2010,Amd64,0,5.984474416441,DLL,RanDS_Behaviour_Activity_Dataset/dataset/98/9816ccee7d08db6eb6b0d4a69889bdb9bc53acd32be9c68478b66710e5359ca7.json,raw_reports/benign/9816ccee7d08db6eb6b0d4a69889bdb9bc53acd32be9c68478b66710e5359ca7.json,298,10,1.0,17,0.05704697986577181,1.0,6,0,1.0
606,98c7d266315f6a0ffd98ee31fdd962b7b946277eb402a8f83ee8575b369db320,benign,,2010,Amd64,1,7.4371380948875,EXE,RanDS_Behaviour_Activity_Dataset/dataset/98/98c7d266315f6a0ffd98ee31fdd962b7b946277eb402a8f83ee8575b369db320.json,raw_reports/benign/98c7d266315f6a0ffd98ee31fdd962b7b946277eb402a8f83ee8575b369db320.json,173,12,1.0,9,0.05202312138728324,1.0,4,0,1.0
607,98d3ac5b9728544ba96f6d281a7a7aad06d315c403d1f4eb71e6bc5a7e62e539,benign,,2014,I386,0,5.1713929437186,EXE,RanDS_Behaviour_Activity_Dataset/dataset/98/98d3ac5b9728544ba96f6d281a7a7aad06d315c403d1f4eb71e6bc5a7e62e539.json,raw_reports/benign/98d3ac5b9728544ba96f6d281a7a7aad06d315c403d1f4eb71e6bc5a7e62e539.json,782,15,1.0,13,0.016624040920716114,1.0,5,0,1.0
608,9903bb72236ab2773dc601f617a290e404a93dcedf4628c2cc94e0b6838b0a85,benign,,2022,I386,1,7.0203347307797,DLL,RanDS_Behaviour_Activity_Dataset/dataset/99/9903bb72236ab2773dc601f617a290e404a93dcedf4628c2cc94e0b6838b0a85.json,raw_reports/benign/9903bb72236ab2773dc601f617a290e404a93dcedf4628c2cc94e0b6838b0a85.json,173,8,1.0,11,0.06358381502890173,1.0,5,0,1.0
609,990ea273b640df2d7e800c0cff18550259c605a4951cd82cd9f1e7b6ff0c9533,benign,,2009,I386,0,6.0365673269332,DLL,RanDS_Behaviour_Activity_Dataset/dataset/99/990ea273b640df2d7e800c0cff18550259c605a4951cd82cd9f1e7b6ff0c9533.json,raw_reports/benign/990ea273b640df2d7e800c0cff18550259c605a4951cd82cd9f1e7b6ff0c9533.json,481,10,1.0,12,0.02494802494802495,1.0,6,0,1.0
610,992787cec6a6c5228e4b853399f0538373c82cc144ed48993a0fb94225455529,benign,,2009,I386,0,5.6482808952038,EXE,RanDS_Behaviour_Activity_Dataset/dataset/99/992787cec6a6c5228e4b853399f0538373c82cc144ed48993a0fb94225455529.json,raw_reports/benign/992787cec6a6c5228e4b853399f0538373c82cc144ed48993a0fb94225455529.json,69,5,0.625,0,0.0,0.1111111111111111,1,8,NA
611,9933c4eb8ef6ed4e549463e96518c90cb9a002690062c74f23826c5ab0e69266,benign,,2016,Amd64,0,6.2767117960601,DLL,RanDS_Behaviour_Activity_Dataset/dataset/99/9933c4eb8ef6ed4e549463e96518c90cb9a002690062c74f23826c5ab0e69266.json,raw_reports/benign/9933c4eb8ef6ed4e549463e96518c90cb9a002690062c74f23826c5ab0e69266.json,350,7,0.875,5,0.014285714285714285,0.6666666666666666,3,3,1.0
612,994a8c3a1d3a5a8008b2e283adfeed3fae01e5c5e6db34cd8c9978f065e96d89,benign,,2022,Amd64,0,5.8035014217874,EXE,RanDS_Behaviour_Activity_Dataset/dataset/99/994a8c3a1d3a5a8008b2e283adfeed3fae01e5c5e6db34cd8c9978f065e96d89.json,raw_reports/benign/994a8c3a1d3a5a8008b2e283adfeed3fae01e5c5e6db34cd8c9978f065e96d89.json,49,9,1.0,9,0.1836734693877551,1.0,2,0,1.0
613,9987df717b8efa9d0bc3b39a92062582795a63684d1244a85934addc8067dac1,benign,,2015,I386,1,6.5714620831849,DLL,RanDS_Behaviour_Activity_Dataset/dataset/99/9987df717b8efa9d0bc3b39a92062582795a63684d1244a85934addc8067dac1.json,raw_reports/benign/9987df717b8efa9d0bc3b39a92062582795a63684d1244a85934addc8067dac1.json,135,8,1.0,12,0.08888888888888889,1.0,4,0,1.0
614,99f5a6bdfd6af00197b446df990e9a8ca3ba4ea93a9fdc61677c0488a886a8d4,benign,,2022,I386,0,6.3739544452811,EXE,RanDS_Behaviour_Activity_Dataset/dataset/99/99f5a6bdfd6af00197b446df990e9a8ca3ba4ea93a9fdc61677c0488a886a8d4.json,raw_reports/benign/99f5a6bdfd6af00197b446df990e9a8ca3ba4ea93a9fdc61677c0488a886a8d4.json,50,9,1.0,6,0.12,1.0,2,0,1.0
615,9a2cfa4fd0fbf0fd5920ae451c7bfe0fe998fd80abb0ece11d4acffa55e14d36,benign,,2016,Amd64,0,6.3374916908968,DLL,RanDS_Behaviour_Activity_Dataset/dataset/9a/9a2cfa4fd0fbf0fd5920ae451c7bfe0fe998fd80abb0ece11d4acffa55e14d36.json,raw_reports/benign/9a2cfa4fd0fbf0fd5920ae451c7bfe0fe998fd80abb0ece11d4acffa55e14d36.json,137,8,1.0,13,0.0948905109489051,1.0,4,0,1.0
616,9a3d000e7cf4ad91be4a3248f860816c2bb7a64a50624ed7054567fe7b7a27f2,benign,,2025,Amd64,1,7.1539243547683,DLL,RanDS_Behaviour_Activity_Dataset/dataset/9a/9a3d000e7cf4ad91be4a3248f860816c2bb7a64a50624ed7054567fe7b7a27f2.json,raw_reports/benign/9a3d000e7cf4ad91be4a3248f860816c2bb7a64a50624ed7054567fe7b7a27f2.json,620,13,1.0,26,0.041935483870967745,1.0,8,0,1.0
617,9b3dfa1b3d54258bb9ca1b14cdb935c6b7e2ba1d059e892758973b4cd786f585,benign,,2024,I386,1,6.5248932722215,DLL,RanDS_Behaviour_Activity_Dataset/dataset/9b/9b3dfa1b3d54258bb9ca1b14cdb935c6b7e2ba1d059e892758973b4cd786f585.json,raw_reports/benign/9b3dfa1b3d54258bb9ca1b14cdb935c6b7e2ba1d059e892758973b4cd786f585.json,168,8,1.0,45,0.26785714285714285,1.0,5,0,1.0
618,9b7a45ff2bc219f50321124809f2f89b5b01c303c891dcde42a6b667c461eabf,benign,,2013,Amd64,0,6.244221068751,DLL,RanDS_Behaviour_Activity_Dataset/dataset/9b/9b7a45ff2bc219f50321124809f2f89b5b01c303c891dcde42a6b667c461eabf.json,raw_reports/benign/9b7a45ff2bc219f50321124809f2f89b5b01c303c891dcde42a6b667c461eabf.json,329,7,0.875,5,0.015197568389057751,0.6666666666666666,3,3,1.0
619,9be40b5d6b706fe12375c14117f9ef65ed6360d14135baa13d512fac5a7ce386,benign,,2014,I386,1,7.9441719382686,EXE,RanDS_Behaviour_Activity_Dataset/dataset/9b/9be40b5d6b706fe12375c14117f9ef65ed6360d14135baa13d512fac5a7ce386.json,raw_reports/benign/9be40b5d6b706fe12375c14117f9ef65ed6360d14135baa13d512fac5a7ce386.json,437,10,1.0,2,0.004576659038901602,0.8888888888888888,3,1,1.0
620,9c0273af3821737dc3cc4ca308ffcc93cce514f85a3da1baf82f40f179fd08fd,benign,,2006,I386,0,5.6065529251671,EXE,RanDS_Behaviour_Activity_Dataset/dataset/9c/9c0273af3821737dc3cc4ca308ffcc93cce514f85a3da1baf82f40f179fd08fd.json,raw_reports/benign/9c0273af3821737dc3cc4ca308ffcc93cce514f85a3da1baf82f40f179fd08fd.json,160,10,1.0,12,0.075,1.0,2,0,1.0
621,9c06e425dd041b1f839ca4513f4e2eaa56926d2d253664eebf2c0f25573fbddb,benign,,2024,I386,0,3.9849194083943,DLL,RanDS_Behaviour_Activity_Dataset/dataset/9c/9c06e425dd041b1f839ca4513f4e2eaa56926d2d253664eebf2c0f25573fbddb.json,raw_reports/benign/9c06e425dd041b1f839ca4513f4e2eaa56926d2d253664eebf2c0f25573fbddb.json,142,6,0.75,16,0.11267605633802817,1.0,4,0,1.0
622,9c47fb536cdc6abd9ad870fa592a89279688d34b582b6c3a307d2818912d2f2f,benign,,2010,I386,0,6.3345656576498,EXE,RanDS_Behaviour_Activity_Dataset/dataset/9c/9c47fb536cdc6abd9ad870fa592a89279688d34b582b6c3a307d2818912d2f2f.json,raw_reports/benign/9c47fb536cdc6abd9ad870fa592a89279688d34b582b6c3a307d2818912d2f2f.json,546,14,1.0,16,0.029304029304029304,1.0,3,0,1.0
623,9c56fc2a2e658733bb3a62017d864797d158c8e54499dc9a76e2be999cfec4ba,benign,,2015,I386,0,2.4591362928407,EXE,RanDS_Behaviour_Activity_Dataset/dataset/9c/9c56fc2a2e658733bb3a62017d864797d158c8e54499dc9a76e2be999cfec4ba.json,raw_reports/benign/9c56fc2a2e658733bb3a62017d864797d158c8e54499dc9a76e2be999cfec4ba.json,103,7,0.875,0,0.0,0.5555555555555556,1,4,NA
624,9c9bad83d9845d51c43a2cff4c2c606392755da6346772bc8b938a6f4ceaff59,benign,,2015,Amd64,0,6.00677058521,DLL,RanDS_Behaviour_Activity_Dataset/dataset/9c/9c9bad83d9845d51c43a2cff4c2c606392755da6346772bc8b938a6f4ceaff59.json,raw_reports/benign/9c9bad83d9845d51c43a2cff4c2c606392755da6346772bc8b938a6f4ceaff59.json,325,10,1.0,12,0.036923076923076927,1.0,5,0,1.0
625,9c9e6d822561c6c41b90e6994b3e8857cf1d66dbfb1e0c4c799c7c89b4e92da1,benign,,2024,Amd64,0,5.9532414990535,DLL,RanDS_Behaviour_Activity_Dataset/dataset/9c/9c9e6d822561c6c41b90e6994b3e8857cf1d66dbfb1e0c4c799c7c89b4e92da1.json,raw_reports/benign/9c9e6d822561c6c41b90e6994b3e8857cf1d66dbfb1e0c4c799c7c89b4e92da1.json,620,13,1.0,19,0.03064516129032258,1.0,8,0,1.0
626,9d46b5f34e0b10cbd138d9f08312b8550702e6d9dc5c40bb28fdb68259e81379,benign,,2016,I386,1,7.5882131168757,EXE,RanDS_Behaviour_Activity_Dataset/dataset/9d/9d46b5f34e0b10cbd138d9f08312b8550702e6d9dc5c40bb28fdb68259e81379.json,raw_reports/benign/9d46b5f34e0b10cbd138d9f08312b8550702e6d9dc5c40bb28fdb68259e81379.json,109,8,1.0,0,0.0,0.3333333333333333,2,6,1.0
627,9d7a3cb66301eb072ebb0f92be3ffed96fceee4bccb4358783dd4e1789de1291,benign,,2012,I386,1,6.5604520299315,DLL,RanDS_Behaviour_Activity_Dataset/dataset/9d/9d7a3cb66301eb072ebb0f92be3ffed96fceee4bccb4358783dd4e1789de1291.json,raw_reports/benign/9d7a3cb66301eb072ebb0f92be3ffed96fceee4bccb4358783dd4e1789de1291.json,334,7,0.875,4,0.011976047904191617,0.6666666666666666,4,3,1.0
628,9d8934ea72730356f2e93800fe18e30b6721296e32fe4af379e86cdb6a8aa978,benign,,2016,I386,0,6.1424671585663,EXE,RanDS_Behaviour_Activity_Dataset/dataset/9d/9d8934ea72730356f2e93800fe18e30b6721296e32fe4af379e86cdb6a8aa978.json,raw_reports/benign/9d8934ea72730356f2e93800fe18e30b6721296e32fe4af379e86cdb6a8aa978.json,433,11,1.0,0,0.0,1.0,3,0,1.0
629,9da7d702b291ba9a56947558c99a9878e4dcb025f027b97546c4967dee7955e0,benign,,2015,I386,1,6.5781107994137,DLL,RanDS_Behaviour_Activity_Dataset/dataset/9d/9da7d702b291ba9a56947558c99a9878e4dcb025f027b97546c4967dee7955e0.json,raw_reports/benign/9da7d702b291ba9a56947558c99a9878e4dcb025f027b97546c4967dee7955e0.json,461,12,1.0,20,0.04338394793926247,1.0,7,0,1.0
630,9e182f1d85f346e7b634573818ff8c037c99fe2aa5bc51023d418ff6997c8bd2,benign,,2022,I386,0,6.14518699287,EXE,RanDS_Behaviour_Activity_Dataset/dataset/9e/9e182f1d85f346e7b634573818ff8c037c99fe2aa5bc51023d418ff6997c8bd2.json,raw_reports/benign/9e182f1d85f346e7b634573818ff8c037c99fe2aa5bc51023d418ff6997c8bd2.json,130,8,1.0,7,0.05384615384615385,1.0,2,0,1.0
631,9e1eb310bb42f5b6f4d85b8140541daf5e5d3b00cb574a5815a4d6c3d0730ccd,benign,,2015,Amd64,0,5.3113819413871,DLL,RanDS_Behaviour_Activity_Dataset/dataset/9e/9e1eb310bb42f5b6f4d85b8140541daf5e5d3b00cb574a5815a4d6c3d0730ccd.json,raw_reports/benign/9e1eb310bb42f5b6f4d85b8140541daf5e5d3b00cb574a5815a4d6c3d0730ccd.json,459,12,1.0,12,0.026143790849673203,1.0,5,0,1.0
632,9e70685b73b3eab78c55863babceecc7cca89475b508b2a9c651ade6fde0751a,benign,,2011,I386,0,5.5745635082175,EXE,RanDS_Behaviour_Activity_Dataset/dataset/9e/9e70685b73b3eab78c55863babceecc7cca89475b508b2a9c651ade6fde0751a.json,raw_reports/benign/9e70685b73b3eab78c55863babceecc7cca89475b508b2a9c651ade6fde0751a.json,277,11,1.0,16,0.05776173285198556,1.0,4,0,1.0
633,9e77adde3fefc01950ffe0dae224825d7413431a11e46dc4cd2601857dec3550,benign,,2015,Amd64,0,5.8227807443043,DLL,RanDS_Behaviour_Activity_Dataset/dataset/9e/9e77adde3fefc01950ffe0dae224825d7413431a11e46dc4cd2601857dec3550.json,raw_reports/benign/9e77adde3fefc01950ffe0dae224825d7413431a11e46dc4cd2601857dec3550.json,353,9,1.0,15,0.042492917847025496,1.0,4,0,1.0
634,9e9efdf5b831a0c3a4f01793ec1c391e6ef9bd6e88a5ce9c5a831c3059af5eaa,benign,,2014,Amd64,0,5.2020389929995,DLL,RanDS_Behaviour_Activity_Dataset/dataset/9e/9e9efdf5b831a0c3a4f01793ec1c391e6ef9bd6e88a5ce9c5a831c3059af5eaa.json,raw_reports/benign/9e9efdf5b831a0c3a4f01793ec1c391e6ef9bd6e88a5ce9c5a831c3059af5eaa.json,158,5,0.625,9,0.056962025316455694,0.6666666666666666,5,3,1.0
635,9ea7ae445557f8bec5d97eb9c2effbbac6fe9f8b53ccaa8a6421da0d36bf4c61,benign,,2025,Amd64,0,4.0216681883333,EXE,RanDS_Behaviour_Activity_Dataset/dataset/9e/9ea7ae445557f8bec5d97eb9c2effbbac6fe9f8b53ccaa8a6421da0d36bf4c61.json,raw_reports/benign/9ea7ae445557f8bec5d97eb9c2effbbac6fe9f8b53ccaa8a6421da0d36bf4c61.json,39,9,1.0,10,0.2564102564102564,0.7777777777777778,2,2,1.0
636,9f29fee4f4c06835fbe22cd14813ff7636a4647e0160b325003013b0a304fc70,benign,,2010,Amd64,0,5.9945302435278,DLL,RanDS_Behaviour_Activity_Dataset/dataset/9f/9f29fee4f4c06835fbe22cd14813ff7636a4647e0160b325003013b0a304fc70.json,raw_reports/benign/9f29fee4f4c06835fbe22cd14813ff7636a4647e0160b325003013b0a304fc70.json,473,14,1.0,20,0.042283298097251586,1.0,6,0,1.0
637,9f6db1fc48d8f77b9dc95de72a0a3d0f2770ff8280e6376c1dfcfbef32a3fc5b,benign,,2022,I386,0,3.574342167497,EXE,RanDS_Behaviour_Activity_Dataset/dataset/9f/9f6db1fc48d8f77b9dc95de72a0a3d0f2770ff8280e6376c1dfcfbef32a3fc5b.json,raw_reports/benign/9f6db1fc48d8f77b9dc95de72a0a3d0f2770ff8280e6376c1dfcfbef32a3fc5b.json,109,8,1.0,4,0.03669724770642202,0.8888888888888888,1,1,NA
638,9f6f7f62ea1fd1e922c26c9c8ec302dc4650fa8ec659f34ce080fd6afa6c1806,benign,,2022,I386,0,5.2992630278628,EXE,RanDS_Behaviour_Activity_Dataset/dataset/9f/9f6f7f62ea1fd1e922c26c9c8ec302dc4650fa8ec659f34ce080fd6afa6c1806.json,raw_reports/benign/9f6f7f62ea1fd1e922c26c9c8ec302dc4650fa8ec659f34ce080fd6afa6c1806.json,133,10,1.0,15,0.11278195488721804,1.0,3,0,1.0
639,a0b20224010b3b608a24501b8177042114c06c2e52261978b6a03b5cb1bc135f,benign,,2010,Amd64,0,4.7344453335071,DLL,RanDS_Behaviour_Activity_Dataset/dataset/a0/a0b20224010b3b608a24501b8177042114c06c2e52261978b6a03b5cb1bc135f.json,raw_reports/benign/a0b20224010b3b608a24501b8177042114c06c2e52261978b6a03b5cb1bc135f.json,73,8,1.0,10,0.136986301369863,1.0,4,0,1.0
640,a1667d0d212bde2df1f28526a35d2d29d49ff5696f64caf72d4bfa9defabcda2,benign,,2019,Amd64,0,5.8843518937187,DLL,RanDS_Behaviour_Activity_Dataset/dataset/a1/a1667d0d212bde2df1f28526a35d2d29d49ff5696f64caf72d4bfa9defabcda2.json,raw_reports/benign/a1667d0d212bde2df1f28526a35d2d29d49ff5696f64caf72d4bfa9defabcda2.json,368,12,1.0,13,0.035326086956521736,1.0,6,0,1.0
641,a1e7f963ee3aefb05e7b6a7f1bbfb3e6a6e1b013a144f49ea3a510fbdea16135,benign,,2014,I386,1,6.9573790178123,EXE,RanDS_Behaviour_Activity_Dataset/dataset/a1/a1e7f963ee3aefb05e7b6a7f1bbfb3e6a6e1b013a144f49ea3a510fbdea16135.json,raw_reports/benign/a1e7f963ee3aefb05e7b6a7f1bbfb3e6a6e1b013a144f49ea3a510fbdea16135.json,124,8,1.0,1,0.008064516129032258,0.5555555555555556,1,4,NA
642,a210d7deee51f43f70f4710441c6765066306a3e3fcae659dff1b0ac5820b78e,benign,,2018,I386,0,6.4363876521739,EXE,RanDS_Behaviour_Activity_Dataset/dataset/a2/a210d7deee51f43f70f4710441c6765066306a3e3fcae659dff1b0ac5820b78e.json,raw_reports/benign/a210d7deee51f43f70f4710441c6765066306a3e3fcae659dff1b0ac5820b78e.json,234,9,1.0,0,0.0,1.0,1,0,1.0
643,a28baa7c633439f969a817e579968be3a1d58a728ccbe3322de67217b2e82f4f,benign,,2024,Amd64,1,7.4168802674661,DLL,RanDS_Behaviour_Activity_Dataset/dataset/a2/a28baa7c633439f969a817e579968be3a1d58a728ccbe3322de67217b2e82f4f.json,raw_reports/benign/a28baa7c633439f969a817e579968be3a1d58a728ccbe3322de67217b2e82f4f.json,98,7,0.875,18,0.1836734693877551,1.0,4,0,1.0
644,a2aa281e75a22a0917fb24a1d4e51dbd20e22a1cdedc484495fc08ffa6133b9a,benign,,2024,Amd64,0,6.2910976947344,DLL,RanDS_Behaviour_Activity_Dataset/dataset/a2/a2aa281e75a22a0917fb24a1d4e51dbd20e22a1cdedc484495fc08ffa6133b9a.json,raw_reports/benign/a2aa281e75a22a0917fb24a1d4e51dbd20e22a1cdedc484495fc08ffa6133b9a.json,94,6,0.75,20,0.2127659574468085,1.0,4,0,1.0
645,a2d0f42bd90fdc511e61f92160c07504cb0131627071fd89a4ed43474b4a5f70,benign,,2012,I386,0,6.2923934844672,EXE,RanDS_Behaviour_Activity_Dataset/dataset/a2/a2d0f42bd90fdc511e61f92160c07504cb0131627071fd89a4ed43474b4a5f70.json,raw_reports/benign/a2d0f42bd90fdc511e61f92160c07504cb0131627071fd89a4ed43474b4a5f70.json,70,8,1.0,6,0.08571428571428572,0.8888888888888888,1,1,NA
646,a3650e3ca2b3057f6736449103b81177d991937f7ab62b882d5eb50230878c68,benign,,2014,I386,1,6.5913946685091,EXE,RanDS_Behaviour_Activity_Dataset/dataset/a3/a3650e3ca2b3057f6736449103b81177d991937f7ab62b882d5eb50230878c68.json,raw_reports/benign/a3650e3ca2b3057f6736449103b81177d991937f7ab62b882d5eb50230878c68.json,133,10,1.0,6,0.045112781954887216,1.0,2,0,1.0
647,a3b590a2ee6f236ad47ddc47e1c64060390e288b8fc861e517ddb1139d18783a,benign,,2013,I386,0,6.451705222256,EXE,RanDS_Behaviour_Activity_Dataset/dataset/a3/a3b590a2ee6f236ad47ddc47e1c64060390e288b8fc861e517ddb1139d18783a.json,raw_reports/benign/a3b590a2ee6f236ad47ddc47e1c64060390e288b8fc861e517ddb1139d18783a.json,20,5,0.625,4,0.2,0.6666666666666666,0,3,NA
648,a4392ebe5e01f6a2cdd0a5455fd81cc311f9d41963d5acd3917190608fdf4b3f,benign,,2023,I386,0,5.02498424101,DLL,RanDS_Behaviour_Activity_Dataset/dataset/a4/a4392ebe5e01f6a2cdd0a5455fd81cc311f9d41963d5acd3917190608fdf4b3f.json,raw_reports/benign/a4392ebe5e01f6a2cdd0a5455fd81cc311f9d41963d5acd3917190608fdf4b3f.json,448,13,1.0,34,0.07589285714285714,1.0,6,0,1.0
649,a49dc4bf241a4732fee9ab689c90feee41686dc97461bd8692853aec834fc221,benign,,2016,I386,0,5.9637784244215,EXE,RanDS_Behaviour_Activity_Dataset/dataset/a4/a49dc4bf241a4732fee9ab689c90feee41686dc97461bd8692853aec834fc221.json,raw_reports/benign/a49dc4bf241a4732fee9ab689c90feee41686dc97461bd8692853aec834fc221.json,29,6,0.75,5,0.1724137931034483,0.7777777777777778,1,2,1.0
650,a5af51728e1eb3e5d4f7ffa9deb78e3d7986cb308761d5e5d1a130cd02362f55,benign,,2020,I386,0,5.0148598214713,EXE,RanDS_Behaviour_Activity_Dataset/dataset/a5/a5af51728e1eb3e5d4f7ffa9deb78e3d7986cb308761d5e5d1a130cd02362f55.json,raw_reports/benign/a5af51728e1eb3e5d4f7ffa9deb78e3d7986cb308761d5e5d1a130cd02362f55.json,548,14,1.0,11,0.020072992700729927,1.0,4,0,1.0
651,a5d5943138d6bfc03b9a94add19abb0e7ec090d7e29ceebc60fadd3182198043,benign,,2015,Amd64,0,6.3053878475745,DLL,RanDS_Behaviour_Activity_Dataset/dataset/a5/a5d5943138d6bfc03b9a94add19abb0e7ec090d7e29ceebc60fadd3182198043.json,raw_reports/benign/a5d5943138d6bfc03b9a94add19abb0e7ec090d7e29ceebc60fadd3182198043.json,343,9,1.0,13,0.037900874635568516,1.0,4,0,1.0
652,a5eeb51c4901dfd650da0690d071b2024ad5e28b0c9fc31ce53f6c358dbc31af,benign,,2010,Amd64,0,5.9734220486648,DLL,RanDS_Behaviour_Activity_Dataset/dataset/a5/a5eeb51c4901dfd650da0690d071b2024ad5e28b0c9fc31ce53f6c358dbc31af.json,raw_reports/benign/a5eeb51c4901dfd650da0690d071b2024ad5e28b0c9fc31ce53f6c358dbc31af.json,448,13,1.0,22,0.049107142857142856,1.0,6,0,1.0
653,a6498695ac6d844d8f754f31844d143ced0b49b1cf5f9bef03ffc8759b4430a8,benign,,2015,Amd64,0,6.2612053090221,DLL,RanDS_Behaviour_Activity_Dataset/dataset/a6/a6498695ac6d844d8f754f31844d143ced0b49b1cf5f9bef03ffc8759b4430a8.json,raw_reports/benign/a6498695ac6d844d8f754f31844d143ced0b49b1cf5f9bef03ffc8759b4430a8.json,486,13,1.0,23,0.047325102880658436,1.0,7,0,1.0
654,a65f12e9e98704f0aa904f8b138f8d954e4ff890b3635f2c5973d9156be03354,benign,,2022,I386,1,6.5898597206445,EXE,RanDS_Behaviour_Activity_Dataset/dataset/a6/a65f12e9e98704f0aa904f8b138f8d954e4ff890b3635f2c5973d9156be03354.json,raw_reports/benign/a65f12e9e98704f0aa904f8b138f8d954e4ff890b3635f2c5973d9156be03354.json,103,11,1.0,19,0.18446601941747573,1.0,2,0,1.0
655,a6cc58f132c699cc7529a2e3131993778091b617a0265dda9d0122363bc4ccea,benign,,2022,I386,1,7.3648368529352,EXE,RanDS_Behaviour_Activity_Dataset/dataset/a6/a6cc58f132c699cc7529a2e3131993778091b617a0265dda9d0122363bc4ccea.json,raw_reports/benign/a6cc58f132c699cc7529a2e3131993778091b617a0265dda9d0122363bc4ccea.json,456,11,1.0,6,0.013157894736842105,1.0,4,0,1.0
656,a6df24d2311477f7b19624b4dee3f66b0a7fe351e7dac880d38af776099268ae,benign,,2022,Amd64,0,4.9498598747377,DLL,RanDS_Behaviour_Activity_Dataset/dataset/a6/a6df24d2311477f7b19624b4dee3f66b0a7fe351e7dac880d38af776099268ae.json,raw_reports/benign/a6df24d2311477f7b19624b4dee3f66b0a7fe351e7dac880d38af776099268ae.json,316,8,1.0,7,0.022151898734177215,0.7777777777777778,3,2,1.0
657,a6fdf765b9a9c422360903af7ff6bff55129aeaeed305b3d14445a486d32bd52,benign,,2023,Amd64,0,6.3697189199732,DLL,RanDS_Behaviour_Activity_Dataset/dataset/a6/a6fdf765b9a9c422360903af7ff6bff55129aeaeed305b3d14445a486d32bd52.json,raw_reports/benign/a6fdf765b9a9c422360903af7ff6bff55129aeaeed305b3d14445a486d32bd52.json,507,13,1.0,31,0.0611439842209073,1.0,6,0,1.0
658,a727a8922a9769aac77f5d85ed3475853655e9483c8da091653d0b1f3d479398,benign,,2015,Amd64,0,6.3872733269864,EXE,RanDS_Behaviour_Activity_Dataset/dataset/a7/a727a8922a9769aac77f5d85ed3475853655e9483c8da091653d0b1f3d479398.json,raw_reports/benign/a727a8922a9769aac77f5d85ed3475853655e9483c8da091653d0b1f3d479398.json,277,14,1.0,7,0.02527075812274368,1.0,4,0,1.0
659,a72ea60be2adb8f15bbec86910dc1c1f41abe888fb87b1f3f902dcaa85e774f6,benign,,2014,Amd64,1,6.6682213961119,EXE,RanDS_Behaviour_Activity_Dataset/dataset/a7/a72ea60be2adb8f15bbec86910dc1c1f41abe888fb87b1f3f902dcaa85e774f6.json,raw_reports/benign/a72ea60be2adb8f15bbec86910dc1c1f41abe888fb87b1f3f902dcaa85e774f6.json,71,9,1.0,6,0.08450704225352113,1.0,3,0,1.0
660,a749832074eb969031d16e67c2f3c740b6132e909e98b695cd0bd7394658c54e,benign,,2010,I386,0,6.3396922090651,EXE,RanDS_Behaviour_Activity_Dataset/dataset/a7/a749832074eb969031d16e67c2f3c740b6132e909e98b695cd0bd7394658c54e.json,raw_reports/benign/a749832074eb969031d16e67c2f3c740b6132e909e98b695cd0bd7394658c54e.json,20,5,0.625,6,0.3,0.6666666666666666,0,3,NA
661,a8524f74b0131ec4d73dd8dd29bd8b5930b015d98386c1c5d901a79b7dfaec41,benign,,2012,I386,0,4.1537651338569,EXE,RanDS_Behaviour_Activity_Dataset/dataset/a8/a8524f74b0131ec4d73dd8dd29bd8b5930b015d98386c1c5d901a79b7dfaec41.json,raw_reports/benign/a8524f74b0131ec4d73dd8dd29bd8b5930b015d98386c1c5d901a79b7dfaec41.json,187,6,0.75,0,0.0,0.6666666666666666,2,3,1.0
662,a895a85649c7418ebfd6c32fb81e7c2dc54c2f6d18ead896d71d2b7c85fd7ddd,benign,,2016,Amd64,0,6.1338953524271,DLL,RanDS_Behaviour_Activity_Dataset/dataset/a8/a895a85649c7418ebfd6c32fb81e7c2dc54c2f6d18ead896d71d2b7c85fd7ddd.json,raw_reports/benign/a895a85649c7418ebfd6c32fb81e7c2dc54c2f6d18ead896d71d2b7c85fd7ddd.json,438,7,0.875,15,0.03424657534246575,0.6666666666666666,1,3,1.0
663,a8fb2f4b00594914903101f504645dc77a942acea761c0f2da20aa2bc0c3b3dd,benign,,2023,I386,1,6.8346653642921,EXE,RanDS_Behaviour_Activity_Dataset/dataset/a8/a8fb2f4b00594914903101f504645dc77a942acea761c0f2da20aa2bc0c3b3dd.json,raw_reports/benign/a8fb2f4b00594914903101f504645dc77a942acea761c0f2da20aa2bc0c3b3dd.json,1789,14,1.0,10,0.005589714924538848,1.0,3,0,1.0
664,a9230266d9f2f4f3f169bff9f39eafc798bbbb29e72869a85869858bd0312e6c,benign,,2025,I386,0,4.408609289824,DLL,RanDS_Behaviour_Activity_Dataset/dataset/a9/a9230266d9f2f4f3f169bff9f39eafc798bbbb29e72869a85869858bd0312e6c.json,raw_reports/benign/a9230266d9f2f4f3f169bff9f39eafc798bbbb29e72869a85869858bd0312e6c.json,151,10,1.0,7,0.046357615894039736,1.0,4,0,1.0
665,a98d7c75a21db5fc5601e5630b97e6a6b43e38d923fc28e72f340a2439c3cfa5,benign,,2015,I386,0,2.3381878531068,EXE,RanDS_Behaviour_Activity_Dataset/dataset/a9/a98d7c75a21db5fc5601e5630b97e6a6b43e38d923fc28e72f340a2439c3cfa5.json,raw_reports/benign/a98d7c75a21db5fc5601e5630b97e6a6b43e38d923fc28e72f340a2439c3cfa5.json,103,7,0.875,0,0.0,0.5555555555555556,1,4,NA
666,a9fc7d2fad15b0dd9327fa3a128dd05de4574ff0f531c6b5e69c196ab2062e32,benign,,2022,I386,0,4.6043374190444,EXE,RanDS_Behaviour_Activity_Dataset/dataset/a9/a9fc7d2fad15b0dd9327fa3a128dd05de4574ff0f531c6b5e69c196ab2062e32.json,raw_reports/benign/a9fc7d2fad15b0dd9327fa3a128dd05de4574ff0f531c6b5e69c196ab2062e32.json,448,14,1.0,9,0.020089285714285716,1.0,3,0,1.0
667,aa1982a53a0fd25d0e394e562e979bf04422fb932597d577f0f039099683e8da,benign,,2013,I386,0,6.437171766324,EXE,RanDS_Behaviour_Activity_Dataset/dataset/aa/aa1982a53a0fd25d0e394e562e979bf04422fb932597d577f0f039099683e8da.json,raw_reports/benign/aa1982a53a0fd25d0e394e562e979bf04422fb932597d577f0f039099683e8da.json,202,10,1.0,0,0.0,1.0,3,0,1.0
668,aa365888ab4e37156f06edf20049831ba7cd9203f6617a9632f1c8f3bcafe15a,benign,,2020,I386,0,4.7449747397574,EXE,RanDS_Behaviour_Activity_Dataset/dataset/aa/aa365888ab4e37156f06edf20049831ba7cd9203f6617a9632f1c8f3bcafe15a.json,raw_reports/benign/aa365888ab4e37156f06edf20049831ba7cd9203f6617a9632f1c8f3bcafe15a.json,41,10,1.0,8,0.1951219512195122,0.8888888888888888,2,1,1.0
669,aa5f039e159ed893b2e24818446b2bf940397e8391bb1d37c7690e504f83c16d,benign,,2019,I386,0,6.4846012102069,EXE,RanDS_Behaviour_Activity_Dataset/dataset/aa/aa5f039e159ed893b2e24818446b2bf940397e8391bb1d37c7690e504f83c16d.json,raw_reports/benign/aa5f039e159ed893b2e24818446b2bf940397e8391bb1d37c7690e504f83c16d.json,99,7,0.875,0,0.0,0.2222222222222222,1,7,1.0
670,aafe7e90726d016dc417a58a988fdbc08f84db6d6f3aa81751f165d8c82afb86,benign,,2023,I386,1,6.7177331626054,DLL,RanDS_Behaviour_Activity_Dataset/dataset/aa/aafe7e90726d016dc417a58a988fdbc08f84db6d6f3aa81751f165d8c82afb86.json,raw_reports/benign/aafe7e90726d016dc417a58a988fdbc08f84db6d6f3aa81751f165d8c82afb86.json,356,7,0.875,5,0.014044943820224719,0.6666666666666666,4,3,1.0
671,ab5fc140542970db0849103262a216a542e3359ce7d3f8cb122be078634dcefc,benign,,2013,I386,1,6.6435668821831,EXE,RanDS_Behaviour_Activity_Dataset/dataset/ab/ab5fc140542970db0849103262a216a542e3359ce7d3f8cb122be078634dcefc.json,raw_reports/benign/ab5fc140542970db0849103262a216a542e3359ce7d3f8cb122be078634dcefc.json,227,13,1.0,9,0.039647577092511016,1.0,2,0,1.0
672,abdbcd6dcd96c6efb71a87db08a351ae2c1d8cb35793d6e23c9653e1ae177900,benign,,2022,I386,0,5.9445017117614,EXE,RanDS_Behaviour_Activity_Dataset/dataset/ab/abdbcd6dcd96c6efb71a87db08a351ae2c1d8cb35793d6e23c9653e1ae177900.json,raw_reports/benign/abdbcd6dcd96c6efb71a87db08a351ae2c1d8cb35793d6e23c9653e1ae177900.json,145,9,1.0,6,0.041379310344827586,1.0,2,0,1.0
673,abe4a4ae2c7138eaebfbaa25a8518ca63d935e79b5a57e0852d0570ed0f6b664,benign,,2024,Amd64,0,4.2575629641133,EXE,RanDS_Behaviour_Activity_Dataset/dataset/ab/abe4a4ae2c7138eaebfbaa25a8518ca63d935e79b5a57e0852d0570ed0f6b664.json,raw_reports/benign/abe4a4ae2c7138eaebfbaa25a8518ca63d935e79b5a57e0852d0570ed0f6b664.json,66,12,1.0,14,0.21212121212121213,1.0,2,0,1.0
674,ac5225912e4e392c0b2b5269caac1622335a370687c896e87240b3946dfe0c45,benign,,2025,Amd64,0,6.3811643803868,EXE,RanDS_Behaviour_Activity_Dataset/dataset/ac/ac5225912e4e392c0b2b5269caac1622335a370687c896e87240b3946dfe0c45.json,raw_reports/benign/ac5225912e4e392c0b2b5269caac1622335a370687c896e87240b3946dfe0c45.json,98,9,1.0,11,0.11224489795918367,1.0,3,0,1.0
675,ac66adef472b19c9448b5d503ef8806a825277e8fd5cf02d84f2ebf712b64503,benign,,2024,I386,0,6.4962130699128,DLL,RanDS_Behaviour_Activity_Dataset/dataset/ac/ac66adef472b19c9448b5d503ef8806a825277e8fd5cf02d84f2ebf712b64503.json,raw_reports/benign/ac66adef472b19c9448b5d503ef8806a825277e8fd5cf02d84f2ebf712b64503.json,179,6,0.75,7,0.03910614525139665,1.0,3,0,1.0
676,ac69adf4c6ebd682f6a1ac54cf095e250cb0b85862017e53436aa93a9c237c84,benign,,2021,I386,1,6.6839913387152,EXE,RanDS_Behaviour_Activity_Dataset/dataset/ac/ac69adf4c6ebd682f6a1ac54cf095e250cb0b85862017e53436aa93a9c237c84.json,raw_reports/benign/ac69adf4c6ebd682f6a1ac54cf095e250cb0b85862017e53436aa93a9c237c84.json,271,10,1.0,34,0.12546125461254612,1.0,4,0,1.0
677,acb6762029ae02e3fbe018ae083424910a13f43a199766403cd5e2dfe43ca111,benign,,2021,I386,1,6.7510326448526,DLL,RanDS_Behaviour_Activity_Dataset/dataset/ac/acb6762029ae02e3fbe018ae083424910a13f43a199766403cd5e2dfe43ca111.json,raw_reports/benign/acb6762029ae02e3fbe018ae083424910a13f43a199766403cd5e2dfe43ca111.json,322,11,1.0,28,0.08695652173913043,1.0,6,0,1.0
678,ade1c86bc661b431c816f767aa41cbaa05736ffc5f8cca7a82f1261448fac54b,benign,,2011,I386,0,6.3862931106677,DLL,RanDS_Behaviour_Activity_Dataset/dataset/ad/ade1c86bc661b431c816f767aa41cbaa05736ffc5f8cca7a82f1261448fac54b.json,raw_reports/benign/ade1c86bc661b431c816f767aa41cbaa05736ffc5f8cca7a82f1261448fac54b.json,110,8,1.0,12,0.10909090909090909,1.0,4,0,1.0
679,ae507d88c83271e1ef0e8ace3f3782be042f157c1b8018e852a9b1d2f0e98727,benign,,2019,Amd64,0,4.5214133066235,DLL,RanDS_Behaviour_Activity_Dataset/dataset/ae/ae507d88c83271e1ef0e8ace3f3782be042f157c1b8018e852a9b1d2f0e98727.json,raw_reports/benign/ae507d88c83271e1ef0e8ace3f3782be042f157c1b8018e852a9b1d2f0e98727.json,34,6,0.75,2,0.058823529411764705,0.6666666666666666,3,3,NA
680,aecd3ba3bb5b0f3ba8372e3b27d35cc3a2181f545b1a0743a8d4282107a15398,benign,,2023,Amd64,0,5.7062994113845,EXE,RanDS_Behaviour_Activity_Dataset/dataset/ae/aecd3ba3bb5b0f3ba8372e3b27d35cc3a2181f545b1a0743a8d4282107a15398.json,raw_reports/benign/aecd3ba3bb5b0f3ba8372e3b27d35cc3a2181f545b1a0743a8d4282107a15398.json,85,11,1.0,6,0.07058823529411765,1.0,3,0,1.0
681,af10f842c4f3e86cc7faca97b541875804393b26923bf997203b984e7489d6d8,benign,,2024,Amd64,0,6.1565791225953,DLL,RanDS_Behaviour_Activity_Dataset/dataset/af/af10f842c4f3e86cc7faca97b541875804393b26923bf997203b984e7489d6d8.json,raw_reports/benign/af10f842c4f3e86cc7faca97b541875804393b26923bf997203b984e7489d6d8.json,277,11,1.0,11,0.039711191335740074,1.0,4,0,1.0
682,af862b278038dc2a84dee82932cfdcffc837a747c7852dc905de72300c6fd937,benign,,2019,I386,0,6.2359730640312,EXE,RanDS_Behaviour_Activity_Dataset/dataset/af/af862b278038dc2a84dee82932cfdcffc837a747c7852dc905de72300c6fd937.json,raw_reports/benign/af862b278038dc2a84dee82932cfdcffc837a747c7852dc905de72300c6fd937.json,380,11,1.0,14,0.03684210526315789,1.0,6,0,1.0
683,afba582bed01205161b526923738e5d72d4d8f35df5342bb6dd12bd49a4a92a4,benign,,2009,I386,0,5.8374422188163,EXE,RanDS_Behaviour_Activity_Dataset/dataset/af/afba582bed01205161b526923738e5d72d4d8f35df5342bb6dd12bd49a4a92a4.json,raw_reports/benign/afba582bed01205161b526923738e5d72d4d8f35df5342bb6dd12bd49a4a92a4.json,571,15,1.0,18,0.03152364273204904,1.0,5,0,1.0
684,afbc270a760fc4edf71503fbd71c493d8294f30ffbd7625b903d11e77f8028da,benign,,2010,I386,0,5.6061212471114,EXE,RanDS_Behaviour_Activity_Dataset/dataset/af/afbc270a760fc4edf71503fbd71c493d8294f30ffbd7625b903d11e77f8028da.json,raw_reports/benign/afbc270a760fc4edf71503fbd71c493d8294f30ffbd7625b903d11e77f8028da.json,137,10,1.0,9,0.06569343065693431,1.0,2,0,1.0
685,afe04f325c823f8ea1c51f3996c5c0d10e0b7da49c74d33eb9ddce380b660489,benign,,2018,I386,1,6.6791690176112,EXE,RanDS_Behaviour_Activity_Dataset/dataset/af/afe04f325c823f8ea1c51f3996c5c0d10e0b7da49c74d33eb9ddce380b660489.json,raw_reports/benign/afe04f325c823f8ea1c51f3996c5c0d10e0b7da49c74d33eb9ddce380b660489.json,644,13,1.0,7,0.010869565217391304,1.0,4,0,1.0
686,b01f8a3d2ed800cfe6b0997ff34d06b0bacd95e619a06317a717897bea205d6a,benign,,2016,I386,0,1.8798751410407,EXE,RanDS_Behaviour_Activity_Dataset/dataset/b0/b01f8a3d2ed800cfe6b0997ff34d06b0bacd95e619a06317a717897bea205d6a.json,raw_reports/benign/b01f8a3d2ed800cfe6b0997ff34d06b0bacd95e619a06317a717897bea205d6a.json,109,7,0.875,0,0.0,0.5555555555555556,1,4,NA
687,b028cc54c2e84d63c67ff5b40accbb42667d819b90e14c5a4a0cb3c291b6e991,benign,,2018,I386,0,5.8270193938866,DLL,RanDS_Behaviour_Activity_Dataset/dataset/b0/b028cc54c2e84d63c67ff5b40accbb42667d819b90e14c5a4a0cb3c291b6e991.json,raw_reports/benign/b028cc54c2e84d63c67ff5b40accbb42667d819b90e14c5a4a0cb3c291b6e991.json,457,12,1.0,16,0.0350109409190372,1.0,5,0,1.0
688,b02e31f71c572a70d664341bfbd8bf449d0d23c296a96cb35e2c7fa3848582b5,benign,,2024,I386,1,6.794609099615,DLL,RanDS_Behaviour_Activity_Dataset/dataset/b0/b02e31f71c572a70d664341bfbd8bf449d0d23c296a96cb35e2c7fa3848582b5.json,raw_reports/benign/b02e31f71c572a70d664341bfbd8bf449d0d23c296a96cb35e2c7fa3848582b5.json,287,9,1.0,15,0.05226480836236934,1.0,4,0,1.0
689,b069120bf19367df46c4fc91021e380b9f8abf567a03f8ad6b517b9ff9e5eb19,benign,,2012,Amd64,0,6.0115246542771,EXE,RanDS_Behaviour_Activity_Dataset/dataset/b0/b069120bf19367df46c4fc91021e380b9f8abf567a03f8ad6b517b9ff9e5eb19.json,raw_reports/benign/b069120bf19367df46c4fc91021e380b9f8abf567a03f8ad6b517b9ff9e5eb19.json,158,8,1.0,7,0.04430379746835443,1.0,2,0,1.0
690,b0a1a60313e67840fe04678786d1f1e9486edaf9e7e29eee42cf4bf566e217fa,benign,,2010,I386,1,6.6468019500243,DLL,RanDS_Behaviour_Activity_Dataset/dataset/b0/b0a1a60313e67840fe04678786d1f1e9486edaf9e7e29eee42cf4bf566e217fa.json,raw_reports/benign/b0a1a60313e67840fe04678786d1f1e9486edaf9e7e29eee42cf4bf566e217fa.json,401,10,1.0,15,0.03740648379052369,1.0,5,0,1.0
691,b118c0bbedd1ce13db75f901c18dfd16a87035deb6d19484d927ae3c8c52fcf5,benign,,2010,Amd64,0,5.4334152744678,DLL,RanDS_Behaviour_Activity_Dataset/dataset/b1/b118c0bbedd1ce13db75f901c18dfd16a87035deb6d19484d927ae3c8c52fcf5.json,raw_reports/benign/b118c0bbedd1ce13db75f901c18dfd16a87035deb6d19484d927ae3c8c52fcf5.json,82,8,1.0,16,0.1951219512195122,1.0,4,0,1.0
692,b17535037bc070f9ae1f6b381c2dbee27658a8fde15fb0e061f485ea7c7cbe59,benign,,2011,I386,0,5.4097391519671,EXE,RanDS_Behaviour_Activity_Dataset/dataset/b1/b17535037bc070f9ae1f6b381c2dbee27658a8fde15fb0e061f485ea7c7cbe59.json,raw_reports/benign/b17535037bc070f9ae1f6b381c2dbee27658a8fde15fb0e061f485ea7c7cbe59.json,1261,15,1.0,10,0.007930214115781126,1.0,6,0,1.0
693,b1c030fe9bebd63ffddc26534968bb7a09cea999cabda88e8cf16970b99e67cb,benign,,2024,Amd64,0,2.3859864219983,DLL,RanDS_Behaviour_Activity_Dataset/dataset/b1/b1c030fe9bebd63ffddc26534968bb7a09cea999cabda88e8cf16970b99e67cb.json,raw_reports/benign/b1c030fe9bebd63ffddc26534968bb7a09cea999cabda88e8cf16970b99e67cb.json,463,13,1.0,26,0.056155507559395246,1.0,6,0,1.0
694,b1d2a43fd9290ca40aeaee65c0011471264a60d9feeb9ecf118e11ce7779dccb,benign,,2010,Amd64,0,5.769381529734,DLL,RanDS_Behaviour_Activity_Dataset/dataset/b1/b1d2a43fd9290ca40aeaee65c0011471264a60d9feeb9ecf118e11ce7779dccb.json,raw_reports/benign/b1d2a43fd9290ca40aeaee65c0011471264a60d9feeb9ecf118e11ce7779dccb.json,286,11,1.0,11,0.038461538461538464,1.0,5,0,1.0
695,b20bbd7b8b5707acc00d7c51ef79771f22f2e201d4844252b675058ebea9e416,benign,,2014,Amd64,0,5.4425993109913,EXE,RanDS_Behaviour_Activity_Dataset/dataset/b2/b20bbd7b8b5707acc00d7c51ef79771f22f2e201d4844252b675058ebea9e416.json,raw_reports/benign/b20bbd7b8b5707acc00d7c51ef79771f22f2e201d4844252b675058ebea9e416.json,209,11,1.0,11,0.05263157894736842,1.0,4,0,1.0
696,b29d64f197b1b01f4e9843515be5000de6f3b7df84f7d41ab0347e87fd4f77ab,benign,,2010,I386,0,6.3379113248071,EXE,RanDS_Behaviour_Activity_Dataset/dataset/b2/b29d64f197b1b01f4e9843515be5000de6f3b7df84f7d41ab0347e87fd4f77ab.json,raw_reports/benign/b29d64f197b1b01f4e9843515be5000de6f3b7df84f7d41ab0347e87fd4f77ab.json,66,6,0.75,0,0.0,0.1111111111111111,1,8,NA
697,b2d3cb3b3728f3f2beed59e5b01174fff440dcdf168d8b253b4650c3706f3c46,benign,,2020,Amd64,0,5.5618137645778,EXE,RanDS_Behaviour_Activity_Dataset/dataset/b2/b2d3cb3b3728f3f2beed59e5b01174fff440dcdf168d8b253b4650c3706f3c46.json,raw_reports/benign/b2d3cb3b3728f3f2beed59e5b01174fff440dcdf168d8b253b4650c3706f3c46.json,823,14,1.0,16,0.019441069258809233,1.0,6,0,1.0
698,b317fe98be6b4e1b1bdefdb9c8b69d1cc44c4ebf54d045112688ba7b51b3b392,benign,,2010,I386,0,4.1953735466192,EXE,RanDS_Behaviour_Activity_Dataset/dataset/b3/b317fe98be6b4e1b1bdefdb9c8b69d1cc44c4ebf54d045112688ba7b51b3b392.json,raw_reports/benign/b317fe98be6b4e1b1bdefdb9c8b69d1cc44c4ebf54d045112688ba7b51b3b392.json,149,7,0.875,0,0.0,0.2222222222222222,1,7,1.0
699,b32b1aea8d1e2902ec3040124c839279eef45b7c6ede0c5c1fb19cb49c7ea8a0,benign,,2016,I386,1,6.7635124595441,EXE,RanDS_Behaviour_Activity_Dataset/dataset/b3/b32b1aea8d1e2902ec3040124c839279eef45b7c6ede0c5c1fb19cb49c7ea8a0.json,raw_reports/benign/b32b1aea8d1e2902ec3040124c839279eef45b7c6ede0c5c1fb19cb49c7ea8a0.json,666,14,1.0,9,0.013513513513513514,1.0,3,0,1.0
700,b34495e73d7d90f4d99ff43d0da99136f8c77aa24e8d096886c2043b91b595c4,benign,,2023,Amd64,0,6.2430260062853,DLL,RanDS_Behaviour_Activity_Dataset/dataset/b3/b34495e73d7d90f4d99ff43d0da99136f8c77aa24e8d096886c2043b91b595c4.json,raw_reports/benign/b34495e73d7d90f4d99ff43d0da99136f8c77aa24e8d096886c2043b91b595c4.json,90,5,0.625,8,0.08888888888888889,0.5555555555555556,2,4,1.0
701,b364d978f244e25e0470df25f104b4c1d15e0ae79ee5b26bca9a2211022f592e,benign,,2012,I386,0,6.222901818465,EXE,RanDS_Behaviour_Activity_Dataset/dataset/b3/b364d978f244e25e0470df25f104b4c1d15e0ae79ee5b26bca9a2211022f592e.json,raw_reports/benign/b364d978f244e25e0470df25f104b4c1d15e0ae79ee5b26bca9a2211022f592e.json,143,13,1.0,21,0.14685314685314685,1.0,3,0,1.0
702,b394eb7eb14e8801ba6d94944207b9753a540e28b4e0bc19057380293f991827,benign,,2024,Amd64,0,6.3110753367349,DLL,RanDS_Behaviour_Activity_Dataset/dataset/b3/b394eb7eb14e8801ba6d94944207b9753a540e28b4e0bc19057380293f991827.json,raw_reports/benign/b394eb7eb14e8801ba6d94944207b9753a540e28b4e0bc19057380293f991827.json,302,11,1.0,39,0.1291390728476821,1.0,6,0,1.0
703,b3b38071c2f2a2a0fa8a3ce2ad7473dae0bb6690b65a210d5188be7a7f41d212,benign,,2015,I386,0,5.4944184630368,EXE,RanDS_Behaviour_Activity_Dataset/dataset/b3/b3b38071c2f2a2a0fa8a3ce2ad7473dae0bb6690b65a210d5188be7a7f41d212.json,raw_reports/benign/b3b38071c2f2a2a0fa8a3ce2ad7473dae0bb6690b65a210d5188be7a7f41d212.json,40,7,0.875,3,0.075,1.0,2,0,1.0
704,b3cef26b20c11a52327cd23c2e858aeaf507ea4c5cf3fc59ede0c998a6b7bddc,benign,,2016,I386,1,7.5222858971334,EXE,RanDS_Behaviour_Activity_Dataset/dataset/b3/b3cef26b20c11a52327cd23c2e858aeaf507ea4c5cf3fc59ede0c998a6b7bddc.json,raw_reports/benign/b3cef26b20c11a52327cd23c2e858aeaf507ea4c5cf3fc59ede0c998a6b7bddc.json,112,10,1.0,7,0.0625,1.0,3,0,1.0
705,b3e315eed4b6e4b62b2d5c0ce765a45907d9bd2d3fbda4620055d56ba92f9b73,benign,,2016,I386,1,6.5672946071442,EXE,RanDS_Behaviour_Activity_Dataset/dataset/b3/b3e315eed4b6e4b62b2d5c0ce765a45907d9bd2d3fbda4620055d56ba92f9b73.json,raw_reports/benign/b3e315eed4b6e4b62b2d5c0ce765a45907d9bd2d3fbda4620055d56ba92f9b73.json,901,15,1.0,15,0.016648168701442843,1.0,5,0,1.0
706,b441cec131514a84e0b3f0453cb4db656536aee9774f0504f111fc88a1d4f59e,benign,,2024,Amd64,0,6.3073032055244,EXE,RanDS_Behaviour_Activity_Dataset/dataset/b4/b441cec131514a84e0b3f0453cb4db656536aee9774f0504f111fc88a1d4f59e.json,raw_reports/benign/b441cec131514a84e0b3f0453cb4db656536aee9774f0504f111fc88a1d4f59e.json,46,10,1.0,12,0.2608695652173913,1.0,2,0,1.0
707,b46671251ff6b22d1357d5485bf6972d305b1ad7bf91b3e82be450c8130c9d1d,benign,,2009,I386,0,3.734757433805,EXE,RanDS_Behaviour_Activity_Dataset/dataset/b4/b46671251ff6b22d1357d5485bf6972d305b1ad7bf91b3e82be450c8130c9d1d.json,raw_reports/benign/b46671251ff6b22d1357d5485bf6972d305b1ad7bf91b3e82be450c8130c9d1d.json,536,12,1.0,17,0.03171641791044776,1.0,2,0,1.0
708,b4f7d8d3a281572858cb5c292126a35be51323f55625eee0a3d261b83dee62a4,benign,,2009,I386,0,6.2758226368538,DLL,RanDS_Behaviour_Activity_Dataset/dataset/b4/b4f7d8d3a281572858cb5c292126a35be51323f55625eee0a3d261b83dee62a4.json,raw_reports/benign/b4f7d8d3a281572858cb5c292126a35be51323f55625eee0a3d261b83dee62a4.json,151,8,1.0,12,0.07947019867549669,1.0,4,0,1.0
709,b53139f041ededb95d70309963aad3b94b24d626ff10ad98fa3494ab51f55c1a,benign,,2023,I386,0,6.4199911893272,EXE,RanDS_Behaviour_Activity_Dataset/dataset/b5/b53139f041ededb95d70309963aad3b94b24d626ff10ad98fa3494ab51f55c1a.json,raw_reports/benign/b53139f041ededb95d70309963aad3b94b24d626ff10ad98fa3494ab51f55c1a.json,414,15,1.0,8,0.01932367149758454,1.0,3,0,1.0
710,b5fcd734b5e08f4a873d550df4b0e63e109cc6dd1895669773d6b8c03217b966,benign,,2023,Amd64,0,5.8015397149259,DLL,RanDS_Behaviour_Activity_Dataset/dataset/b5/b5fcd734b5e08f4a873d550df4b0e63e109cc6dd1895669773d6b8c03217b966.json,raw_reports/benign/b5fcd734b5e08f4a873d550df4b0e63e109cc6dd1895669773d6b8c03217b966.json,129,6,0.75,10,0.07751937984496124,1.0,3,0,1.0
711,b622257cdfcec240ab651aa51d8d37466e6d5313251050e9812cdff6c7ee9883,benign,,2015,I386,0,3.9648521271625,EXE,RanDS_Behaviour_Activity_Dataset/dataset/b6/b622257cdfcec240ab651aa51d8d37466e6d5313251050e9812cdff6c7ee9883.json,raw_reports/benign/b622257cdfcec240ab651aa51d8d37466e6d5313251050e9812cdff6c7ee9883.json,100,6,0.75,0,0.0,0.5555555555555556,1,4,NA
712,b6401ccdebe46a08a7ade1ba6dcf0fe53dcdea48e74dfdf4ed0b6469c922a621,benign,,2013,I386,0,6.4438819082424,EXE,RanDS_Behaviour_Activity_Dataset/dataset/b6/b6401ccdebe46a08a7ade1ba6dcf0fe53dcdea48e74dfdf4ed0b6469c922a621.json,raw_reports/benign/b6401ccdebe46a08a7ade1ba6dcf0fe53dcdea48e74dfdf4ed0b6469c922a621.json,55,9,1.0,6,0.10909090909090909,1.0,3,0,1.0
713,b64e983eea1ae18afcfabb47f53758bda38277a8c656162339b496b3bfec8424,benign,,2015,I386,0,6.2960164650113,EXE,RanDS_Behaviour_Activity_Dataset/dataset/b6/b64e983eea1ae18afcfabb47f53758bda38277a8c656162339b496b3bfec8424.json,raw_reports/benign/b64e983eea1ae18afcfabb47f53758bda38277a8c656162339b496b3bfec8424.json,115,8,1.0,0,0.0,0.6666666666666666,2,3,NA
714,b66918f4915bfbea0d109e73a7dfbc6dcdd3d3d64a25676d6618234fd3dacfa5,benign,,2015,I386,0,5.7881417920433,EXE,RanDS_Behaviour_Activity_Dataset/dataset/b6/b66918f4915bfbea0d109e73a7dfbc6dcdd3d3d64a25676d6618234fd3dacfa5.json,raw_reports/benign/b66918f4915bfbea0d109e73a7dfbc6dcdd3d3d64a25676d6618234fd3dacfa5.json,318,9,1.0,4,0.012578616352201259,0.7777777777777778,3,2,1.0
715,b6b530e25967179beda8dfcaad474d1ac4526a9a74737233bf456b640da087ff,benign,,2024,Amd64,0,3.9235381381132,DLL,RanDS_Behaviour_Activity_Dataset/dataset/b6/b6b530e25967179beda8dfcaad474d1ac4526a9a74737233bf456b640da087ff.json,raw_reports/benign/b6b530e25967179beda8dfcaad474d1ac4526a9a74737233bf456b640da087ff.json,83,7,0.875,12,0.14457831325301204,1.0,4,0,1.0
716,b77f9affc30e4cca38b82f3f4318e6a9c89b2af7edb2a0163f463348f89c9ff1,benign,,2016,I386,0,5.9398431347218,EXE,RanDS_Behaviour_Activity_Dataset/dataset/b7/b77f9affc30e4cca38b82f3f4318e6a9c89b2af7edb2a0163f463348f89c9ff1.json,raw_reports/benign/b77f9affc30e4cca38b82f3f4318e6a9c89b2af7edb2a0163f463348f89c9ff1.json,64,7,0.875,0,0.0,0.2222222222222222,1,7,NA
717,b7b6950e75a05e3e873c013c8b5a8a9f7750ac59890f8898193fa1683b47df9a,benign,,2009,I386,0,5.2120714212748,DLL,RanDS_Behaviour_Activity_Dataset/dataset/b7/b7b6950e75a05e3e873c013c8b5a8a9f7750ac59890f8898193fa1683b47df9a.json,raw_reports/benign/b7b6950e75a05e3e873c013c8b5a8a9f7750ac59890f8898193fa1683b47df9a.json,331,8,1.0,10,0.030211480362537766,1.0,6,0,1.0
718,b816d4a07dc44ca8a4948e300ceaa7e0c6ff44d037871397c91e0ff3632584ef,benign,,2024,I386,0,4.8538778224346,EXE,RanDS_Behaviour_Activity_Dataset/dataset/b8/b816d4a07dc44ca8a4948e300ceaa7e0c6ff44d037871397c91e0ff3632584ef.json,raw_reports/benign/b816d4a07dc44ca8a4948e300ceaa7e0c6ff44d037871397c91e0ff3632584ef.json,390,12,1.0,16,0.041025641025641026,1.0,4,0,1.0
719,b859304dd75b86c3d5a9b40efa0880905f2898463f528c2af67f10129104450a,benign,,2022,I386,0,5.8021956623372,DLL,RanDS_Behaviour_Activity_Dataset/dataset/b8/b859304dd75b86c3d5a9b40efa0880905f2898463f528c2af67f10129104450a.json,raw_reports/benign/b859304dd75b86c3d5a9b40efa0880905f2898463f528c2af67f10129104450a.json,487,10,1.0,14,0.028747433264887063,1.0,7,0,1.0
720,b9107faa3a885cd9a08c20f78d31c3642fa76812e417f41c4f2adf7d90ca8c72,benign,,2012,I386,0,5.5740726461897,EXE,RanDS_Behaviour_Activity_Dataset/dataset/b9/b9107faa3a885cd9a08c20f78d31c3642fa76812e417f41c4f2adf7d90ca8c72.json,raw_reports/benign/b9107faa3a885cd9a08c20f78d31c3642fa76812e417f41c4f2adf7d90ca8c72.json,84,10,1.0,15,0.17857142857142858,1.0,2,0,1.0
721,b93560ecc1e1eb54bdc20311cf96cd43111a370a18265b8d2845800bfd13f027,benign,,2017,I386,0,6.4050842848201,EXE,RanDS_Behaviour_Activity_Dataset/dataset/b9/b93560ecc1e1eb54bdc20311cf96cd43111a370a18265b8d2845800bfd13f027.json,raw_reports/benign/b93560ecc1e1eb54bdc20311cf96cd43111a370a18265b8d2845800bfd13f027.json,1677,15,1.0,21,0.012522361359570662,1.0,7,0,1.0
722,b9938523b459bfa37f0547a3d321570eb63d9fc6becd7a94badfc4021f06f4b5,benign,,2022,Amd64,0,5.567249317466,EXE,RanDS_Behaviour_Activity_Dataset/dataset/b9/b9938523b459bfa37f0547a3d321570eb63d9fc6becd7a94badfc4021f06f4b5.json,raw_reports/benign/b9938523b459bfa37f0547a3d321570eb63d9fc6becd7a94badfc4021f06f4b5.json,42,9,1.0,9,0.21428571428571427,1.0,2,0,1.0
723,ba8387d4543b8b11e2202919b9608ee614753fe77f967aad9906702841658b49,benign,,2011,Amd64,1,6.9409547202045,EXE,RanDS_Behaviour_Activity_Dataset/dataset/ba/ba8387d4543b8b11e2202919b9608ee614753fe77f967aad9906702841658b49.json,raw_reports/benign/ba8387d4543b8b11e2202919b9608ee614753fe77f967aad9906702841658b49.json,347,12,1.0,8,0.023054755043227664,1.0,4,0,1.0
724,bacea1949b53cd815536d05018bb4b270f4fb6acfe6dd8fdf3526e5c0a7391ee,benign,,2020,I386,0,5.5391993601949,DLL,RanDS_Behaviour_Activity_Dataset/dataset/ba/bacea1949b53cd815536d05018bb4b270f4fb6acfe6dd8fdf3526e5c0a7391ee.json,raw_reports/benign/bacea1949b53cd815536d05018bb4b270f4fb6acfe6dd8fdf3526e5c0a7391ee.json,333,10,1.0,12,0.036036036036036036,1.0,7,0,1.0
725,bb1b3a74fcffbb58a57a5cf1be736fb8ffb92d747f162935fbfc26372d5bbee8,benign,,2018,I386,0,5.6028068715107,EXE,RanDS_Behaviour_Activity_Dataset/dataset/bb/bb1b3a74fcffbb58a57a5cf1be736fb8ffb92d747f162935fbfc26372d5bbee8.json,raw_reports/benign/bb1b3a74fcffbb58a57a5cf1be736fb8ffb92d747f162935fbfc26372d5bbee8.json,97,7,0.875,0,0.0,0.5555555555555556,1,4,NA
726,bb31a365bb416198133a48f693ce325facb8bddbb076f910d654fb31527e8465,benign,,2009,I386,0,5.743409999474,EXE,RanDS_Behaviour_Activity_Dataset/dataset/bb/bb31a365bb416198133a48f693ce325facb8bddbb076f910d654fb31527e8465.json,raw_reports/benign/bb31a365bb416198133a48f693ce325facb8bddbb076f910d654fb31527e8465.json,455,13,1.0,11,0.024175824175824177,1.0,4,0,1.0
727,bb381f7d6effa1efb311b8070d2ed0f1cee3fe7cb84b1b3e09e6cfdded9c99f2,benign,,2009,I386,0,4.9834660271814,EXE,RanDS_Behaviour_Activity_Dataset/dataset/bb/bb381f7d6effa1efb311b8070d2ed0f1cee3fe7cb84b1b3e09e6cfdded9c99f2.json,raw_reports/benign/bb381f7d6effa1efb311b8070d2ed0f1cee3fe7cb84b1b3e09e6cfdded9c99f2.json,121,9,1.0,7,0.05785123966942149,1.0,3,0,1.0
728,bb89d7f360e339403b917042e22d57b4b1d14b71e049ae1ad30a3a712504c14a,benign,,2010,I386,1,6.5176541771154,EXE,RanDS_Behaviour_Activity_Dataset/dataset/bb/bb89d7f360e339403b917042e22d57b4b1d14b71e049ae1ad30a3a712504c14a.json,raw_reports/benign/bb89d7f360e339403b917042e22d57b4b1d14b71e049ae1ad30a3a712504c14a.json,331,15,1.0,24,0.07250755287009064,1.0,3,0,1.0
729,bbeff1a3bb91e98a4fde1cc9ea30d596e9186b9c4ca597c5d210622604932af2,benign,,2015,Amd64,0,5.6338246812274,DLL,RanDS_Behaviour_Activity_Dataset/dataset/bb/bbeff1a3bb91e98a4fde1cc9ea30d596e9186b9c4ca597c5d210622604932af2.json,raw_reports/benign/bbeff1a3bb91e98a4fde1cc9ea30d596e9186b9c4ca597c5d210622604932af2.json,137,8,1.0,14,0.10218978102189781,1.0,3,0,1.0
730,bc29486a1b2533bd76f73f24e99fe76dec1eff92756b6e7292bff05ad801c55e,benign,,2018,I386,1,6.5476893118352,EXE,RanDS_Behaviour_Activity_Dataset/dataset/bc/bc29486a1b2533bd76f73f24e99fe76dec1eff92756b6e7292bff05ad801c55e.json,raw_reports/benign/bc29486a1b2533bd76f73f24e99fe76dec1eff92756b6e7292bff05ad801c55e.json,116,8,1.0,0,0.0,0.6666666666666666,1,3,1.0
731,bc5424b61411b1939a878f304533d9a7efafa7cd44a2623790cd9ddeb2755354,benign,,2016,I386,0,6.4591358552682,EXE,RanDS_Behaviour_Activity_Dataset/dataset/bc/bc5424b61411b1939a878f304533d9a7efafa7cd44a2623790cd9ddeb2755354.json,raw_reports/benign/bc5424b61411b1939a878f304533d9a7efafa7cd44a2623790cd9ddeb2755354.json,66,6,0.75,0,0.0,0.1111111111111111,1,8,NA
732,bc5c6e555f5b4789b3dfcce4ad54b305f4fdc3cfd6f851438ef77aa1c23bba03,benign,,2024,Amd64,0,6.3326466671377,DLL,RanDS_Behaviour_Activity_Dataset/dataset/bc/bc5c6e555f5b4789b3dfcce4ad54b305f4fdc3cfd6f851438ef77aa1c23bba03.json,raw_reports/benign/bc5c6e555f5b4789b3dfcce4ad54b305f4fdc3cfd6f851438ef77aa1c23bba03.json,337,11,1.0,17,0.050445103857566766,1.0,5,0,1.0
733,bce73f65d90b8f3e44cd0fba7be3dd6892919366423ff2c02d5a987d7c82264f,benign,,2024,Amd64,1,6.5991037362157,DLL,RanDS_Behaviour_Activity_Dataset/dataset/bc/bce73f65d90b8f3e44cd0fba7be3dd6892919366423ff2c02d5a987d7c82264f.json,raw_reports/benign/bce73f65d90b8f3e44cd0fba7be3dd6892919366423ff2c02d5a987d7c82264f.json,444,12,1.0,25,0.05630630630630631,1.0,6,0,1.0
734,bcf3012a44b448402166bbab661a9fbca7f9e3c11ad17b3f96a54bbbb82bb235,benign,,2010,Amd64,0,6.4070815710201,DLL,RanDS_Behaviour_Activity_Dataset/dataset/bc/bcf3012a44b448402166bbab661a9fbca7f9e3c11ad17b3f96a54bbbb82bb235.json,raw_reports/benign/bcf3012a44b448402166bbab661a9fbca7f9e3c11ad17b3f96a54bbbb82bb235.json,394,11,1.0,15,0.03807106598984772,1.0,5,0,1.0
735,bd0546715d8eb52e3cae99aca13b266646a923a5892a60304902f9ece1610faa,benign,,2023,Amd64,0,6.256483128061,DLL,RanDS_Behaviour_Activity_Dataset/dataset/bd/bd0546715d8eb52e3cae99aca13b266646a923a5892a60304902f9ece1610faa.json,raw_reports/benign/bd0546715d8eb52e3cae99aca13b266646a923a5892a60304902f9ece1610faa.json,355,8,1.0,8,0.022535211267605635,0.7777777777777778,3,2,1.0
736,bd0d8e7ee977dfe6be278d549a31ed09c37f8008ab2e8229b49cb91be41d7219,benign,,2024,I386,0,6.0282991917074,EXE,RanDS_Behaviour_Activity_Dataset/dataset/bd/bd0d8e7ee977dfe6be278d549a31ed09c37f8008ab2e8229b49cb91be41d7219.json,raw_reports/benign/bd0d8e7ee977dfe6be278d549a31ed09c37f8008ab2e8229b49cb91be41d7219.json,233,11,1.0,10,0.04291845493562232,1.0,2,0,1.0
737,bd62234f1d2bebcddf9e1f80769a114d8ded1d785d5d0dbcfbab5443d71e4013,benign,,2016,I386,0,6.4494876043023,EXE,RanDS_Behaviour_Activity_Dataset/dataset/bd/bd62234f1d2bebcddf9e1f80769a114d8ded1d785d5d0dbcfbab5443d71e4013.json,raw_reports/benign/bd62234f1d2bebcddf9e1f80769a114d8ded1d785d5d0dbcfbab5443d71e4013.json,600,13,1.0,0,0.0,1.0,3,0,1.0
738,bd6e2a2eb1e82e16987ed85ffc7223682c704efff2e3a8545ef08edea2498630,benign,,2013,I386,0,5.9794168291677,EXE,RanDS_Behaviour_Activity_Dataset/dataset/bd/bd6e2a2eb1e82e16987ed85ffc7223682c704efff2e3a8545ef08edea2498630.json,raw_reports/benign/bd6e2a2eb1e82e16987ed85ffc7223682c704efff2e3a8545ef08edea2498630.json,59,5,0.625,0,0.0,0.1111111111111111,1,8,NA
739,bde992543c22b49d91e178b0b7f7748d3d9594c9a0d8638e419dfe94bad67b0f,benign,,2024,Amd64,1,6.6365344501771,EXE,RanDS_Behaviour_Activity_Dataset/dataset/bd/bde992543c22b49d91e178b0b7f7748d3d9594c9a0d8638e419dfe94bad67b0f.json,raw_reports/benign/bde992543c22b49d91e178b0b7f7748d3d9594c9a0d8638e419dfe94bad67b0f.json,434,12,1.0,9,0.020737327188940093,1.0,4,0,1.0
740,be04e89e56a73cc4cdc1a349148e043eba31f6f80ab0443446e25cfbfea32537,benign,,2014,I386,1,7.9115026967507,EXE,RanDS_Behaviour_Activity_Dataset/dataset/be/be04e89e56a73cc4cdc1a349148e043eba31f6f80ab0443446e25cfbfea32537.json,raw_reports/benign/be04e89e56a73cc4cdc1a349148e043eba31f6f80ab0443446e25cfbfea32537.json,123,7,0.875,0,0.0,0.5555555555555556,1,4,NA
741,be2923d5aa7748fdaaed73af567d015517b36f1c739c6e5637dd15112efdf495,benign,,2011,Amd64,0,6.2136962702236,EXE,RanDS_Behaviour_Activity_Dataset/dataset/be/be2923d5aa7748fdaaed73af567d015517b36f1c739c6e5637dd15112efdf495.json,raw_reports/benign/be2923d5aa7748fdaaed73af567d015517b36f1c739c6e5637dd15112efdf495.json,66,9,1.0,5,0.07575757575757576,1.0,2,0,1.0
742,be557bcdd1c238d52d834100c8a9ea7536e3179e42f1fc9eb6286c3c816f1ced,benign,,2025,Amd64,1,6.8933060897528,EXE,RanDS_Behaviour_Activity_Dataset/dataset/be/be557bcdd1c238d52d834100c8a9ea7536e3179e42f1fc9eb6286c3c816f1ced.json,raw_reports/benign/be557bcdd1c238d52d834100c8a9ea7536e3179e42f1fc9eb6286c3c816f1ced.json,403,14,1.0,38,0.09429280397022333,1.0,5,0,1.0
743,becc55d16e725681e4ef898fddbe2e1d5bfe2eda870c7178001ef7368c4b7872,benign,,2024,Amd64,0,6.0576350609256,DLL,RanDS_Behaviour_Activity_Dataset/dataset/be/becc55d16e725681e4ef898fddbe2e1d5bfe2eda870c7178001ef7368c4b7872.json,raw_reports/benign/becc55d16e725681e4ef898fddbe2e1d5bfe2eda870c7178001ef7368c4b7872.json,314,11,1.0,28,0.08917197452229299,1.0,6,0,1.0
744,bf1c298cfe097db7dfda2ba3686d624b4a477ebce0ccd81c128c957103cc77be,benign,,2024,Amd64,0,6.3844530722771,DLL,RanDS_Behaviour_Activity_Dataset/dataset/bf/bf1c298cfe097db7dfda2ba3686d624b4a477ebce0ccd81c128c957103cc77be.json,raw_reports/benign/bf1c298cfe097db7dfda2ba3686d624b4a477ebce0ccd81c128c957103cc77be.json,87,6,0.75,15,0.1724137931034483,1.0,4,0,1.0
745,bf2b452d6a14d13f386c7352fa5d7521831a6014ee9cde8535966c3b3d199e8c,benign,,2024,Amd64,0,6.2155636989257,DLL,RanDS_Behaviour_Activity_Dataset/dataset/bf/bf2b452d6a14d13f386c7352fa5d7521831a6014ee9cde8535966c3b3d199e8c.json,raw_reports/benign/bf2b452d6a14d13f386c7352fa5d7521831a6014ee9cde8535966c3b3d199e8c.json,120,6,0.75,19,0.15833333333333333,1.0,4,0,1.0
746,bfb756e3dc53b6e04a4f80e6efb51f12eec972440f4b23b55b0acd205ae8edfd,benign,,2010,Amd64,0,6.4106192805306,DLL,RanDS_Behaviour_Activity_Dataset/dataset/bf/bfb756e3dc53b6e04a4f80e6efb51f12eec972440f4b23b55b0acd205ae8edfd.json,raw_reports/benign/bfb756e3dc53b6e04a4f80e6efb51f12eec972440f4b23b55b0acd205ae8edfd.json,162,9,1.0,29,0.17901234567901234,1.0,5,0,1.0
747,c09b126e7d4c1e6efb3ffcda2358252ce37383572c78e56ca97497a7f7c793e4,benign,,2015,I386,1,6.6522526007915,DLL,RanDS_Behaviour_Activity_Dataset/dataset/c0/c09b126e7d4c1e6efb3ffcda2358252ce37383572c78e56ca97497a7f7c793e4.json,raw_reports/benign/c09b126e7d4c1e6efb3ffcda2358252ce37383572c78e56ca97497a7f7c793e4.json,1358,13,1.0,7,0.005154639175257732,1.0,7,0,1.0
748,c0dfb5c6daece88972766d318998bfa796585bd61cf3dd79e289cff29c93572b,benign,,2013,I386,0,6.3343176636299,EXE,RanDS_Behaviour_Activity_Dataset/dataset/c0/c0dfb5c6daece88972766d318998bfa796585bd61cf3dd79e289cff29c93572b.json,raw_reports/benign/c0dfb5c6daece88972766d318998bfa796585bd61cf3dd79e289cff29c93572b.json,51,5,0.625,2,0.0392156862745098,0.5555555555555556,1,4,NA
749,c18a674a63d9108be9ac0ea84c734a0d1b2809ea035d3eb9ab3f77fece6187ef,benign,,2019,I386,0,4.2913012144677,EXE,RanDS_Behaviour_Activity_Dataset/dataset/c1/c18a674a63d9108be9ac0ea84c734a0d1b2809ea035d3eb9ab3f77fece6187ef.json,raw_reports/benign/c18a674a63d9108be9ac0ea84c734a0d1b2809ea035d3eb9ab3f77fece6187ef.json,240,8,1.0,0,0.0,0.5555555555555556,3,4,NA
750,c1bf753335a3ca23050ab6aded384b171d1e8fd08b76eb650a30d50a385c09a7,benign,,2009,I386,1,6.9412735075692,DLL,RanDS_Behaviour_Activity_Dataset/dataset/c1/c1bf753335a3ca23050ab6aded384b171d1e8fd08b76eb650a30d50a385c09a7.json,raw_reports/benign/c1bf753335a3ca23050ab6aded384b171d1e8fd08b76eb650a30d50a385c09a7.json,493,12,1.0,12,0.02434077079107505,1.0,5,0,1.0
751,c2237898b04d2bb6d3f9905f14f20aae9debc24de9ed58fcab9196ff27071062,benign,,2015,Amd64,0,6.2411486513975,EXE,RanDS_Behaviour_Activity_Dataset/dataset/c2/c2237898b04d2bb6d3f9905f14f20aae9debc24de9ed58fcab9196ff27071062.json,raw_reports/benign/c2237898b04d2bb6d3f9905f14f20aae9debc24de9ed58fcab9196ff27071062.json,16,6,0.75,4,0.25,0.7777777777777778,1,2,1.0
752,c27382c35976ab94522da1972667f993ce07c6fcf5ded3217faf68037613f306,benign,,2018,Amd64,0,6.1357495305226,DLL,RanDS_Behaviour_Activity_Dataset/dataset/c2/c27382c35976ab94522da1972667f993ce07c6fcf5ded3217faf68037613f306.json,raw_reports/benign/c27382c35976ab94522da1972667f993ce07c6fcf5ded3217faf68037613f306.json,300,7,0.875,5,0.016666666666666666,0.6666666666666666,3,3,1.0
753,c2929a1db59b18ae454a729480a033e1f94ab7d2f079a77010e1ef4db03fe1de,benign,,2013,Amd64,0,3.7945870386066,DLL,RanDS_Behaviour_Activity_Dataset/dataset/c2/c2929a1db59b18ae454a729480a033e1f94ab7d2f079a77010e1ef4db03fe1de.json,raw_reports/benign/c2929a1db59b18ae454a729480a033e1f94ab7d2f079a77010e1ef4db03fe1de.json,113,9,1.0,38,0.336283185840708,1.0,6,0,1.0
754,c29901a0e404d9943921cdf8fee4d627994c7643baf08c5e299aca6efbf30d36,benign,,2011,Amd64,1,6.5323901496433,DLL,RanDS_Behaviour_Activity_Dataset/dataset/c2/c29901a0e404d9943921cdf8fee4d627994c7643baf08c5e299aca6efbf30d36.json,raw_reports/benign/c29901a0e404d9943921cdf8fee4d627994c7643baf08c5e299aca6efbf30d36.json,100,8,1.0,13,0.13,1.0,4,0,1.0
755,c378590e904ee691ccc249051421ec3580da6ed9e9c7327ed7cdf118006b1431,benign,,2015,Amd64,0,5.0221680165191,DLL,RanDS_Behaviour_Activity_Dataset/dataset/c3/c378590e904ee691ccc249051421ec3580da6ed9e9c7327ed7cdf118006b1431.json,raw_reports/benign/c378590e904ee691ccc249051421ec3580da6ed9e9c7327ed7cdf118006b1431.json,465,12,1.0,17,0.03655913978494624,1.0,5,0,1.0
756,c3b1aa91cede55ef81d1bdc5babbdbecdd4e5bceea7ef72a0990efaf39107d67,benign,,2015,I386,0,4.2096333118624,DLL,RanDS_Behaviour_Activity_Dataset/dataset/c3/c3b1aa91cede55ef81d1bdc5babbdbecdd4e5bceea7ef72a0990efaf39107d67.json,raw_reports/benign/c3b1aa91cede55ef81d1bdc5babbdbecdd4e5bceea7ef72a0990efaf39107d67.json,152,8,1.0,12,0.07894736842105263,1.0,4,0,1.0
757,c3bcea6370d07e43c466026815f1d0d4d2e67b85ea7a50315b77a2005dc9378c,benign,,2011,I386,1,7.7863936706637,EXE,RanDS_Behaviour_Activity_Dataset/dataset/c3/c3bcea6370d07e43c466026815f1d0d4d2e67b85ea7a50315b77a2005dc9378c.json,raw_reports/benign/c3bcea6370d07e43c466026815f1d0d4d2e67b85ea7a50315b77a2005dc9378c.json,324,15,1.0,9,0.027777777777777776,1.0,4,0,1.0
758,c3ed5d542c944f8b4c5ac6357d53fe6477de88409e124736de5bdbd2273ca8a3,benign,,2024,Amd64,0,6.4631768154114,EXE,RanDS_Behaviour_Activity_Dataset/dataset/c3/c3ed5d542c944f8b4c5ac6357d53fe6477de88409e124736de5bdbd2273ca8a3.json,raw_reports/benign/c3ed5d542c944f8b4c5ac6357d53fe6477de88409e124736de5bdbd2273ca8a3.json,70,11,1.0,8,0.11428571428571428,1.0,2,0,1.0
759,c3f3d7a07fab9af38a2a00bf0df6eee18ca8fe26277bec9d8adb793f2cd5ec1f,benign,,2009,I386,0,5.9126766362309,EXE,RanDS_Behaviour_Activity_Dataset/dataset/c3/c3f3d7a07fab9af38a2a00bf0df6eee18ca8fe26277bec9d8adb793f2cd5ec1f.json,raw_reports/benign/c3f3d7a07fab9af38a2a00bf0df6eee18ca8fe26277bec9d8adb793f2cd5ec1f.json,95,9,1.0,5,0.05263157894736842,1.0,2,0,1.0
760,c4172ccc862799098216901bb5b7fdd48af7eff4f918de5a1b62f854912f4baa,benign,,2010,I386,1,7.9782061920379,EXE,RanDS_Behaviour_Activity_Dataset/dataset/c4/c4172ccc862799098216901bb5b7fdd48af7eff4f918de5a1b62f854912f4baa.json,raw_reports/benign/c4172ccc862799098216901bb5b7fdd48af7eff4f918de5a1b62f854912f4baa.json,329,10,1.0,5,0.015197568389057751,0.8888888888888888,2,1,1.0
761,c447af4573e5504ae7d0fc98872f2d31bea176c2fc91f00532c7e19b5426d303,benign,,2015,Amd64,0,4.7462937109711,EXE,RanDS_Behaviour_Activity_Dataset/dataset/c4/c447af4573e5504ae7d0fc98872f2d31bea176c2fc91f00532c7e19b5426d303.json,raw_reports/benign/c447af4573e5504ae7d0fc98872f2d31bea176c2fc91f00532c7e19b5426d303.json,103,10,1.0,8,0.07766990291262135,1.0,2,0,1.0
762,c49f3d72a2728b8ba2b5cb76ee76dfa4b06d2abc2c3dc4f3943747259017f36f,benign,,2024,I386,1,6.6043078086454,EXE,RanDS_Behaviour_Activity_Dataset/dataset/c4/c49f3d72a2728b8ba2b5cb76ee76dfa4b06d2abc2c3dc4f3943747259017f36f.json,raw_reports/benign/c49f3d72a2728b8ba2b5cb76ee76dfa4b06d2abc2c3dc4f3943747259017f36f.json,235,12,1.0,10,0.0425531914893617,1.0,2,0,1.0
763,c4fc63ae830f8fcac18bd190d807e6dc880fe04d7a8b48875cdd3185a3652121,benign,,2015,I386,0,6.416371234011,EXE,RanDS_Behaviour_Activity_Dataset/dataset/c4/c4fc63ae830f8fcac18bd190d807e6dc880fe04d7a8b48875cdd3185a3652121.json,raw_reports/benign/c4fc63ae830f8fcac18bd190d807e6dc880fe04d7a8b48875cdd3185a3652121.json,29,8,1.0,3,0.10344827586206896,1.0,2,0,1.0
764,c5137bbd0ca4ee527b53feb3b0e0b25e6990784dc47a77d7d7af3586baa395c5,benign,,2018,I386,1,7.6049081603347,EXE,RanDS_Behaviour_Activity_Dataset/dataset/c5/c5137bbd0ca4ee527b53feb3b0e0b25e6990784dc47a77d7d7af3586baa395c5.json,raw_reports/benign/c5137bbd0ca4ee527b53feb3b0e0b25e6990784dc47a77d7d7af3586baa395c5.json,163,9,1.0,0,0.0,0.7777777777777778,2,2,1.0
765,c5158988525df54eb85d74219a6d0fcd051d528ef47d024f516bdaaa5233553b,benign,,2023,I386,1,6.5899649730823,EXE,RanDS_Behaviour_Activity_Dataset/dataset/c5/c5158988525df54eb85d74219a6d0fcd051d528ef47d024f516bdaaa5233553b.json,raw_reports/benign/c5158988525df54eb85d74219a6d0fcd051d528ef47d024f516bdaaa5233553b.json,584,15,1.0,18,0.030821917808219176,1.0,4,0,1.0
766,c532d278b53b4a8528c6526ac45df6b5bed2c4a3de8658a25e044f63b944df0f,benign,,2011,I386,0,5.3598104156758,EXE,RanDS_Behaviour_Activity_Dataset/dataset/c5/c532d278b53b4a8528c6526ac45df6b5bed2c4a3de8658a25e044f63b944df0f.json,raw_reports/benign/c532d278b53b4a8528c6526ac45df6b5bed2c4a3de8658a25e044f63b944df0f.json,1211,15,1.0,9,0.007431874483897605,1.0,4,0,1.0
767,c5a421816fee4f88d28955c5e1840e38e37018db6698f27f082afa813e1d770e,benign,,2025,Amd64,1,6.5986988535617,DLL,RanDS_Behaviour_Activity_Dataset/dataset/c5/c5a421816fee4f88d28955c5e1840e38e37018db6698f27f082afa813e1d770e.json,raw_reports/benign/c5a421816fee4f88d28955c5e1840e38e37018db6698f27f082afa813e1d770e.json,182,12,1.0,17,0.09340659340659341,1.0,4,0,1.0
768,c5c83bbc1741be6ff4c490c0aee34c162945423ec577c646538b2d21ce13199e,benign,,2022,I386,0,5.9667006754075,DLL,RanDS_Behaviour_Activity_Dataset/dataset/c5/c5c83bbc1741be6ff4c490c0aee34c162945423ec577c646538b2d21ce13199e.json,raw_reports/benign/c5c83bbc1741be6ff4c490c0aee34c162945423ec577c646538b2d21ce13199e.json,450,11,1.0,12,0.02666666666666667,1.0,6,0,1.0
769,c64885a726c0642c92bc4993667696dfec8d284c20872d58e49786ee280a01ed,benign,,2013,Amd64,0,5.5153260995961,EXE,RanDS_Behaviour_Activity_Dataset/dataset/c6/c64885a726c0642c92bc4993667696dfec8d284c20872d58e49786ee280a01ed.json,raw_reports/benign/c64885a726c0642c92bc4993667696dfec8d284c20872d58e49786ee280a01ed.json,158,13,1.0,6,0.0379746835443038,1.0,4,0,1.0
770,c70da787d2857bb08a49327ce75299b6440a75e70beabc8efdc4084b779454ce,benign,,2024,I386,1,6.5629616513969,DLL,RanDS_Behaviour_Activity_Dataset/dataset/c7/c70da787d2857bb08a49327ce75299b6440a75e70beabc8efdc4084b779454ce.json,raw_reports/benign/c70da787d2857bb08a49327ce75299b6440a75e70beabc8efdc4084b779454ce.json,297,9,1.0,16,0.05387205387205387,1.0,3,0,1.0
771,c75337772904486ca6ca09cae5dfa32cacf3ce1c6a49cf28d569324e1bae4145,benign,,2009,I386,0,5.7707443503774,DLL,RanDS_Behaviour_Activity_Dataset/dataset/c7/c75337772904486ca6ca09cae5dfa32cacf3ce1c6a49cf28d569324e1bae4145.json,raw_reports/benign/c75337772904486ca6ca09cae5dfa32cacf3ce1c6a49cf28d569324e1bae4145.json,479,13,1.0,26,0.054279749478079335,1.0,6,0,1.0
772,c79793cf783e7e7ab6cf010c2faf57f70e51ff92220db1d81c0458c8c04c2dc9,benign,,2025,I386,0,6.1479969321066,DLL,RanDS_Behaviour_Activity_Dataset/dataset/c7/c79793cf783e7e7ab6cf010c2faf57f70e51ff92220db1d81c0458c8c04c2dc9.json,raw_reports/benign/c79793cf783e7e7ab6cf010c2faf57f70e51ff92220db1d81c0458c8c04c2dc9.json,341,8,1.0,14,0.04105571847507331,1.0,7,0,1.0
773,c7b1c8b5ed347ef570625b3322cc293e4fac17f91e1b3d455d4044315af0280d,benign,,2025,Amd64,0,6.324044668721,EXE,RanDS_Behaviour_Activity_Dataset/dataset/c7/c7b1c8b5ed347ef570625b3322cc293e4fac17f91e1b3d455d4044315af0280d.json,raw_reports/benign/c7b1c8b5ed347ef570625b3322cc293e4fac17f91e1b3d455d4044315af0280d.json,236,12,1.0,16,0.06779661016949153,1.0,3,0,1.0
774,c7badee7df6f9726ea8f4ad4123f5dc11ae09dcfe26a08f4dcf1f880a5a53cf2,benign,,2025,I386,0,5.7872362092844,DLL,RanDS_Behaviour_Activity_Dataset/dataset/c7/c7badee7df6f9726ea8f4ad4123f5dc11ae09dcfe26a08f4dcf1f880a5a53cf2.json,raw_reports/benign/c7badee7df6f9726ea8f4ad4123f5dc11ae09dcfe26a08f4dcf1f880a5a53cf2.json,134,6,0.75,15,0.11194029850746269,1.0,3,0,1.0
775,c7cf98c6f7367dcbb8f7477180aa8cdd78e49c579d60374333ba0abadf366b31,benign,,2018,I386,0,4.7052666148387,EXE,RanDS_Behaviour_Activity_Dataset/dataset/c7/c7cf98c6f7367dcbb8f7477180aa8cdd78e49c579d60374333ba0abadf366b31.json,raw_reports/benign/c7cf98c6f7367dcbb8f7477180aa8cdd78e49c579d60374333ba0abadf366b31.json,381,11,1.0,0,0.0,0.8888888888888888,2,1,1.0
776,c7f1d8f417ff8902be5f89f7eefc6ae6c24422ec5e3c2c3cb7db218dd4086c8c,benign,,2015,I386,1,6.6309612308044,DLL,RanDS_Behaviour_Activity_Dataset/dataset/c7/c7f1d8f417ff8902be5f89f7eefc6ae6c24422ec5e3c2c3cb7db218dd4086c8c.json,raw_reports/benign/c7f1d8f417ff8902be5f89f7eefc6ae6c24422ec5e3c2c3cb7db218dd4086c8c.json,570,10,1.0,19,0.03333333333333333,1.0,5,0,1.0
777,c85ec4eb948ecfb4ac8915aac5662afa482e7b41b6009ca6a2270e8aa9de36fd,benign,,2010,Amd64,0,5.0817091081273,EXE,RanDS_Behaviour_Activity_Dataset/dataset/c8/c85ec4eb948ecfb4ac8915aac5662afa482e7b41b6009ca6a2270e8aa9de36fd.json,raw_reports/benign/c85ec4eb948ecfb4ac8915aac5662afa482e7b41b6009ca6a2270e8aa9de36fd.json,71,9,1.0,9,0.1267605633802817,1.0,2,0,1.0
778,c85f81c3417f5946e73204b1f62037ed7c390cbaf3d21e87be2b583f69001d70,benign,,2011,I386,0,4.6338101628444,EXE,RanDS_Behaviour_Activity_Dataset/dataset/c8/c85f81c3417f5946e73204b1f62037ed7c390cbaf3d21e87be2b583f69001d70.json,raw_reports/benign/c85f81c3417f5946e73204b1f62037ed7c390cbaf3d21e87be2b583f69001d70.json,733,14,1.0,13,0.017735334242837655,1.0,3,0,1.0
779,c88a362b677d24688d154837c77c88e81414780feb8ec391af465b0b19d2d446,benign,,2022,Amd64,1,6.5660233375984,EXE,RanDS_Behaviour_Activity_Dataset/dataset/c8/c88a362b677d24688d154837c77c88e81414780feb8ec391af465b0b19d2d446.json,raw_reports/benign/c88a362b677d24688d154837c77c88e81414780feb8ec391af465b0b19d2d446.json,423,14,1.0,11,0.026004728132387706,1.0,3,0,1.0
780,c8d5572ca8d7624871188f0acabc3ae60d4c5a4f6782d952b9038de3bc28b39a,benign,,2013,I386,0,6.072623144936,DLL,RanDS_Behaviour_Activity_Dataset/dataset/c8/c8d5572ca8d7624871188f0acabc3ae60d4c5a4f6782d952b9038de3bc28b39a.json,raw_reports/benign/c8d5572ca8d7624871188f0acabc3ae60d4c5a4f6782d952b9038de3bc28b39a.json,1645,11,1.0,5,0.00303951367781155,1.0,6,0,1.0
781,c8e2636d382146946f8a67f0d4f942d0caf74d3135da10ccf89ea5b5f58b0e6f,benign,,2024,Amd64,1,6.6276634363796,DLL,RanDS_Behaviour_Activity_Dataset/dataset/c8/c8e2636d382146946f8a67f0d4f942d0caf74d3135da10ccf89ea5b5f58b0e6f.json,raw_reports/benign/c8e2636d382146946f8a67f0d4f942d0caf74d3135da10ccf89ea5b5f58b0e6f.json,85,7,0.875,12,0.1411764705882353,1.0,4,0,1.0
782,c8f610fa97a92abc486daf6ba032b9237e8db0fa5278c2935e5958ef328e32e6,benign,,2024,Amd64,0,6.4084609126693,DLL,RanDS_Behaviour_Activity_Dataset/dataset/c8/c8f610fa97a92abc486daf6ba032b9237e8db0fa5278c2935e5958ef328e32e6.json,raw_reports/benign/c8f610fa97a92abc486daf6ba032b9237e8db0fa5278c2935e5958ef328e32e6.json,453,13,1.0,23,0.05077262693156733,1.0,7,0,1.0
783,c909eb3e54ce57b21ea3891cf70a015d0c4c459522ba244533721b2b815a6d4f,benign,,2023,I386,0,6.4256773214934,DLL,RanDS_Behaviour_Activity_Dataset/dataset/c9/c909eb3e54ce57b21ea3891cf70a015d0c4c459522ba244533721b2b815a6d4f.json,raw_reports/benign/c909eb3e54ce57b21ea3891cf70a015d0c4c459522ba244533721b2b815a6d4f.json,424,12,1.0,18,0.04245283018867924,1.0,5,0,1.0
784,c93e97904342b2c6d5356e21fe10f8017efd0c0a0c3e616423d7c317c328daf1,benign,,2024,I386,1,6.7543499640657,EXE,RanDS_Behaviour_Activity_Dataset/dataset/c9/c93e97904342b2c6d5356e21fe10f8017efd0c0a0c3e616423d7c317c328daf1.json,raw_reports/benign/c93e97904342b2c6d5356e21fe10f8017efd0c0a0c3e616423d7c317c328daf1.json,321,12,1.0,10,0.03115264797507788,1.0,3,0,1.0
785,c943d39e43e0c3557475cd5d58604771370d6687dffc008bb98c086686838a04,benign,,2013,I386,0,5.4786437494349,EXE,RanDS_Behaviour_Activity_Dataset/dataset/c9/c943d39e43e0c3557475cd5d58604771370d6687dffc008bb98c086686838a04.json,raw_reports/benign/c943d39e43e0c3557475cd5d58604771370d6687dffc008bb98c086686838a04.json,1176,14,1.0,10,0.008503401360544218,1.0,3,0,1.0
786,c97a390db1b30d04d57eec61645141daa54d9de09c1f7c4455f930b7238d72e8,benign,,2025,Amd64,1,6.5676134458738,DLL,RanDS_Behaviour_Activity_Dataset/dataset/c9/c97a390db1b30d04d57eec61645141daa54d9de09c1f7c4455f930b7238d72e8.json,raw_reports/benign/c97a390db1b30d04d57eec61645141daa54d9de09c1f7c4455f930b7238d72e8.json,491,13,1.0,28,0.05702647657841141,1.0,6,0,1.0
787,c9e808c49d4bc08c69059a0f70c8aaf1e5f9b0e6aa0d4f16bb4d49de7c752c67,benign,,2010,Amd64,0,5.960728827339,DLL,RanDS_Behaviour_Activity_Dataset/dataset/c9/c9e808c49d4bc08c69059a0f70c8aaf1e5f9b0e6aa0d4f16bb4d49de7c752c67.json,raw_reports/benign/c9e808c49d4bc08c69059a0f70c8aaf1e5f9b0e6aa0d4f16bb4d49de7c752c67.json,472,13,1.0,23,0.048728813559322036,1.0,6,0,1.0
788,ca3eff12ee202ca3f61137f03a0e73af37ab3c696f66a8cad6d9ae7f5ac86ec8,benign,,2009,I386,0,5.6116620646608,EXE,RanDS_Behaviour_Activity_Dataset/dataset/ca/ca3eff12ee202ca3f61137f03a0e73af37ab3c696f66a8cad6d9ae7f5ac86ec8.json,raw_reports/benign/ca3eff12ee202ca3f61137f03a0e73af37ab3c696f66a8cad6d9ae7f5ac86ec8.json,120,7,0.875,0,0.0,0.6666666666666666,1,3,1.0
789,ca71be3f6c25755890714fc1354b898932ae4ac70c625165f69c1249365e7e1a,benign,,2010,Amd64,0,5.694355082504,EXE,RanDS_Behaviour_Activity_Dataset/dataset/ca/ca71be3f6c25755890714fc1354b898932ae4ac70c625165f69c1249365e7e1a.json,raw_reports/benign/ca71be3f6c25755890714fc1354b898932ae4ac70c625165f69c1249365e7e1a.json,114,10,1.0,11,0.09649122807017543,1.0,3,0,1.0
790,ca79cd9c1134b9a78fcf9289eb295f8522f7af60afbac423e11cc74a283088ac,benign,,2024,Amd64,0,6.1785862598293,DLL,RanDS_Behaviour_Activity_Dataset/dataset/ca/ca79cd9c1134b9a78fcf9289eb295f8522f7af60afbac423e11cc74a283088ac.json,raw_reports/benign/ca79cd9c1134b9a78fcf9289eb295f8522f7af60afbac423e11cc74a283088ac.json,546,10,1.0,11,0.020146520146520148,1.0,4,0,1.0
791,ca80cad32b8b6d3e32dac0c2a34ebbc6d0dd601913eae89b90e756f6ff3137af,benign,,2010,Amd64,0,5.2869272989233,EXE,RanDS_Behaviour_Activity_Dataset/dataset/ca/ca80cad32b8b6d3e32dac0c2a34ebbc6d0dd601913eae89b90e756f6ff3137af.json,raw_reports/benign/ca80cad32b8b6d3e32dac0c2a34ebbc6d0dd601913eae89b90e756f6ff3137af.json,105,9,1.0,8,0.0761904761904762,1.0,2,0,1.0
792,ca89fbd2b54a2dfa6d017f88f7107ead402fbb91dabec79845a7c97e55ac2628,benign,,2025,Amd64,0,6.3787290445315,DLL,RanDS_Behaviour_Activity_Dataset/dataset/ca/ca89fbd2b54a2dfa6d017f88f7107ead402fbb91dabec79845a7c97e55ac2628.json,raw_reports/benign/ca89fbd2b54a2dfa6d017f88f7107ead402fbb91dabec79845a7c97e55ac2628.json,104,8,1.0,11,0.10576923076923077,1.0,4,0,1.0
793,ca97eb2a7200b87a6daf6b1dc179ad9cee63eb6432d8de7b164d444f1f9fedbe,benign,,2015,Amd64,0,5.9291508475566,DLL,RanDS_Behaviour_Activity_Dataset/dataset/ca/ca97eb2a7200b87a6daf6b1dc179ad9cee63eb6432d8de7b164d444f1f9fedbe.json,raw_reports/benign/ca97eb2a7200b87a6daf6b1dc179ad9cee63eb6432d8de7b164d444f1f9fedbe.json,99,8,1.0,12,0.12121212121212122,1.0,4,0,1.0
794,caef603d0522e04fa2cf752388d7174cd9c15fa8377d71cdc624b0db0f850f5e,benign,,2017,Amd64,0,6.0208354580767,EXE,RanDS_Behaviour_Activity_Dataset/dataset/ca/caef603d0522e04fa2cf752388d7174cd9c15fa8377d71cdc624b0db0f850f5e.json,raw_reports/benign/caef603d0522e04fa2cf752388d7174cd9c15fa8377d71cdc624b0db0f850f5e.json,24,7,0.875,4,0.16666666666666666,0.7777777777777778,1,2,1.0
795,cb04f208acd64c8e5fa54768c4c9ceb4ea64454d38b03674ba9f0dc599f380af,benign,,2025,I386,1,6.6179047960782,DLL,RanDS_Behaviour_Activity_Dataset/dataset/cb/cb04f208acd64c8e5fa54768c4c9ceb4ea64454d38b03674ba9f0dc599f380af.json,raw_reports/benign/cb04f208acd64c8e5fa54768c4c9ceb4ea64454d38b03674ba9f0dc599f380af.json,571,9,1.0,20,0.03502626970227671,1.0,3,0,1.0
796,cb354d5b309b93095c91f22dc5a63c79f606705cdafc023e17d876fa106837c2,benign,,2023,Amd64,0,5.7332461954562,DLL,RanDS_Behaviour_Activity_Dataset/dataset/cb/cb354d5b309b93095c91f22dc5a63c79f606705cdafc023e17d876fa106837c2.json,raw_reports/benign/cb354d5b309b93095c91f22dc5a63c79f606705cdafc023e17d876fa106837c2.json,130,6,0.75,10,0.07692307692307693,1.0,3,0,1.0
797,cb5e4e6a695ec78a8d8278160d26be9fa3b42769aa392ead0da98295f3bf2b65,benign,,2013,Amd64,0,5.9004671453475,DLL,RanDS_Behaviour_Activity_Dataset/dataset/cb/cb5e4e6a695ec78a8d8278160d26be9fa3b42769aa392ead0da98295f3bf2b65.json,raw_reports/benign/cb5e4e6a695ec78a8d8278160d26be9fa3b42769aa392ead0da98295f3bf2b65.json,309,10,1.0,16,0.05177993527508091,1.0,5,0,1.0
798,cb7b6ac768a5692655cb527df464278207807319e8b81671510e3b2964a621a2,benign,,2017,I386,0,6.303127212226,EXE,RanDS_Behaviour_Activity_Dataset/dataset/cb/cb7b6ac768a5692655cb527df464278207807319e8b81671510e3b2964a621a2.json,raw_reports/benign/cb7b6ac768a5692655cb527df464278207807319e8b81671510e3b2964a621a2.json,18,5,0.625,4,0.2222222222222222,0.6666666666666666,0,3,NA
799,cbeaee3bd9002f1c0bd00df51f3938f6094db93bcd4622c064d797475619a35b,benign,,2024,I386,0,6.0149181897335,DLL,RanDS_Behaviour_Activity_Dataset/dataset/cb/cbeaee3bd9002f1c0bd00df51f3938f6094db93bcd4622c064d797475619a35b.json,raw_reports/benign/cbeaee3bd9002f1c0bd00df51f3938f6094db93bcd4622c064d797475619a35b.json,368,8,1.0,12,0.03260869565217391,1.0,3,0,1.0
800,ccca769f3542375cdf4bd326337b05a4ce274b029429ead82d9debf3e66c2ea7,benign,,2020,I386,0,6.4294817419508,DLL,RanDS_Behaviour_Activity_Dataset/dataset/cc/ccca769f3542375cdf4bd326337b05a4ce274b029429ead82d9debf3e66c2ea7.json,raw_reports/benign/ccca769f3542375cdf4bd326337b05a4ce274b029429ead82d9debf3e66c2ea7.json,377,8,1.0,7,0.01856763925729443,1.0,4,0,1.0
801,ccf2823c73204a39dc0a1de9e9b948b87bb9243f710ab53a6e0df4c159bef7d4,benign,,2024,Amd64,1,6.5970276675903,DLL,RanDS_Behaviour_Activity_Dataset/dataset/cc/ccf2823c73204a39dc0a1de9e9b948b87bb9243f710ab53a6e0df4c159bef7d4.json,raw_reports/benign/ccf2823c73204a39dc0a1de9e9b948b87bb9243f710ab53a6e0df4c159bef7d4.json,474,13,1.0,23,0.04852320675105485,1.0,6,0,1.0
802,cd198a3ad75a2b72b1f2c40c06920cd089b64eba38db3552628a4b427797cefc,benign,,2010,Amd64,0,5.5915417810153,EXE,RanDS_Behaviour_Activity_Dataset/dataset/cd/cd198a3ad75a2b72b1f2c40c06920cd089b64eba38db3552628a4b427797cefc.json,raw_reports/benign/cd198a3ad75a2b72b1f2c40c06920cd089b64eba38db3552628a4b427797cefc.json,462,11,1.0,8,0.017316017316017316,1.0,5,0,1.0
803,cd89a31004e3e5a3253554cabf70b89d4f2fcbc40161ffa9e633cd85261a2769,benign,,2016,I386,0,5.8445627806351,EXE,RanDS_Behaviour_Activity_Dataset/dataset/cd/cd89a31004e3e5a3253554cabf70b89d4f2fcbc40161ffa9e633cd85261a2769.json,raw_reports/benign/cd89a31004e3e5a3253554cabf70b89d4f2fcbc40161ffa9e633cd85261a2769.json,1127,15,1.0,15,0.013309671694764862,1.0,8,0,1.0
804,cdc0c56eb00c4ed5adb452a5bc6835a19160f70bed89d96d606a8ea51d212f30,benign,,2012,Amd64,0,5.4744871284812,EXE,RanDS_Behaviour_Activity_Dataset/dataset/cd/cdc0c56eb00c4ed5adb452a5bc6835a19160f70bed89d96d606a8ea51d212f30.json,raw_reports/benign/cdc0c56eb00c4ed5adb452a5bc6835a19160f70bed89d96d606a8ea51d212f30.json,53,9,1.0,5,0.09433962264150944,1.0,2,0,1.0
805,cf3967890a00bc575506322a8ab05778d8f746022157b9f5ee21ce3759a8a7d9,benign,,2024,I386,0,6.3708767820085,DLL,RanDS_Behaviour_Activity_Dataset/dataset/cf/cf3967890a00bc575506322a8ab05778d8f746022157b9f5ee21ce3759a8a7d9.json,raw_reports/benign/cf3967890a00bc575506322a8ab05778d8f746022157b9f5ee21ce3759a8a7d9.json,483,12,1.0,19,0.039337474120082816,1.0,5,0,1.0
806,d01ef8d4fb97d5f19bf0964e238daeabec5e85887d3cd933275718012a239708,benign,,2015,I386,1,6.7218224873463,EXE,RanDS_Behaviour_Activity_Dataset/dataset/d0/d01ef8d4fb97d5f19bf0964e238daeabec5e85887d3cd933275718012a239708.json,raw_reports/benign/d01ef8d4fb97d5f19bf0964e238daeabec5e85887d3cd933275718012a239708.json,120,9,1.0,6,0.05,1.0,2,0,1.0
807,d03334e9d4c2a6935dfd3a83feff3d46f8a1692570b19c00124fd3bc62342552,benign,,2014,I386,0,3.9022811052381,EXE,RanDS_Behaviour_Activity_Dataset/dataset/d0/d03334e9d4c2a6935dfd3a83feff3d46f8a1692570b19c00124fd3bc62342552.json,raw_reports/benign/d03334e9d4c2a6935dfd3a83feff3d46f8a1692570b19c00124fd3bc62342552.json,131,7,0.875,0,0.0,0.5555555555555556,1,4,NA
808,d04d502f7afee39024d992550b589c0cc0a183a01e03e0c2859a97b958b23bda,benign,,2023,Amd64,0,5.9424631435171,DLL,RanDS_Behaviour_Activity_Dataset/dataset/d0/d04d502f7afee39024d992550b589c0cc0a183a01e03e0c2859a97b958b23bda.json,raw_reports/benign/d04d502f7afee39024d992550b589c0cc0a183a01e03e0c2859a97b958b23bda.json,245,9,1.0,15,0.061224489795918366,1.0,4,0,1.0
809,d05f66a2aa4a82d7932494ebf54db41ea16666fed3e83a1a36a6766b8441bb49,benign,,2022,Amd64,0,5.3981708975841,EXE,RanDS_Behaviour_Activity_Dataset/dataset/d0/d05f66a2aa4a82d7932494ebf54db41ea16666fed3e83a1a36a6766b8441bb49.json,raw_reports/benign/d05f66a2aa4a82d7932494ebf54db41ea16666fed3e83a1a36a6766b8441bb49.json,78,10,1.0,8,0.10256410256410256,1.0,3,0,1.0
810,d0aee2efdf856fa359e1db10e52c83da71c902bf335cdbc7df6533927cc4009d,benign,,2025,Amd64,0,6.3919276245518,DLL,RanDS_Behaviour_Activity_Dataset/dataset/d0/d0aee2efdf856fa359e1db10e52c83da71c902bf335cdbc7df6533927cc4009d.json,raw_reports/benign/d0aee2efdf856fa359e1db10e52c83da71c902bf335cdbc7df6533927cc4009d.json,395,13,1.0,19,0.04810126582278481,1.0,6,0,1.0
811,d0fbc1faf18919a95fdaa72226471538987d943a0f5de60003ec2c425b158c53,benign,,2015,I386,0,5.4894149041233,EXE,RanDS_Behaviour_Activity_Dataset/dataset/d0/d0fbc1faf18919a95fdaa72226471538987d943a0f5de60003ec2c425b158c53.json,raw_reports/benign/d0fbc1faf18919a95fdaa72226471538987d943a0f5de60003ec2c425b158c53.json,80,9,1.0,5,0.0625,1.0,3,0,1.0
812,d103d88eea31533af60320a65c2a7af83e8cc7286f7908a1a1cf1231a1196b2b,benign,,2022,I386,0,5.5841586885289,EXE,RanDS_Behaviour_Activity_Dataset/dataset/d1/d103d88eea31533af60320a65c2a7af83e8cc7286f7908a1a1cf1231a1196b2b.json,raw_reports/benign/d103d88eea31533af60320a65c2a7af83e8cc7286f7908a1a1cf1231a1196b2b.json,744,15,1.0,11,0.01478494623655914,1.0,3,0,1.0
813,d172b9ae0b1864732c93138eade6c8b55b15af0ad1b837c8c3e777d5bed62ef5,benign,,2025,Amd64,0,6.0525183705374,DLL,RanDS_Behaviour_Activity_Dataset/dataset/d1/d172b9ae0b1864732c93138eade6c8b55b15af0ad1b837c8c3e777d5bed62ef5.json,raw_reports/benign/d172b9ae0b1864732c93138eade6c8b55b15af0ad1b837c8c3e777d5bed62ef5.json,526,10,1.0,17,0.03231939163498099,1.0,5,0,1.0
814,d1e0a96c2ab3fc018db72fbae911c90c6bcfc83eeb7551725abbbdb75178b801,benign,,2019,I386,0,1.2991316658616,EXE,RanDS_Behaviour_Activity_Dataset/dataset/d1/d1e0a96c2ab3fc018db72fbae911c90c6bcfc83eeb7551725abbbdb75178b801.json,raw_reports/benign/d1e0a96c2ab3fc018db72fbae911c90c6bcfc83eeb7551725abbbdb75178b801.json,141,8,1.0,0,0.0,0.8888888888888888,2,1,NA
815,d1f81d7c43b522e39f0fd14e1c25f97e7894cebbe1f43320cbb66be1528a7a72,benign,,2022,Amd64,0,5.9551489279045,EXE,RanDS_Behaviour_Activity_Dataset/dataset/d1/d1f81d7c43b522e39f0fd14e1c25f97e7894cebbe1f43320cbb66be1528a7a72.json,raw_reports/benign/d1f81d7c43b522e39f0fd14e1c25f97e7894cebbe1f43320cbb66be1528a7a72.json,60,10,1.0,11,0.18333333333333332,1.0,3,0,1.0
816,d22ca66d355295ffd9005680116c49b4175e8eaee401639e52e344ed60324e7f,benign,,2015,I386,0,6.0792164248157,EXE,RanDS_Behaviour_Activity_Dataset/dataset/d2/d22ca66d355295ffd9005680116c49b4175e8eaee401639e52e344ed60324e7f.json,raw_reports/benign/d22ca66d355295ffd9005680116c49b4175e8eaee401639e52e344ed60324e7f.json,409,10,1.0,0,0.0,0.7777777777777778,2,2,NA
817,d23f9f72c064b5d2a7979674703585345a78f7be88887794fc9ca2971818b3dc,benign,,2013,Amd64,0,6.2074896514778,EXE,RanDS_Behaviour_Activity_Dataset/dataset/d2/d23f9f72c064b5d2a7979674703585345a78f7be88887794fc9ca2971818b3dc.json,raw_reports/benign/d23f9f72c064b5d2a7979674703585345a78f7be88887794fc9ca2971818b3dc.json,86,10,1.0,6,0.06976744186046512,1.0,2,0,1.0
818,d283c9aa4f7b43b7a5b4bc8d611d793649cd22eb69c8d48b7be3162ca6a25f32,benign,,2025,Amd64,0,6.229604190644,DLL,RanDS_Behaviour_Activity_Dataset/dataset/d2/d283c9aa4f7b43b7a5b4bc8d611d793649cd22eb69c8d48b7be3162ca6a25f32.json,raw_reports/benign/d283c9aa4f7b43b7a5b4bc8d611d793649cd22eb69c8d48b7be3162ca6a25f32.json,309,8,1.0,12,0.038834951456310676,1.0,6,0,1.0
819,d284e0301679ecef1b763addd6bece589bb16e4b7d5c4fbe3d8684121e8f0b74,benign,,2019,Amd64,0,6.2448130857498,DLL,RanDS_Behaviour_Activity_Dataset/dataset/d2/d284e0301679ecef1b763addd6bece589bb16e4b7d5c4fbe3d8684121e8f0b74.json,raw_reports/benign/d284e0301679ecef1b763addd6bece589bb16e4b7d5c4fbe3d8684121e8f0b74.json,298,11,1.0,20,0.06711409395973154,1.0,6,0,1.0
820,d28521ca5bad1ef3c64b3022a68770bd86dcf5a4500502056cb799d7ae2f0872,benign,,2009,Amd64,0,6.0886344913236,DLL,RanDS_Behaviour_Activity_Dataset/dataset/d2/d28521ca5bad1ef3c64b3022a68770bd86dcf5a4500502056cb799d7ae2f0872.json,raw_reports/benign/d28521ca5bad1ef3c64b3022a68770bd86dcf5a4500502056cb799d7ae2f0872.json,294,7,0.875,5,0.017006802721088437,0.6666666666666666,3,3,1.0
821,d28be0d1210d9dfebf313a93227ddf5bffe6b6ee9980fad238503ca135fbda10,benign,,2014,I386,0,6.3540343112412,EXE,RanDS_Behaviour_Activity_Dataset/dataset/d2/d28be0d1210d9dfebf313a93227ddf5bffe6b6ee9980fad238503ca135fbda10.json,raw_reports/benign/d28be0d1210d9dfebf313a93227ddf5bffe6b6ee9980fad238503ca135fbda10.json,722,15,1.0,21,0.029085872576177285,1.0,4,0,1.0
822,d30d8a35b583481bc7a15228032425dc20b3ff44bb93efa88bea0ef02bd35cd8,benign,,2022,Amd64,0,6.2292203855398,EXE,RanDS_Behaviour_Activity_Dataset/dataset/d3/d30d8a35b583481bc7a15228032425dc20b3ff44bb93efa88bea0ef02bd35cd8.json,raw_reports/benign/d30d8a35b583481bc7a15228032425dc20b3ff44bb93efa88bea0ef02bd35cd8.json,201,10,1.0,9,0.04477611940298507,1.0,5,0,1.0
823,d33a8b46b9b2e6d266e6e43a3ee3824dcbc39e83ba3b8b49c6e1264b47557c31,benign,,2022,I386,0,3.0038193739948,EXE,RanDS_Behaviour_Activity_Dataset/dataset/d3/d33a8b46b9b2e6d266e6e43a3ee3824dcbc39e83ba3b8b49c6e1264b47557c31.json,raw_reports/benign/d33a8b46b9b2e6d266e6e43a3ee3824dcbc39e83ba3b8b49c6e1264b47557c31.json,107,8,1.0,4,0.037383177570093455,0.8888888888888888,1,1,NA
824,d345ba79f99d3ae766875f147fb30e23114e3ab66daf05bb622d9d0437392641,benign,,2023,Amd64,1,6.6851222055041,DLL,RanDS_Behaviour_Activity_Dataset/dataset/d3/d345ba79f99d3ae766875f147fb30e23114e3ab66daf05bb622d9d0437392641.json,raw_reports/benign/d345ba79f99d3ae766875f147fb30e23114e3ab66daf05bb622d9d0437392641.json,382,12,1.0,12,0.031413612565445025,1.0,6,0,1.0
825,d3a24a635594692eda7fa35bf3a562df71cfd8db4c1e7aabf546fc72f78f5f88,benign,,2024,Amd64,0,5.6479583006951,DLL,RanDS_Behaviour_Activity_Dataset/dataset/d3/d3a24a635594692eda7fa35bf3a562df71cfd8db4c1e7aabf546fc72f78f5f88.json,raw_reports/benign/d3a24a635594692eda7fa35bf3a562df71cfd8db4c1e7aabf546fc72f78f5f88.json,496,9,1.0,18,0.036290322580645164,1.0,4,0,1.0
826,d4398d4248444379ac943f0cbe51e1971c144452ef8e0ed0b5086a8454dfbdc5,benign,,2015,Amd64,0,4.3457653846452,DLL,RanDS_Behaviour_Activity_Dataset/dataset/d4/d4398d4248444379ac943f0cbe51e1971c144452ef8e0ed0b5086a8454dfbdc5.json,raw_reports/benign/d4398d4248444379ac943f0cbe51e1971c144452ef8e0ed0b5086a8454dfbdc5.json,76,8,1.0,12,0.15789473684210525,1.0,4,0,1.0
827,d448975a81e9bf37f6a495d19ee77815914e783c908a7cef8ae48d8a6d9d9da5,benign,,2016,I386,0,6.0581495584616,DLL,RanDS_Behaviour_Activity_Dataset/dataset/d4/d448975a81e9bf37f6a495d19ee77815914e783c908a7cef8ae48d8a6d9d9da5.json,raw_reports/benign/d448975a81e9bf37f6a495d19ee77815914e783c908a7cef8ae48d8a6d9d9da5.json,375,8,1.0,5,0.013333333333333334,0.7777777777777778,6,2,1.0
828,d44c73818b0cf757a1d07274013baa87f36ebf9c59bec8972fea08c6cfb03862,benign,,2023,Amd64,0,5.974125871675,EXE,RanDS_Behaviour_Activity_Dataset/dataset/d4/d44c73818b0cf757a1d07274013baa87f36ebf9c59bec8972fea08c6cfb03862.json,raw_reports/benign/d44c73818b0cf757a1d07274013baa87f36ebf9c59bec8972fea08c6cfb03862.json,36,9,1.0,7,0.19444444444444445,0.7777777777777778,1,2,1.0
829,d4a704e382a1ba4a46139900c621fb4c98dd89b1b4012424ede5a2564ed3e1c7,benign,,2014,I386,1,7.4631559408502,EXE,RanDS_Behaviour_Activity_Dataset/dataset/d4/d4a704e382a1ba4a46139900c621fb4c98dd89b1b4012424ede5a2564ed3e1c7.json,raw_reports/benign/d4a704e382a1ba4a46139900c621fb4c98dd89b1b4012424ede5a2564ed3e1c7.json,53,8,1.0,9,0.16981132075471697,1.0,3,0,1.0
830,d4c6e7c540afa02ec55a924f49dc814f004d48f82f21009bd4e69ba2585ed665,benign,,2024,Amd64,0,5.5626622069101,DLL,RanDS_Behaviour_Activity_Dataset/dataset/d4/d4c6e7c540afa02ec55a924f49dc814f004d48f82f21009bd4e69ba2585ed665.json,raw_reports/benign/d4c6e7c540afa02ec55a924f49dc814f004d48f82f21009bd4e69ba2585ed665.json,119,8,1.0,30,0.25210084033613445,1.0,4,0,1.0
831,d4d24df5391de863fd8ecdbd885f79c567ac2ad133e7b5087d4feab733a2980d,benign,,2015,Amd64,0,5.7820667008012,DLL,RanDS_Behaviour_Activity_Dataset/dataset/d4/d4d24df5391de863fd8ecdbd885f79c567ac2ad133e7b5087d4feab733a2980d.json,raw_reports/benign/d4d24df5391de863fd8ecdbd885f79c567ac2ad133e7b5087d4feab733a2980d.json,282,10,1.0,14,0.04964539007092199,1.0,5,0,1.0
832,d4d511d25dd70b621eac66dc13985719d676a00133a1e9b5f5e07599f84d3141,benign,,2011,I386,0,6.4596091136158,EXE,RanDS_Behaviour_Activity_Dataset/dataset/d4/d4d511d25dd70b621eac66dc13985719d676a00133a1e9b5f5e07599f84d3141.json,raw_reports/benign/d4d511d25dd70b621eac66dc13985719d676a00133a1e9b5f5e07599f84d3141.json,173,13,1.0,8,0.046242774566473986,1.0,3,0,1.0
833,d4e3456a1cd3f862c5ee393fabc797d54e6cb7016baeb6822a2a3ca9597c50ad,benign,,2024,Amd64,0,6.4770060196677,DLL,RanDS_Behaviour_Activity_Dataset/dataset/d4/d4e3456a1cd3f862c5ee393fabc797d54e6cb7016baeb6822a2a3ca9597c50ad.json,raw_reports/benign/d4e3456a1cd3f862c5ee393fabc797d54e6cb7016baeb6822a2a3ca9597c50ad.json,225,9,1.0,13,0.057777777777777775,1.0,5,0,1.0
834,d55b373bae5b89c285e6418b0111e619ce9ee828435197dcaa6de80d6659a645,benign,,2014,I386,0,1.8646121943117,EXE,RanDS_Behaviour_Activity_Dataset/dataset/d5/d55b373bae5b89c285e6418b0111e619ce9ee828435197dcaa6de80d6659a645.json,raw_reports/benign/d55b373bae5b89c285e6418b0111e619ce9ee828435197dcaa6de80d6659a645.json,109,7,0.875,0,0.0,0.5555555555555556,1,4,NA
835,d593f6235100aa91ff42c0e24f471cd8d665f60654ac2cf970d9d6bc22c677cd,benign,,2014,I386,0,4.6793455240232,EXE,RanDS_Behaviour_Activity_Dataset/dataset/d5/d593f6235100aa91ff42c0e24f471cd8d665f60654ac2cf970d9d6bc22c677cd.json,raw_reports/benign/d593f6235100aa91ff42c0e24f471cd8d665f60654ac2cf970d9d6bc22c677cd.json,64,5,0.625,0,0.0,0.1111111111111111,1,8,NA
836,d59efae9135873930b0a8433f545b07a5738efdcf6d2c583d0b4b64f1c78a6be,benign,,2010,I386,0,6.074044360484,EXE,RanDS_Behaviour_Activity_Dataset/dataset/d5/d59efae9135873930b0a8433f545b07a5738efdcf6d2c583d0b4b64f1c78a6be.json,raw_reports/benign/d59efae9135873930b0a8433f545b07a5738efdcf6d2c583d0b4b64f1c78a6be.json,410,14,1.0,14,0.03414634146341464,1.0,3,0,1.0
837,d5c3164bdced37c32f5e78c1629cfabb00ab0364d3f9d50f2353e0d48be14484,benign,,2019,I386,0,6.1468779911647,DLL,RanDS_Behaviour_Activity_Dataset/dataset/d5/d5c3164bdced37c32f5e78c1629cfabb00ab0364d3f9d50f2353e0d48be14484.json,raw_reports/benign/d5c3164bdced37c32f5e78c1629cfabb00ab0364d3f9d50f2353e0d48be14484.json,164,7,0.875,9,0.054878048780487805,1.0,5,0,1.0
838,d6694e6baa9bb19582dff3678638cb6e11ed8c6c91e5336db2440ab04816b321,benign,,2025,Amd64,0,6.0944639733728,DLL,RanDS_Behaviour_Activity_Dataset/dataset/d6/d6694e6baa9bb19582dff3678638cb6e11ed8c6c91e5336db2440ab04816b321.json,raw_reports/benign/d6694e6baa9bb19582dff3678638cb6e11ed8c6c91e5336db2440ab04816b321.json,471,13,1.0,15,0.03184713375796178,1.0,8,0,1.0
839,d7257265dbc0635c96dd67ddf938a09abe0866cb2d4fa05f8b758c8644e724e4,benign,,2016,I386,1,7.9967605137868,EXE,RanDS_Behaviour_Activity_Dataset/dataset/d7/d7257265dbc0635c96dd67ddf938a09abe0866cb2d4fa05f8b758c8644e724e4.json,raw_reports/benign/d7257265dbc0635c96dd67ddf938a09abe0866cb2d4fa05f8b758c8644e724e4.json,1813,16,1.0,47,0.02592388306674021,1.0,7,0,1.0
840,d7565cae7282ec8818d033fb96f86f48306504fd79942cfc28600fc3e57f06dd,benign,,2009,I386,0,5.5492111364578,DLL,RanDS_Behaviour_Activity_Dataset/dataset/d7/d7565cae7282ec8818d033fb96f86f48306504fd79942cfc28600fc3e57f06dd.json,raw_reports/benign/d7565cae7282ec8818d033fb96f86f48306504fd79942cfc28600fc3e57f06dd.json,446,13,1.0,23,0.0515695067264574,1.0,7,0,1.0
841,d7584a24447b8baebf9366e3790933be4dfd8c96fc77ce75e8624f3788f9eba8,benign,,2016,I386,0,4.8953327225863,EXE,RanDS_Behaviour_Activity_Dataset/dataset/d7/d7584a24447b8baebf9366e3790933be4dfd8c96fc77ce75e8624f3788f9eba8.json,raw_reports/benign/d7584a24447b8baebf9366e3790933be4dfd8c96fc77ce75e8624f3788f9eba8.json,94,6,0.75,0,0.0,0.5555555555555556,1,4,NA
842,d781c8fa488da9a6d243c88b3c36924f7c0283d8a50a3cee4b84643ca8c03ed3,benign,,2009,I386,1,6.5839265130675,DLL,RanDS_Behaviour_Activity_Dataset/dataset/d7/d781c8fa488da9a6d243c88b3c36924f7c0283d8a50a3cee4b84643ca8c03ed3.json,raw_reports/benign/d781c8fa488da9a6d243c88b3c36924f7c0283d8a50a3cee4b84643ca8c03ed3.json,351,10,1.0,12,0.03418803418803419,1.0,6,0,1.0
843,d7fc81db72a1a96219335aff861add82bec115cbcb70c6765058e1d76702403c,benign,,2014,I386,0,6.4750013508988,EXE,RanDS_Behaviour_Activity_Dataset/dataset/d7/d7fc81db72a1a96219335aff861add82bec115cbcb70c6765058e1d76702403c.json,raw_reports/benign/d7fc81db72a1a96219335aff861add82bec115cbcb70c6765058e1d76702403c.json,83,6,0.75,0,0.0,0.7777777777777778,1,2,1.0
844,d824f84cd0c885e546842335b131a0cef67e236f2ddbf82617b927e55fada9df,benign,,2023,Amd64,0,5.7884013782679,DLL,RanDS_Behaviour_Activity_Dataset/dataset/d8/d824f84cd0c885e546842335b131a0cef67e236f2ddbf82617b927e55fada9df.json,raw_reports/benign/d824f84cd0c885e546842335b131a0cef67e236f2ddbf82617b927e55fada9df.json,303,10,1.0,23,0.07590759075907591,1.0,5,0,1.0
845,d876d5fa351ec11124aa658f8178d7641dc34c3688201e77f3a34f1c6bbecbc9,benign,,2015,I386,1,7.9449561499969,EXE,RanDS_Behaviour_Activity_Dataset/dataset/d8/d876d5fa351ec11124aa658f8178d7641dc34c3688201e77f3a34f1c6bbecbc9.json,raw_reports/benign/d876d5fa351ec11124aa658f8178d7641dc34c3688201e77f3a34f1c6bbecbc9.json,149,7,0.875,0,0.0,0.3333333333333333,1,6,1.0
846,d8b6fea4215367e3a204d97149b6fc3fb66070ae59ef2abe6bfb22ff9a246228,benign,,2012,I386,0,5.7867598675831,EXE,RanDS_Behaviour_Activity_Dataset/dataset/d8/d8b6fea4215367e3a204d97149b6fc3fb66070ae59ef2abe6bfb22ff9a246228.json,raw_reports/benign/d8b6fea4215367e3a204d97149b6fc3fb66070ae59ef2abe6bfb22ff9a246228.json,47,5,0.625,0,0.0,0.5555555555555556,1,4,NA
847,d9010f39ab43f57eab5b9e7ddabd552cc665b451c66f13f8fbfb7c515759ad48,benign,,2014,I386,1,6.5062680774386,EXE,RanDS_Behaviour_Activity_Dataset/dataset/d9/d9010f39ab43f57eab5b9e7ddabd552cc665b451c66f13f8fbfb7c515759ad48.json,raw_reports/benign/d9010f39ab43f57eab5b9e7ddabd552cc665b451c66f13f8fbfb7c515759ad48.json,58,9,1.0,6,0.10344827586206896,1.0,2,0,1.0
848,d990c0f674f4c44ef6541e037d85dabcceb491adefbb3b0838ba8a5f60d611dc,benign,,2015,Amd64,0,6.0248525635526,EXE,RanDS_Behaviour_Activity_Dataset/dataset/d9/d990c0f674f4c44ef6541e037d85dabcceb491adefbb3b0838ba8a5f60d611dc.json,raw_reports/benign/d990c0f674f4c44ef6541e037d85dabcceb491adefbb3b0838ba8a5f60d611dc.json,74,10,1.0,8,0.10810810810810811,1.0,2,0,1.0
849,d9b3874aa63f62699d5ae1ade9959b45860d55233e93a1064d83b63307ea7435,benign,,2022,I386,1,6.573972047955,EXE,RanDS_Behaviour_Activity_Dataset/dataset/d9/d9b3874aa63f62699d5ae1ade9959b45860d55233e93a1064d83b63307ea7435.json,raw_reports/benign/d9b3874aa63f62699d5ae1ade9959b45860d55233e93a1064d83b63307ea7435.json,208,11,1.0,27,0.12980769230769232,1.0,4,0,1.0
850,d9c4a95d85f7f31beaee81730f4949551d4d4e69aeae93a5802be4ad5855c19e,benign,,2013,I386,0,6.2888572321068,EXE,RanDS_Behaviour_Activity_Dataset/dataset/d9/d9c4a95d85f7f31beaee81730f4949551d4d4e69aeae93a5802be4ad5855c19e.json,raw_reports/benign/d9c4a95d85f7f31beaee81730f4949551d4d4e69aeae93a5802be4ad5855c19e.json,91,11,1.0,9,0.0989010989010989,1.0,2,0,1.0
851,da11e51b6867e233c9dab60cf0edd93410ec6c382acf853d0b79005d3735b03a,benign,,2010,Amd64,0,5.7785706760121,DLL,RanDS_Behaviour_Activity_Dataset/dataset/da/da11e51b6867e233c9dab60cf0edd93410ec6c382acf853d0b79005d3735b03a.json,raw_reports/benign/da11e51b6867e233c9dab60cf0edd93410ec6c382acf853d0b79005d3735b03a.json,543,9,1.0,8,0.014732965009208104,0.8888888888888888,5,1,1.0
852,da18d61bb6b7d35c56cb4f392fae0844cca73f72a043a08994beccb531ff3b77,benign,,2018,I386,0,6.4279250976331,DLL,RanDS_Behaviour_Activity_Dataset/dataset/da/da18d61bb6b7d35c56cb4f392fae0844cca73f72a043a08994beccb531ff3b77.json,raw_reports/benign/da18d61bb6b7d35c56cb4f392fae0844cca73f72a043a08994beccb531ff3b77.json,222,8,1.0,41,0.18468468468468469,1.0,5,0,1.0
853,da5c2d3e6b5e937db77e725e1c4be5d1a7c32b9da24d2a93cb86736087c466d0,benign,,2014,I386,1,6.5312984011161,EXE,RanDS_Behaviour_Activity_Dataset/dataset/da/da5c2d3e6b5e937db77e725e1c4be5d1a7c32b9da24d2a93cb86736087c466d0.json,raw_reports/benign/da5c2d3e6b5e937db77e725e1c4be5d1a7c32b9da24d2a93cb86736087c466d0.json,248,11,1.0,9,0.036290322580645164,1.0,2,0,1.0
854,da612cfd35fb93c94c08a13a60b69214c75b4b4e258397a5a400ab6a5350ac5e,benign,,2020,Amd64,0,4.9996467328615,DLL,RanDS_Behaviour_Activity_Dataset/dataset/da/da612cfd35fb93c94c08a13a60b69214c75b4b4e258397a5a400ab6a5350ac5e.json,raw_reports/benign/da612cfd35fb93c94c08a13a60b69214c75b4b4e258397a5a400ab6a5350ac5e.json,182,9,1.0,35,0.19230769230769232,1.0,5,0,1.0
855,da72e6677bd1bcd01c453c1998aaa19aeaf6659f4774cf6848409da8232a95b2,benign,,2024,Amd64,1,6.6028537148069,DLL,RanDS_Behaviour_Activity_Dataset/dataset/da/da72e6677bd1bcd01c453c1998aaa19aeaf6659f4774cf6848409da8232a95b2.json,raw_reports/benign/da72e6677bd1bcd01c453c1998aaa19aeaf6659f4774cf6848409da8232a95b2.json,440,13,1.0,28,0.06363636363636363,1.0,6,0,1.0
856,db134723b86ec40718ef837217cb97b90ca9435d4e28268e4038dcfb6410a66b,benign,,2024,I386,0,3.8340982936987,DLL,RanDS_Behaviour_Activity_Dataset/dataset/db/db134723b86ec40718ef837217cb97b90ca9435d4e28268e4038dcfb6410a66b.json,raw_reports/benign/db134723b86ec40718ef837217cb97b90ca9435d4e28268e4038dcfb6410a66b.json,143,7,0.875,16,0.11188811188811189,1.0,5,0,1.0
857,db4f8b9df75e29c142c6dd6e07df7b4ae5342ab0b6ae7b38ec71b52e0191dbd9,benign,,2011,I386,0,6.1858972051981,DLL,RanDS_Behaviour_Activity_Dataset/dataset/db/db4f8b9df75e29c142c6dd6e07df7b4ae5342ab0b6ae7b38ec71b52e0191dbd9.json,raw_reports/benign/db4f8b9df75e29c142c6dd6e07df7b4ae5342ab0b6ae7b38ec71b52e0191dbd9.json,258,9,1.0,14,0.05426356589147287,1.0,5,0,1.0
858,db5fc7b0e9a65dfb75a3acf8c7d00b06392199c256dfeb6d2bfceb421d686138,benign,,2012,I386,0,6.2744852853348,EXE,RanDS_Behaviour_Activity_Dataset/dataset/db/db5fc7b0e9a65dfb75a3acf8c7d00b06392199c256dfeb6d2bfceb421d686138.json,raw_reports/benign/db5fc7b0e9a65dfb75a3acf8c7d00b06392199c256dfeb6d2bfceb421d686138.json,62,8,1.0,0,0.0,0.6666666666666666,1,3,1.0
859,db81e987840b5d2629dca10abca7f3972d1faec53d777258e2228f4eff077726,benign,,2015,Amd64,0,6.2496019641347,DLL,RanDS_Behaviour_Activity_Dataset/dataset/db/db81e987840b5d2629dca10abca7f3972d1faec53d777258e2228f4eff077726.json,raw_reports/benign/db81e987840b5d2629dca10abca7f3972d1faec53d777258e2228f4eff077726.json,311,8,1.0,13,0.04180064308681672,0.7777777777777778,3,2,1.0
860,dbee63491f605076125b0ce79e3d450adaef64e816dadbed11246140a3ec5dac,benign,,2024,Amd64,0,5.9739512561461,DLL,RanDS_Behaviour_Activity_Dataset/dataset/db/dbee63491f605076125b0ce79e3d450adaef64e816dadbed11246140a3ec5dac.json,raw_reports/benign/dbee63491f605076125b0ce79e3d450adaef64e816dadbed11246140a3ec5dac.json,453,13,1.0,29,0.0640176600441501,1.0,6,0,1.0
861,dc0100645332d4ffeadc02c3baa2d708b2f2c0695ea5602a79cfdd8a41cc6cc4,benign,,2015,I386,1,7.0134318804266,DLL,RanDS_Behaviour_Activity_Dataset/dataset/dc/dc0100645332d4ffeadc02c3baa2d708b2f2c0695ea5602a79cfdd8a41cc6cc4.json,raw_reports/benign/dc0100645332d4ffeadc02c3baa2d708b2f2c0695ea5602a79cfdd8a41cc6cc4.json,425,10,1.0,6,0.01411764705882353,1.0,6,0,1.0
862,dc4268071e1c421aa95489b6df3713ffb69a2e081b923d84d3d07f377862f9cd,benign,,2023,Amd64,0,5.9866685089234,DLL,RanDS_Behaviour_Activity_Dataset/dataset/dc/dc4268071e1c421aa95489b6df3713ffb69a2e081b923d84d3d07f377862f9cd.json,raw_reports/benign/dc4268071e1c421aa95489b6df3713ffb69a2e081b923d84d3d07f377862f9cd.json,408,11,1.0,23,0.056372549019607844,1.0,6,0,1.0
863,dc7eb44a9198790d5da4519a57fe3fe681f8f7cb990fe501b7610bf4eeb24c4a,benign,,2016,I386,0,5.5606682050286,EXE,RanDS_Behaviour_Activity_Dataset/dataset/dc/dc7eb44a9198790d5da4519a57fe3fe681f8f7cb990fe501b7610bf4eeb24c4a.json,raw_reports/benign/dc7eb44a9198790d5da4519a57fe3fe681f8f7cb990fe501b7610bf4eeb24c4a.json,379,12,1.0,7,0.018469656992084433,1.0,4,0,1.0
864,dc8805a67fbaf846492c5908ef31c8dc5cfe440a4cc5a797c4eac2f006f53f22,benign,,2014,I386,1,7.2426057429707,EXE,RanDS_Behaviour_Activity_Dataset/dataset/dc/dc8805a67fbaf846492c5908ef31c8dc5cfe440a4cc5a797c4eac2f006f53f22.json,raw_reports/benign/dc8805a67fbaf846492c5908ef31c8dc5cfe440a4cc5a797c4eac2f006f53f22.json,415,9,1.0,0,0.0,0.6666666666666666,1,3,NA
865,dcb9b872c3dfd515468e559aa37b040c2216c221cc56f77d64f2ddc7f51c8bae,benign,,2024,Amd64,0,5.9084140197577,EXE,RanDS_Behaviour_Activity_Dataset/dataset/dc/dcb9b872c3dfd515468e559aa37b040c2216c221cc56f77d64f2ddc7f51c8bae.json,raw_reports/benign/dcb9b872c3dfd515468e559aa37b040c2216c221cc56f77d64f2ddc7f51c8bae.json,341,13,1.0,8,0.02346041055718475,1.0,4,0,1.0
866,dd35a3831efbdb7f8c258a6a6f89d6103104e62b99d00725f397da4a49c81920,benign,,2016,Amd64,0,5.5239555055275,DLL,RanDS_Behaviour_Activity_Dataset/dataset/dd/dd35a3831efbdb7f8c258a6a6f89d6103104e62b99d00725f397da4a49c81920.json,raw_reports/benign/dd35a3831efbdb7f8c258a6a6f89d6103104e62b99d00725f397da4a49c81920.json,258,7,0.875,4,0.015503875968992248,0.6666666666666666,1,3,1.0
867,dd93473c597dcb2f0a669e5cea4a0f1116443979e154f0fe94342b5e0f83a6b7,benign,,2016,I386,0,5.3879997695858,EXE,RanDS_Behaviour_Activity_Dataset/dataset/dd/dd93473c597dcb2f0a669e5cea4a0f1116443979e154f0fe94342b5e0f83a6b7.json,raw_reports/benign/dd93473c597dcb2f0a669e5cea4a0f1116443979e154f0fe94342b5e0f83a6b7.json,55,6,0.75,0,0.0,0.5555555555555556,1,4,NA
868,dda047d1e749911f6caa5ab90faa362400d2395121725c44c1b3e4b3b9af14b4,benign,,2024,I386,1,6.8510914652114,DLL,RanDS_Behaviour_Activity_Dataset/dataset/dd/dda047d1e749911f6caa5ab90faa362400d2395121725c44c1b3e4b3b9af14b4.json,raw_reports/benign/dda047d1e749911f6caa5ab90faa362400d2395121725c44c1b3e4b3b9af14b4.json,292,9,1.0,38,0.13013698630136986,1.0,4,0,1.0
869,dea727daa6879d8da37dc67d822dfee14a16e28c40ed2d773cda639417116ee3,benign,,2024,Amd64,0,6.0193735023655,DLL,RanDS_Behaviour_Activity_Dataset/dataset/de/dea727daa6879d8da37dc67d822dfee14a16e28c40ed2d773cda639417116ee3.json,raw_reports/benign/dea727daa6879d8da37dc67d822dfee14a16e28c40ed2d773cda639417116ee3.json,277,11,1.0,18,0.06498194945848375,1.0,5,0,1.0
870,dec7ee853a20c7674e5169c42c2fce2f01fbcf888e70ea8b5e8909ee7bf323b8,benign,,2015,Amd64,0,5.9934922411136,DLL,RanDS_Behaviour_Activity_Dataset/dataset/de/dec7ee853a20c7674e5169c42c2fce2f01fbcf888e70ea8b5e8909ee7bf323b8.json,raw_reports/benign/dec7ee853a20c7674e5169c42c2fce2f01fbcf888e70ea8b5e8909ee7bf323b8.json,100,8,1.0,13,0.13,1.0,4,0,1.0
871,defa772f7b08ade3fcc4fdede14fd388e32e7395f44e67e3dab2cd26e417d5c9,benign,,2009,I386,0,5.5354345079785,EXE,RanDS_Behaviour_Activity_Dataset/dataset/de/defa772f7b08ade3fcc4fdede14fd388e32e7395f44e67e3dab2cd26e417d5c9.json,raw_reports/benign/defa772f7b08ade3fcc4fdede14fd388e32e7395f44e67e3dab2cd26e417d5c9.json,39,8,1.0,7,0.1794871794871795,0.8888888888888888,2,1,1.0
872,df1751e51b2f6cb3511eaa049226c3a4c3395b93ca8fb867baa66069985e9b89,benign,,2023,Amd64,0,6.4081867776572,DLL,RanDS_Behaviour_Activity_Dataset/dataset/df/df1751e51b2f6cb3511eaa049226c3a4c3395b93ca8fb867baa66069985e9b89.json,raw_reports/benign/df1751e51b2f6cb3511eaa049226c3a4c3395b93ca8fb867baa66069985e9b89.json,100,6,0.75,14,0.14,1.0,4,0,1.0
873,df986a0c160898e2c5dd946a9adb7ecdd4018ab1496b0d88e088e02c52f539f3,benign,,2025,Amd64,0,6.2635011945859,DLL,RanDS_Behaviour_Activity_Dataset/dataset/df/df986a0c160898e2c5dd946a9adb7ecdd4018ab1496b0d88e088e02c52f539f3.json,raw_reports/benign/df986a0c160898e2c5dd946a9adb7ecdd4018ab1496b0d88e088e02c52f539f3.json,99,8,1.0,12,0.12121212121212122,1.0,4,0,1.0
874,dfa83db7322985116be6343df77ae543e9f8a6274576e8b56bf2d4524bbcd3a0,benign,,2011,I386,0,6.4267352180548,DLL,RanDS_Behaviour_Activity_Dataset/dataset/df/dfa83db7322985116be6343df77ae543e9f8a6274576e8b56bf2d4524bbcd3a0.json,raw_reports/benign/dfa83db7322985116be6343df77ae543e9f8a6274576e8b56bf2d4524bbcd3a0.json,373,8,1.0,5,0.013404825737265416,0.7777777777777778,6,2,1.0
875,e0643d769c0ca8f52b0810620e3b46252da708f6352302b9529f4905205486eb,benign,,2015,Amd64,0,5.8855891566113,DLL,RanDS_Behaviour_Activity_Dataset/dataset/e0/e0643d769c0ca8f52b0810620e3b46252da708f6352302b9529f4905205486eb.json,raw_reports/benign/e0643d769c0ca8f52b0810620e3b46252da708f6352302b9529f4905205486eb.json,127,8,1.0,12,0.09448818897637795,1.0,4,0,1.0
876,e08991a20cd9fdc43a66db771f9161decb4355b78481eefc3d8dc3f0f4230df0,benign,,2009,I386,0,5.5039316228961,EXE,RanDS_Behaviour_Activity_Dataset/dataset/e0/e08991a20cd9fdc43a66db771f9161decb4355b78481eefc3d8dc3f0f4230df0.json,raw_reports/benign/e08991a20cd9fdc43a66db771f9161decb4355b78481eefc3d8dc3f0f4230df0.json,102,9,1.0,12,0.11764705882352941,1.0,2,0,1.0
877,e092e535cb1c4d388c3fc5459880079ef6e7381b4dbbe1f3f5d4388664dc51a3,benign,,2013,I386,0,6.3006793510846,EXE,RanDS_Behaviour_Activity_Dataset/dataset/e0/e092e535cb1c4d388c3fc5459880079ef6e7381b4dbbe1f3f5d4388664dc51a3.json,raw_reports/benign/e092e535cb1c4d388c3fc5459880079ef6e7381b4dbbe1f3f5d4388664dc51a3.json,550,14,1.0,14,0.025454545454545455,1.0,5,0,1.0
878,e0bdca6c043ccdafcdc8ecf3c7b82ab0cee22fc3521eb35423a77a1df8f7fc90,benign,,2020,I386,0,3.1901429241901,DLL,RanDS_Behaviour_Activity_Dataset/dataset/e0/e0bdca6c043ccdafcdc8ecf3c7b82ab0cee22fc3521eb35423a77a1df8f7fc90.json,raw_reports/benign/e0bdca6c043ccdafcdc8ecf3c7b82ab0cee22fc3521eb35423a77a1df8f7fc90.json,338,10,1.0,13,0.038461538461538464,1.0,5,0,1.0
879,e0d40108780ae1ba97254aa7e2ebb8d69a404fc6a2ac2c322e5c9de7399ba051,benign,,2010,I386,0,5.9475387093017,EXE,RanDS_Behaviour_Activity_Dataset/dataset/e0/e0d40108780ae1ba97254aa7e2ebb8d69a404fc6a2ac2c322e5c9de7399ba051.json,raw_reports/benign/e0d40108780ae1ba97254aa7e2ebb8d69a404fc6a2ac2c322e5c9de7399ba051.json,66,9,1.0,5,0.07575757575757576,1.0,2,0,1.0
880,e14ee76812c19c75bb7af8895b40d63f0f6cae711002052e3aa68ae27f7b7468,benign,,2025,Amd64,1,6.5773690071484,DLL,RanDS_Behaviour_Activity_Dataset/dataset/e1/e14ee76812c19c75bb7af8895b40d63f0f6cae711002052e3aa68ae27f7b7468.json,raw_reports/benign/e14ee76812c19c75bb7af8895b40d63f0f6cae711002052e3aa68ae27f7b7468.json,626,13,1.0,12,0.019169329073482427,1.0,8,0,1.0
881,e1891982e5b2238ccdab5ab1a44b0202f395fe63cc0be642745c349da36c71c7,benign,,2024,Amd64,0,6.1098698869669,DLL,RanDS_Behaviour_Activity_Dataset/dataset/e1/e1891982e5b2238ccdab5ab1a44b0202f395fe63cc0be642745c349da36c71c7.json,raw_reports/benign/e1891982e5b2238ccdab5ab1a44b0202f395fe63cc0be642745c349da36c71c7.json,275,9,1.0,17,0.06181818181818182,1.0,5,0,1.0
882,e23f9ce7f8b7dd4f1adbb63913d9ccc2d3f91a93e767bb26e0d7a1fdbcbf85b9,benign,,2019,Amd64,1,6.580353249068,DLL,RanDS_Behaviour_Activity_Dataset/dataset/e2/e23f9ce7f8b7dd4f1adbb63913d9ccc2d3f91a93e767bb26e0d7a1fdbcbf85b9.json,raw_reports/benign/e23f9ce7f8b7dd4f1adbb63913d9ccc2d3f91a93e767bb26e0d7a1fdbcbf85b9.json,316,11,1.0,16,0.05063291139240506,1.0,6,0,1.0
883,e25f811df4ec8864eb6c6995313502c6149fe2cc9ffca379a67feac2c4a3a1e4,benign,,2024,Amd64,0,6.1537037426424,DLL,RanDS_Behaviour_Activity_Dataset/dataset/e2/e25f811df4ec8864eb6c6995313502c6149fe2cc9ffca379a67feac2c4a3a1e4.json,raw_reports/benign/e25f811df4ec8864eb6c6995313502c6149fe2cc9ffca379a67feac2c4a3a1e4.json,83,6,0.75,21,0.25301204819277107,1.0,4,0,1.0
884,e29835e30a82311d856dc8ac8ba70b5f10f9cd6465a76a0f6423ed1b36dad744,benign,,2015,I386,0,6.4885050424902,EXE,RanDS_Behaviour_Activity_Dataset/dataset/e2/e29835e30a82311d856dc8ac8ba70b5f10f9cd6465a76a0f6423ed1b36dad744.json,raw_reports/benign/e29835e30a82311d856dc8ac8ba70b5f10f9cd6465a76a0f6423ed1b36dad744.json,224,13,1.0,13,0.05803571428571429,1.0,2,0,1.0
885,e2d40bc51caa147ebceb9898d3d75540cef83376e088942d289cd58ffae654de,benign,,2010,I386,0,5.613837797623,DLL,RanDS_Behaviour_Activity_Dataset/dataset/e2/e2d40bc51caa147ebceb9898d3d75540cef83376e088942d289cd58ffae654de.json,raw_reports/benign/e2d40bc51caa147ebceb9898d3d75540cef83376e088942d289cd58ffae654de.json,305,8,1.0,10,0.03278688524590164,1.0,5,0,1.0
886,e325afb79d978c98b096c8f02e80328871d7be2b7a27d373b21a1cf357c1d023,benign,,2021,I386,1,6.7037340859408,EXE,RanDS_Behaviour_Activity_Dataset/dataset/e3/e325afb79d978c98b096c8f02e80328871d7be2b7a27d373b21a1cf357c1d023.json,raw_reports/benign/e325afb79d978c98b096c8f02e80328871d7be2b7a27d373b21a1cf357c1d023.json,48,9,1.0,0,0.0,0.8888888888888888,2,1,1.0
887,e378091ff7a969b7b515ddb3bcdb820ee064a1a996e6c11eec08a640502a4d5e,benign,,2014,I386,1,7.9114790724249,EXE,RanDS_Behaviour_Activity_Dataset/dataset/e3/e378091ff7a969b7b515ddb3bcdb820ee064a1a996e6c11eec08a640502a4d5e.json,raw_reports/benign/e378091ff7a969b7b515ddb3bcdb820ee064a1a996e6c11eec08a640502a4d5e.json,644,13,1.0,6,0.009316770186335404,1.0,3,0,1.0
888,e4275eb60d82c9cbcee190171bff50aafc0984cb5d796c1acd8282732e95be0d,benign,,2017,I386,0,3.7864914585358,EXE,RanDS_Behaviour_Activity_Dataset/dataset/e4/e4275eb60d82c9cbcee190171bff50aafc0984cb5d796c1acd8282732e95be0d.json,raw_reports/benign/e4275eb60d82c9cbcee190171bff50aafc0984cb5d796c1acd8282732e95be0d.json,95,6,0.75,0,0.0,0.5555555555555556,1,4,NA
889,e462f4c4fff915c6fa742e218a254e5a3d5d051eadf5292b649904f602ce7f8e,benign,,2024,Amd64,0,6.1638128113228,DLL,RanDS_Behaviour_Activity_Dataset/dataset/e4/e462f4c4fff915c6fa742e218a254e5a3d5d051eadf5292b649904f602ce7f8e.json,raw_reports/benign/e462f4c4fff915c6fa742e218a254e5a3d5d051eadf5292b649904f602ce7f8e.json,428,13,1.0,16,0.037383177570093455,1.0,6,0,1.0
890,e544f5218102bc9557a75293461f8550a42471f1e77b7a64fb9cf53eb45ca3a4,benign,,2011,Amd64,0,6.442951348963,DLL,RanDS_Behaviour_Activity_Dataset/dataset/e5/e544f5218102bc9557a75293461f8550a42471f1e77b7a64fb9cf53eb45ca3a4.json,raw_reports/benign/e544f5218102bc9557a75293461f8550a42471f1e77b7a64fb9cf53eb45ca3a4.json,518,11,1.0,11,0.021235521235521235,1.0,6,0,1.0
891,e58771a5a611292297cbb7e69be2fbdce01f5d96b02ac0e33ee9bcb1abfc3b6d,benign,,2015,I386,0,6.0579706433667,EXE,RanDS_Behaviour_Activity_Dataset/dataset/e5/e58771a5a611292297cbb7e69be2fbdce01f5d96b02ac0e33ee9bcb1abfc3b6d.json,raw_reports/benign/e58771a5a611292297cbb7e69be2fbdce01f5d96b02ac0e33ee9bcb1abfc3b6d.json,29,8,1.0,6,0.20689655172413793,0.7777777777777778,1,2,1.0
892,e5c6eb60211ec6b21425f7cd63d597109dfd4c867b5645b52d05684be59097fd,benign,,2013,Amd64,0,6.1907151271826,EXE,RanDS_Behaviour_Activity_Dataset/dataset/e5/e5c6eb60211ec6b21425f7cd63d597109dfd4c867b5645b52d05684be59097fd.json,raw_reports/benign/e5c6eb60211ec6b21425f7cd63d597109dfd4c867b5645b52d05684be59097fd.json,30,8,1.0,6,0.2,0.8888888888888888,2,1,1.0
893,e5dc5e613bac33e208e252ed2e13c4852b4e93bbcac1097515e635729b43da5c,benign,,2024,Amd64,0,3.9224493650162,DLL,RanDS_Behaviour_Activity_Dataset/dataset/e5/e5dc5e613bac33e208e252ed2e13c4852b4e93bbcac1097515e635729b43da5c.json,raw_reports/benign/e5dc5e613bac33e208e252ed2e13c4852b4e93bbcac1097515e635729b43da5c.json,119,8,1.0,9,0.07563025210084033,1.0,6,0,1.0
894,e5e3d5a20b6ad52f6a65c06b23217907f1507acbdc75ef09d4d49346478baf28,benign,,2023,Amd64,0,6.3544384453064,DLL,RanDS_Behaviour_Activity_Dataset/dataset/e5/e5e3d5a20b6ad52f6a65c06b23217907f1507acbdc75ef09d4d49346478baf28.json,raw_reports/benign/e5e3d5a20b6ad52f6a65c06b23217907f1507acbdc75ef09d4d49346478baf28.json,303,8,1.0,7,0.0231023102310231,0.7777777777777778,3,2,1.0
895,e5f60b147cd4ad35ddae8cdc991baf5f47394d21df11b3fae610a118df764a01,benign,,2011,I386,0,5.6995822902179,EXE,RanDS_Behaviour_Activity_Dataset/dataset/e5/e5f60b147cd4ad35ddae8cdc991baf5f47394d21df11b3fae610a118df764a01.json,raw_reports/benign/e5f60b147cd4ad35ddae8cdc991baf5f47394d21df11b3fae610a118df764a01.json,76,8,1.0,0,0.0,0.6666666666666666,1,3,NA
896,e6be428539c0c279276180b507857262a2995d17f0bd6ca4b1346208527014df,benign,,2010,Amd64,0,6.1190988844357,DLL,RanDS_Behaviour_Activity_Dataset/dataset/e6/e6be428539c0c279276180b507857262a2995d17f0bd6ca4b1346208527014df.json,raw_reports/benign/e6be428539c0c279276180b507857262a2995d17f0bd6ca4b1346208527014df.json,220,9,1.0,12,0.05454545454545454,1.0,5,0,1.0
897,e6c9c88491ef6fb4b4dafac3276c8e2a3b2bc3c4d7825f4eaa3ac99e1801195b,benign,,2018,Amd64,0,5.9965611668842,EXE,RanDS_Behaviour_Activity_Dataset/dataset/e6/e6c9c88491ef6fb4b4dafac3276c8e2a3b2bc3c4d7825f4eaa3ac99e1801195b.json,raw_reports/benign/e6c9c88491ef6fb4b4dafac3276c8e2a3b2bc3c4d7825f4eaa3ac99e1801195b.json,182,4,0.5,3,0.016483516483516484,0.4444444444444444,3,5,1.0
898,e729081e161dbc018dc05c4ac015a33f7351615ea894f81c2cdf9452da69d738,benign,,2024,Amd64,1,7.2423855862382,DLL,RanDS_Behaviour_Activity_Dataset/dataset/e7/e729081e161dbc018dc05c4ac015a33f7351615ea894f81c2cdf9452da69d738.json,raw_reports/benign/e729081e161dbc018dc05c4ac015a33f7351615ea894f81c2cdf9452da69d738.json,441,12,1.0,27,0.061224489795918366,1.0,5,0,1.0
899,e734f711d198322ee835e7e89ea5c901a2ba1349062aaa117842aa317aba0b40,benign,,2024,Amd64,0,5.8989128907472,DLL,RanDS_Behaviour_Activity_Dataset/dataset/e7/e734f711d198322ee835e7e89ea5c901a2ba1349062aaa117842aa317aba0b40.json,raw_reports/benign/e734f711d198322ee835e7e89ea5c901a2ba1349062aaa117842aa317aba0b40.json,500,12,1.0,15,0.03,1.0,6,0,1.0
900,e78bffba00ce07722ce328d14ad00e010bcb7c2cb7e15660eddb59b1b2d67305,benign,,2010,Amd64,0,4.4207451138042,DLL,RanDS_Behaviour_Activity_Dataset/dataset/e7/e78bffba00ce07722ce328d14ad00e010bcb7c2cb7e15660eddb59b1b2d67305.json,raw_reports/benign/e78bffba00ce07722ce328d14ad00e010bcb7c2cb7e15660eddb59b1b2d67305.json,312,11,1.0,11,0.035256410256410256,1.0,6,0,1.0
901,e810eab98d29f4a940285b5c77119877f85d1d4f86727df617c88fb20ff97c58,benign,,2009,I386,0,5.2799629396439,DLL,RanDS_Behaviour_Activity_Dataset/dataset/e8/e810eab98d29f4a940285b5c77119877f85d1d4f86727df617c88fb20ff97c58.json,raw_reports/benign/e810eab98d29f4a940285b5c77119877f85d1d4f86727df617c88fb20ff97c58.json,143,6,0.75,16,0.11188811188811189,1.0,4,0,1.0
902,e82ed228ed0ce5b6785962b38394ce085418725babfed7313ee683606b6dd3b4,benign,,2022,Amd64,0,6.4448347968312,DLL,RanDS_Behaviour_Activity_Dataset/dataset/e8/e82ed228ed0ce5b6785962b38394ce085418725babfed7313ee683606b6dd3b4.json,raw_reports/benign/e82ed228ed0ce5b6785962b38394ce085418725babfed7313ee683606b6dd3b4.json,78,8,1.0,13,0.16666666666666666,1.0,4,0,1.0
903,e848994a2efe3609de7e378d37e7aeb961804e0d12393e389c050add0c88fda6,benign,,2024,Amd64,0,5.7183119459055,DLL,RanDS_Behaviour_Activity_Dataset/dataset/e8/e848994a2efe3609de7e378d37e7aeb961804e0d12393e389c050add0c88fda6.json,raw_reports/benign/e848994a2efe3609de7e378d37e7aeb961804e0d12393e389c050add0c88fda6.json,515,13,1.0,35,0.06796116504854369,1.0,7,0,1.0
904,e84f573534c0ac02c9d3329a09f31e594a782fe9befb69dfa337d5505135d694,benign,,2010,I386,0,6.4453198671725,EXE,RanDS_Behaviour_Activity_Dataset/dataset/e8/e84f573534c0ac02c9d3329a09f31e594a782fe9befb69dfa337d5505135d694.json,raw_reports/benign/e84f573534c0ac02c9d3329a09f31e594a782fe9befb69dfa337d5505135d694.json,56,5,0.625,0,0.0,0.1111111111111111,1,8,NA
905,e8bbe310dabc63245f06bdee1d2fc9888eaf3bae7b1eea9c78625f3f07124800,benign,,2025,I386,1,6.5791497906474,DLL,RanDS_Behaviour_Activity_Dataset/dataset/e8/e8bbe310dabc63245f06bdee1d2fc9888eaf3bae7b1eea9c78625f3f07124800.json,raw_reports/benign/e8bbe310dabc63245f06bdee1d2fc9888eaf3bae7b1eea9c78625f3f07124800.json,406,11,1.0,17,0.04187192118226601,1.0,5,0,1.0
906,e9501bd3899c05167ab3d6cde455e7c81bc4bd138314207f3cdfe910b21358ae,benign,,2023,I386,1,6.604486945939,DLL,RanDS_Behaviour_Activity_Dataset/dataset/e9/e9501bd3899c05167ab3d6cde455e7c81bc4bd138314207f3cdfe910b21358ae.json,raw_reports/benign/e9501bd3899c05167ab3d6cde455e7c81bc4bd138314207f3cdfe910b21358ae.json,429,9,1.0,4,0.009324009324009324,0.8888888888888888,5,1,1.0
907,e95362f3d35632dfc0f9124e2b79f76e1c729ba3857c0827958b649f5eed25e4,benign,,2020,I386,0,5.4187915378897,DLL,RanDS_Behaviour_Activity_Dataset/dataset/e9/e95362f3d35632dfc0f9124e2b79f76e1c729ba3857c0827958b649f5eed25e4.json,raw_reports/benign/e95362f3d35632dfc0f9124e2b79f76e1c729ba3857c0827958b649f5eed25e4.json,398,8,1.0,7,0.017587939698492462,0.7777777777777778,6,2,1.0
908,e9e08a225fd2b0e405fcdf941ab801a392c730b21a960012af5da583731e2586,benign,,2019,Amd64,0,6.2592233990303,DLL,RanDS_Behaviour_Activity_Dataset/dataset/e9/e9e08a225fd2b0e405fcdf941ab801a392c730b21a960012af5da583731e2586.json,raw_reports/benign/e9e08a225fd2b0e405fcdf941ab801a392c730b21a960012af5da583731e2586.json,335,8,1.0,16,0.04776119402985075,1.0,6,0,1.0
909,ea12f872f99c93644c1ad3117fdbfd6a23631e2cc1770a21bbc8f673e1a2d414,benign,,2014,Amd64,0,6.4686364673696,DLL,RanDS_Behaviour_Activity_Dataset/dataset/ea/ea12f872f99c93644c1ad3117fdbfd6a23631e2cc1770a21bbc8f673e1a2d414.json,raw_reports/benign/ea12f872f99c93644c1ad3117fdbfd6a23631e2cc1770a21bbc8f673e1a2d414.json,597,10,1.0,21,0.035175879396984924,1.0,6,0,1.0
910,ea1a2603e424dffe59b80f8669768eed8bb59f15e954ee42221584b62b5fad8c,benign,,2015,I386,1,6.512470325932,DLL,RanDS_Behaviour_Activity_Dataset/dataset/ea/ea1a2603e424dffe59b80f8669768eed8bb59f15e954ee42221584b62b5fad8c.json,raw_reports/benign/ea1a2603e424dffe59b80f8669768eed8bb59f15e954ee42221584b62b5fad8c.json,73,6,0.75,2,0.0273972602739726,0.7777777777777778,1,2,NA
911,ea80b5fc2cc98eea5376f3ef1b1de3c447550ae5ee3c7cc8dfbbe9310c288880,benign,,2020,I386,0,5.6622195199189,EXE,RanDS_Behaviour_Activity_Dataset/dataset/ea/ea80b5fc2cc98eea5376f3ef1b1de3c447550ae5ee3c7cc8dfbbe9310c288880.json,raw_reports/benign/ea80b5fc2cc98eea5376f3ef1b1de3c447550ae5ee3c7cc8dfbbe9310c288880.json,92,10,1.0,11,0.11956521739130435,1.0,2,0,1.0
912,eaa859a1ba282f12179f1a045cfd09e93b037323d506bf2e858c1d0338f6c144,benign,,2018,I386,1,7.3390853134458,EXE,RanDS_Behaviour_Activity_Dataset/dataset/ea/eaa859a1ba282f12179f1a045cfd09e93b037323d506bf2e858c1d0338f6c144.json,raw_reports/benign/eaa859a1ba282f12179f1a045cfd09e93b037323d506bf2e858c1d0338f6c144.json,164,7,0.875,0,0.0,0.5555555555555556,2,4,NA
913,eaba99f4fc722276267f3e36b7ce6f906340ce2ec70ecd061a3e3b795ad8ca77,benign,,2024,Amd64,0,2.2297745245385,DLL,RanDS_Behaviour_Activity_Dataset/dataset/ea/eaba99f4fc722276267f3e36b7ce6f906340ce2ec70ecd061a3e3b795ad8ca77.json,raw_reports/benign/eaba99f4fc722276267f3e36b7ce6f906340ce2ec70ecd061a3e3b795ad8ca77.json,97,8,1.0,17,0.17525773195876287,1.0,4,0,1.0
914,eafb4658a664af3a018b136f56c6343ac5b85eaa9a3e4b34ce7e52e615545ad8,benign,,2011,I386,0,4.5654594502608,DLL,RanDS_Behaviour_Activity_Dataset/dataset/ea/eafb4658a664af3a018b136f56c6343ac5b85eaa9a3e4b34ce7e52e615545ad8.json,raw_reports/benign/eafb4658a664af3a018b136f56c6343ac5b85eaa9a3e4b34ce7e52e615545ad8.json,76,6,0.75,4,0.05263157894736842,0.7777777777777778,3,2,1.0
915,eb5b57980fe222d019aaab4553f2ed58681d7f2a9323d668500b8d406d885349,benign,,2012,I386,0,2.4810934589079,EXE,RanDS_Behaviour_Activity_Dataset/dataset/eb/eb5b57980fe222d019aaab4553f2ed58681d7f2a9323d668500b8d406d885349.json,raw_reports/benign/eb5b57980fe222d019aaab4553f2ed58681d7f2a9323d668500b8d406d885349.json,821,15,1.0,9,0.010962241169305725,1.0,5,0,1.0
916,eb76e1419664350c618a227388ecdf49548d371d57ee22b8b82ee3d9791cd2f1,benign,,2022,I386,0,4.9120162224908,EXE,RanDS_Behaviour_Activity_Dataset/dataset/eb/eb76e1419664350c618a227388ecdf49548d371d57ee22b8b82ee3d9791cd2f1.json,raw_reports/benign/eb76e1419664350c618a227388ecdf49548d371d57ee22b8b82ee3d9791cd2f1.json,281,10,1.0,4,0.014234875444839857,1.0,2,0,NA
917,eb9f664bd794e699cbd6e2b30288534d3ab582f7d5b29b72edcf7da1e0d935ed,benign,,2014,I386,0,4.6096698859947,EXE,RanDS_Behaviour_Activity_Dataset/dataset/eb/eb9f664bd794e699cbd6e2b30288534d3ab582f7d5b29b72edcf7da1e0d935ed.json,raw_reports/benign/eb9f664bd794e699cbd6e2b30288534d3ab582f7d5b29b72edcf7da1e0d935ed.json,1131,15,1.0,9,0.007957559681697613,1.0,3,0,1.0
918,ebb534c4829477c70062adbb5626236b02fe563a544c53fa255e79f3ca170fe8,benign,,2009,I386,0,6.2817964840614,EXE,RanDS_Behaviour_Activity_Dataset/dataset/eb/ebb534c4829477c70062adbb5626236b02fe563a544c53fa255e79f3ca170fe8.json,raw_reports/benign/ebb534c4829477c70062adbb5626236b02fe563a544c53fa255e79f3ca170fe8.json,115,11,1.0,9,0.0782608695652174,1.0,3,0,1.0
919,ebfb5b98cc142c28dce95ea05d46d36abfbab4568d16a8bfae31091744339806,benign,,2024,Amd64,0,6.1020348804136,DLL,RanDS_Behaviour_Activity_Dataset/dataset/eb/ebfb5b98cc142c28dce95ea05d46d36abfbab4568d16a8bfae31091744339806.json,raw_reports/benign/ebfb5b98cc142c28dce95ea05d46d36abfbab4568d16a8bfae31091744339806.json,273,10,1.0,20,0.07326007326007326,1.0,5,0,1.0
920,ec463282e340a206ecbb40f12d11026ad0f2177f63d09d6babb97a914c400692,benign,,2018,I386,0,6.355069010518,EXE,RanDS_Behaviour_Activity_Dataset/dataset/ec/ec463282e340a206ecbb40f12d11026ad0f2177f63d09d6babb97a914c400692.json,raw_reports/benign/ec463282e340a206ecbb40f12d11026ad0f2177f63d09d6babb97a914c400692.json,71,7,0.875,0,0.0,0.5555555555555556,1,4,NA
921,ec6e0d7f48514226ac44859de49cd7c71620dbf7a3a4cd4f8f6ad161d82f0f53,benign,,2023,Amd64,0,6.4764802437582,EXE,RanDS_Behaviour_Activity_Dataset/dataset/ec/ec6e0d7f48514226ac44859de49cd7c71620dbf7a3a4cd4f8f6ad161d82f0f53.json,raw_reports/benign/ec6e0d7f48514226ac44859de49cd7c71620dbf7a3a4cd4f8f6ad161d82f0f53.json,85,10,1.0,8,0.09411764705882353,1.0,2,0,1.0
922,ecb636b278261eade712e68ec7d805d20e802628248da872d3d0ada1432ffc11,benign,,2014,I386,0,6.02587406646,EXE,RanDS_Behaviour_Activity_Dataset/dataset/ec/ecb636b278261eade712e68ec7d805d20e802628248da872d3d0ada1432ffc11.json,raw_reports/benign/ecb636b278261eade712e68ec7d805d20e802628248da872d3d0ada1432ffc11.json,1167,13,1.0,15,0.012853470437017995,1.0,5,0,1.0
923,ecc1f92f46fe8fc10075f14ac4feaa9baa0e2fdf49e693230c5077d408cafa70,benign,,2012,I386,0,6.2170184551906,EXE,RanDS_Behaviour_Activity_Dataset/dataset/ec/ecc1f92f46fe8fc10075f14ac4feaa9baa0e2fdf49e693230c5077d408cafa70.json,raw_reports/benign/ecc1f92f46fe8fc10075f14ac4feaa9baa0e2fdf49e693230c5077d408cafa70.json,74,5,0.625,0,0.0,0.1111111111111111,1,8,1.0
924,ecdd155fc505b4d519b1fd1b22763ca7442ad98a49abe997214cf08446b606ca,benign,,2015,Amd64,0,5.9930920190476,DLL,RanDS_Behaviour_Activity_Dataset/dataset/ec/ecdd155fc505b4d519b1fd1b22763ca7442ad98a49abe997214cf08446b606ca.json,raw_reports/benign/ecdd155fc505b4d519b1fd1b22763ca7442ad98a49abe997214cf08446b606ca.json,352,7,0.875,7,0.019886363636363636,0.6666666666666666,3,3,1.0
925,ece77c6b2d2e90b423ea4aee9515d6b5253bdcb57eb881c798297962d3f25ca4,benign,,2014,I386,0,5.2285466873566,EXE,RanDS_Behaviour_Activity_Dataset/dataset/ec/ece77c6b2d2e90b423ea4aee9515d6b5253bdcb57eb881c798297962d3f25ca4.json,raw_reports/benign/ece77c6b2d2e90b423ea4aee9515d6b5253bdcb57eb881c798297962d3f25ca4.json,132,7,0.875,0,0.0,0.5555555555555556,1,4,NA
926,ee05a7de454b561b51d063913e084252f5f8f02868392eb93b5d0f01a364fe1e,benign,,2020,Amd64,0,4.9756242718608,DLL,RanDS_Behaviour_Activity_Dataset/dataset/ee/ee05a7de454b561b51d063913e084252f5f8f02868392eb93b5d0f01a364fe1e.json,raw_reports/benign/ee05a7de454b561b51d063913e084252f5f8f02868392eb93b5d0f01a364fe1e.json,342,11,1.0,13,0.038011695906432746,1.0,6,0,1.0
927,ee22ffe424a1c32e4e6632b59145099ea788e084bc5e9cfb5412397b92972c5d,benign,,2025,Amd64,0,6.4534782532095,DLL,RanDS_Behaviour_Activity_Dataset/dataset/ee/ee22ffe424a1c32e4e6632b59145099ea788e084bc5e9cfb5412397b92972c5d.json,raw_reports/benign/ee22ffe424a1c32e4e6632b59145099ea788e084bc5e9cfb5412397b92972c5d.json,328,11,1.0,9,0.027439024390243903,1.0,6,0,1.0
928,ee83f158fa3efafb3c7843a68a3303ae0b5ff2ed33ac364efece2af0fe142e12,benign,,2024,Amd64,0,5.7171999220251,EXE,RanDS_Behaviour_Activity_Dataset/dataset/ee/ee83f158fa3efafb3c7843a68a3303ae0b5ff2ed33ac364efece2af0fe142e12.json,raw_reports/benign/ee83f158fa3efafb3c7843a68a3303ae0b5ff2ed33ac364efece2af0fe142e12.json,264,7,0.875,3,0.011363636363636364,1.0,5,0,1.0
929,ee89c72ef79b7e2a9785d549cf44cb438a0d85594ef6ead27b5cd7d5c87b0233,benign,,2020,I386,1,7.9531208799592,EXE,RanDS_Behaviour_Activity_Dataset/dataset/ee/ee89c72ef79b7e2a9785d549cf44cb438a0d85594ef6ead27b5cd7d5c87b0233.json,raw_reports/benign/ee89c72ef79b7e2a9785d549cf44cb438a0d85594ef6ead27b5cd7d5c87b0233.json,270,13,1.0,26,0.0962962962962963,1.0,5,0,1.0
930,ef777579af3608a0a4071bca50966d1571f41eadab65c3da60cd7ab9844205c8,benign,,2009,I386,0,5.1709820196971,EXE,RanDS_Behaviour_Activity_Dataset/dataset/ef/ef777579af3608a0a4071bca50966d1571f41eadab65c3da60cd7ab9844205c8.json,raw_reports/benign/ef777579af3608a0a4071bca50966d1571f41eadab65c3da60cd7ab9844205c8.json,149,6,0.75,6,0.040268456375838924,0.8888888888888888,1,1,NA
931,ef7d15bb26f9ec97414b4da377a99ad4a7c28862b4038265a994c176f4616796,benign,,2023,Amd64,1,6.6388078893204,DLL,RanDS_Behaviour_Activity_Dataset/dataset/ef/ef7d15bb26f9ec97414b4da377a99ad4a7c28862b4038265a994c176f4616796.json,raw_reports/benign/ef7d15bb26f9ec97414b4da377a99ad4a7c28862b4038265a994c176f4616796.json,471,12,1.0,11,0.02335456475583864,1.0,5,0,1.0
932,efb1e6237926364158969a14105962ef4fbfdde67311711cc2e31340675996aa,benign,,2015,I386,0,5.839721143587,EXE,RanDS_Behaviour_Activity_Dataset/dataset/ef/efb1e6237926364158969a14105962ef4fbfdde67311711cc2e31340675996aa.json,raw_reports/benign/efb1e6237926364158969a14105962ef4fbfdde67311711cc2e31340675996aa.json,140,7,0.875,0,0.0,0.5555555555555556,2,4,NA
933,eff7907f4824452dc79000392e7e5d16084793d5aefb230f03e27358ac06afd8,benign,,2020,Amd64,0,6.4624633780228,DLL,RanDS_Behaviour_Activity_Dataset/dataset/ef/eff7907f4824452dc79000392e7e5d16084793d5aefb230f03e27358ac06afd8.json,raw_reports/benign/eff7907f4824452dc79000392e7e5d16084793d5aefb230f03e27358ac06afd8.json,288,11,1.0,17,0.059027777777777776,1.0,6,0,1.0
934,f0332055f8602d05d378a95ff9560cd7484e55aaaaf0e65a9ed936bbc98b9b53,benign,,2025,Amd64,0,5.8411639736588,DLL,RanDS_Behaviour_Activity_Dataset/dataset/f0/f0332055f8602d05d378a95ff9560cd7484e55aaaaf0e65a9ed936bbc98b9b53.json,raw_reports/benign/f0332055f8602d05d378a95ff9560cd7484e55aaaaf0e65a9ed936bbc98b9b53.json,531,13,1.0,22,0.04143126177024482,1.0,7,0,1.0
935,f04d7a2ab4d1ffed0ac7388d81e183643ae9d78d3950197aea701f6a71ad1e43,benign,,2024,I386,1,6.6601877622837,DLL,RanDS_Behaviour_Activity_Dataset/dataset/f0/f04d7a2ab4d1ffed0ac7388d81e183643ae9d78d3950197aea701f6a71ad1e43.json,raw_reports/benign/f04d7a2ab4d1ffed0ac7388d81e183643ae9d78d3950197aea701f6a71ad1e43.json,133,8,1.0,12,0.09022556390977443,1.0,4,0,1.0
936,f0629c083521def8c21945c7e876725d335f8c72e6d41d9529d22588f25eab47,benign,,2024,I386,1,6.6647134201816,DLL,RanDS_Behaviour_Activity_Dataset/dataset/f0/f0629c083521def8c21945c7e876725d335f8c72e6d41d9529d22588f25eab47.json,raw_reports/benign/f0629c083521def8c21945c7e876725d335f8c72e6d41d9529d22588f25eab47.json,151,6,0.75,13,0.08609271523178808,1.0,3,0,1.0
937,f15efcab1780fe7d784a3cd3798f147fa249e81b7ef9a494b85dc7fdab084734,benign,,2009,I386,0,6.2321148293473,DLL,RanDS_Behaviour_Activity_Dataset/dataset/f1/f15efcab1780fe7d784a3cd3798f147fa249e81b7ef9a494b85dc7fdab084734.json,raw_reports/benign/f15efcab1780fe7d784a3cd3798f147fa249e81b7ef9a494b85dc7fdab084734.json,493,12,1.0,14,0.028397565922920892,1.0,5,0,1.0
938,f1b0edd81f342a7d0e4a59bdf21074c1a1877495634eafaabacf3df775a52615,benign,,2019,I386,0,1.655798721302,EXE,RanDS_Behaviour_Activity_Dataset/dataset/f1/f1b0edd81f342a7d0e4a59bdf21074c1a1877495634eafaabacf3df775a52615.json,raw_reports/benign/f1b0edd81f342a7d0e4a59bdf21074c1a1877495634eafaabacf3df775a52615.json,205,8,1.0,0,0.0,0.6666666666666666,2,3,1.0
939,f1f3748137156f9d1c5465083d8d5e068e962e6815c29c50788e02f30de9faf1,benign,,2024,I386,1,6.6118805097318,DLL,RanDS_Behaviour_Activity_Dataset/dataset/f1/f1f3748137156f9d1c5465083d8d5e068e962e6815c29c50788e02f30de9faf1.json,raw_reports/benign/f1f3748137156f9d1c5465083d8d5e068e962e6815c29c50788e02f30de9faf1.json,521,14,1.0,28,0.053742802303262956,1.0,7,0,1.0
940,f2043ba9526cd55fe07fb3db913e8039f990d20445da555c4c5e753f752296f7,benign,,2010,I386,0,5.5303520481722,EXE,RanDS_Behaviour_Activity_Dataset/dataset/f2/f2043ba9526cd55fe07fb3db913e8039f990d20445da555c4c5e753f752296f7.json,raw_reports/benign/f2043ba9526cd55fe07fb3db913e8039f990d20445da555c4c5e753f752296f7.json,127,11,1.0,10,0.07874015748031496,1.0,2,0,1.0
941,f23ac6bc6f938a5362ba106cba89cf04fa0a3ed1a02af8424d9d23734949718d,benign,,2015,I386,1,7.0300486080139,EXE,RanDS_Behaviour_Activity_Dataset/dataset/f2/f23ac6bc6f938a5362ba106cba89cf04fa0a3ed1a02af8424d9d23734949718d.json,raw_reports/benign/f23ac6bc6f938a5362ba106cba89cf04fa0a3ed1a02af8424d9d23734949718d.json,584,10,1.0,3,0.005136986301369863,0.8888888888888888,3,1,1.0
942,f2af0c3ba2fee95ce1d69baf0f12c4201a6085f39182f969276abc9971a78981,benign,,2009,I386,0,6.2447940467909,EXE,RanDS_Behaviour_Activity_Dataset/dataset/f2/f2af0c3ba2fee95ce1d69baf0f12c4201a6085f39182f969276abc9971a78981.json,raw_reports/benign/f2af0c3ba2fee95ce1d69baf0f12c4201a6085f39182f969276abc9971a78981.json,96,10,1.0,7,0.07291666666666667,1.0,2,0,1.0
943,f2bc81d90141ddfdf05ac0e866c8e70145375681fe53d8fc64e643cb042f919f,benign,,2014,I386,0,6.059823433899,EXE,RanDS_Behaviour_Activity_Dataset/dataset/f2/f2bc81d90141ddfdf05ac0e866c8e70145375681fe53d8fc64e643cb042f919f.json,raw_reports/benign/f2bc81d90141ddfdf05ac0e866c8e70145375681fe53d8fc64e643cb042f919f.json,84,6,0.75,0,0.0,0.7777777777777778,1,2,1.0
944,f36481b33683428f842cffa9bab020cf20849891ea2e4f67f3bbaa631d61e369,benign,,2010,I386,0,5.5887181124395,DLL,RanDS_Behaviour_Activity_Dataset/dataset/f3/f36481b33683428f842cffa9bab020cf20849891ea2e4f67f3bbaa631d61e369.json,raw_reports/benign/f36481b33683428f842cffa9bab020cf20849891ea2e4f67f3bbaa631d61e369.json,537,11,1.0,13,0.024208566108007448,1.0,5,0,1.0
945,f372046de3e37e205c4f3fc5fb88e5d0c32f13a414abc7b9b7722804808b4e15,benign,,2014,I386,0,6.4665028846719,EXE,RanDS_Behaviour_Activity_Dataset/dataset/f3/f372046de3e37e205c4f3fc5fb88e5d0c32f13a414abc7b9b7722804808b4e15.json,raw_reports/benign/f372046de3e37e205c4f3fc5fb88e5d0c32f13a414abc7b9b7722804808b4e15.json,255,12,1.0,6,0.023529411764705882,1.0,2,0,1.0
946,f387790b38af92f6bd493ce18a406dbbf4164b39987ba9b047fe3bcfd5f5fbb3,benign,,2009,I386,0,5.9039138483548,EXE,RanDS_Behaviour_Activity_Dataset/dataset/f3/f387790b38af92f6bd493ce18a406dbbf4164b39987ba9b047fe3bcfd5f5fbb3.json,raw_reports/benign/f387790b38af92f6bd493ce18a406dbbf4164b39987ba9b047fe3bcfd5f5fbb3.json,186,15,1.0,5,0.026881720430107527,1.0,2,0,1.0
947,f4f6cb1fb8cf5f61e3b87b9347ee011c9e45617fbb5e0100685780cadb08e748,benign,,2012,I386,0,3.7323850587049,EXE,RanDS_Behaviour_Activity_Dataset/dataset/f4/f4f6cb1fb8cf5f61e3b87b9347ee011c9e45617fbb5e0100685780cadb08e748.json,raw_reports/benign/f4f6cb1fb8cf5f61e3b87b9347ee011c9e45617fbb5e0100685780cadb08e748.json,164,9,1.0,0,0.0,1.0,2,0,NA
948,f4fcdbc24353e96c912922ce39e04572552fd2d2010a83612f13a06f48999bcf,benign,,2013,I386,1,7.4375051898683,EXE,RanDS_Behaviour_Activity_Dataset/dataset/f4/f4fcdbc24353e96c912922ce39e04572552fd2d2010a83612f13a06f48999bcf.json,raw_reports/benign/f4fcdbc24353e96c912922ce39e04572552fd2d2010a83612f13a06f48999bcf.json,210,11,1.0,5,0.023809523809523808,1.0,2,0,1.0
949,f51c7675be8fe3df77207ada324235246b54c12d530765fc5a8da1ed39de2da6,benign,,2010,Amd64,0,5.5035112228373,EXE,RanDS_Behaviour_Activity_Dataset/dataset/f5/f51c7675be8fe3df77207ada324235246b54c12d530765fc5a8da1ed39de2da6.json,raw_reports/benign/f51c7675be8fe3df77207ada324235246b54c12d530765fc5a8da1ed39de2da6.json,53,8,1.0,8,0.1509433962264151,1.0,2,0,1.0
950,f5cd7de4b315f318d495c4e28292fa47b96640d044502131934190ec58f3d1d5,benign,,2011,I386,0,5.2627026418745,DLL,RanDS_Behaviour_Activity_Dataset/dataset/f5/f5cd7de4b315f318d495c4e28292fa47b96640d044502131934190ec58f3d1d5.json,raw_reports/benign/f5cd7de4b315f318d495c4e28292fa47b96640d044502131934190ec58f3d1d5.json,421,9,1.0,15,0.035629453681710214,1.0,6,0,1.0
951,f5f7b7a69a0fb9dc86daecd28242c6c56d62069a3e7b35b8cf436dcd5612aec6,benign,,2024,Amd64,0,6.1167246101903,DLL,RanDS_Behaviour_Activity_Dataset/dataset/f5/f5f7b7a69a0fb9dc86daecd28242c6c56d62069a3e7b35b8cf436dcd5612aec6.json,raw_reports/benign/f5f7b7a69a0fb9dc86daecd28242c6c56d62069a3e7b35b8cf436dcd5612aec6.json,281,11,1.0,17,0.060498220640569395,1.0,6,0,1.0
952,f6028eaa9a3e1be5a874991f36715cc1de68e8e708a65f596d3a209b73d382d4,benign,,2025,I386,0,6.4549975755297,DLL,RanDS_Behaviour_Activity_Dataset/dataset/f6/f6028eaa9a3e1be5a874991f36715cc1de68e8e708a65f596d3a209b73d382d4.json,raw_reports/benign/f6028eaa9a3e1be5a874991f36715cc1de68e8e708a65f596d3a209b73d382d4.json,151,10,1.0,7,0.046357615894039736,1.0,4,0,1.0
953,f68e2d18ae18f2b40849bebb0ab65a1a5094a6f544a9e6ec43d009e0c35b1e06,benign,,2010,Amd64,0,5.5028470169305,DLL,RanDS_Behaviour_Activity_Dataset/dataset/f6/f68e2d18ae18f2b40849bebb0ab65a1a5094a6f544a9e6ec43d009e0c35b1e06.json,raw_reports/benign/f68e2d18ae18f2b40849bebb0ab65a1a5094a6f544a9e6ec43d009e0c35b1e06.json,84,8,1.0,16,0.19047619047619047,1.0,4,0,1.0
954,f6939a1880516869260b383cc0805495c8e75b250e5c2767877c0c2e3d7c620e,benign,,2016,I386,0,6.0204059015467,EXE,RanDS_Behaviour_Activity_Dataset/dataset/f6/f6939a1880516869260b383cc0805495c8e75b250e5c2767877c0c2e3d7c620e.json,raw_reports/benign/f6939a1880516869260b383cc0805495c8e75b250e5c2767877c0c2e3d7c620e.json,45,6,0.75,4,0.08888888888888889,0.6666666666666666,0,3,NA
955,f7443fc06e9598ddfd8dd09f507f76b037c7bf3d08e9694f9d3abbd05e258bd3,benign,,2013,Amd64,0,5.7792474517988,EXE,RanDS_Behaviour_Activity_Dataset/dataset/f7/f7443fc06e9598ddfd8dd09f507f76b037c7bf3d08e9694f9d3abbd05e258bd3.json,raw_reports/benign/f7443fc06e9598ddfd8dd09f507f76b037c7bf3d08e9694f9d3abbd05e258bd3.json,103,11,1.0,14,0.13592233009708737,1.0,3,0,1.0
956,f78dbf54ae92dffc0524ea5d1b206c75a2b0646a52dcba08ec2c1d8ea9889eaf,benign,,2024,Amd64,0,5.9231676511677,DLL,RanDS_Behaviour_Activity_Dataset/dataset/f7/f78dbf54ae92dffc0524ea5d1b206c75a2b0646a52dcba08ec2c1d8ea9889eaf.json,raw_reports/benign/f78dbf54ae92dffc0524ea5d1b206c75a2b0646a52dcba08ec2c1d8ea9889eaf.json,270,12,1.0,14,0.05185185185185185,1.0,4,0,1.0
957,f8173eb806e14fc9385f79bc1fd4cc1455b6af4955fd292290b20f223d753587,benign,,2015,Amd64,0,5.6088101197312,DLL,RanDS_Behaviour_Activity_Dataset/dataset/f8/f8173eb806e14fc9385f79bc1fd4cc1455b6af4955fd292290b20f223d753587.json,raw_reports/benign/f8173eb806e14fc9385f79bc1fd4cc1455b6af4955fd292290b20f223d753587.json,101,8,1.0,12,0.1188118811881188,1.0,4,0,1.0
958,f81bf1bcb80985eacfd4782f73b78c15fbcf0b3b676082d003e703b72d03ea2f,benign,,2013,Amd64,0,5.4221763766688,DLL,RanDS_Behaviour_Activity_Dataset/dataset/f8/f81bf1bcb80985eacfd4782f73b78c15fbcf0b3b676082d003e703b72d03ea2f.json,raw_reports/benign/f81bf1bcb80985eacfd4782f73b78c15fbcf0b3b676082d003e703b72d03ea2f.json,112,8,1.0,13,0.11607142857142858,1.0,4,0,1.0
959,f8386d3216e563920b42694453800ae2d1dce8dfc56dbc48b9eff1e7db4cf93c,benign,,2015,I386,0,6.3907389791573,DLL,RanDS_Behaviour_Activity_Dataset/dataset/f8/f8386d3216e563920b42694453800ae2d1dce8dfc56dbc48b9eff1e7db4cf93c.json,raw_reports/benign/f8386d3216e563920b42694453800ae2d1dce8dfc56dbc48b9eff1e7db4cf93c.json,168,9,1.0,25,0.1488095238095238,1.0,4,0,1.0
960,f84fadd78a523195e8cfff529aeda376a123926c4429deefb806d1912ba054c8,benign,,2021,Amd64,0,5.8468512296407,EXE,RanDS_Behaviour_Activity_Dataset/dataset/f8/f84fadd78a523195e8cfff529aeda376a123926c4429deefb806d1912ba054c8.json,raw_reports/benign/f84fadd78a523195e8cfff529aeda376a123926c4429deefb806d1912ba054c8.json,139,13,1.0,28,0.2014388489208633,1.0,3,0,1.0
961,f85aff64122c8220a3a88a472fc8f6dae58bf1b05f987b8a33662651f4ebb42c,benign,,2025,Amd64,0,6.3747130684687,DLL,RanDS_Behaviour_Activity_Dataset/dataset/f8/f85aff64122c8220a3a88a472fc8f6dae58bf1b05f987b8a33662651f4ebb42c.json,raw_reports/benign/f85aff64122c8220a3a88a472fc8f6dae58bf1b05f987b8a33662651f4ebb42c.json,287,10,1.0,25,0.08710801393728224,1.0,7,0,1.0
962,f8628d50dbc520d3a96966f976d27ff5a99ec044e41ecda73762bcb7acdd2333,benign,,2022,I386,0,6.3266629701587,DLL,RanDS_Behaviour_Activity_Dataset/dataset/f8/f8628d50dbc520d3a96966f976d27ff5a99ec044e41ecda73762bcb7acdd2333.json,raw_reports/benign/f8628d50dbc520d3a96966f976d27ff5a99ec044e41ecda73762bcb7acdd2333.json,172,7,0.875,14,0.08139534883720931,1.0,5,0,1.0
963,f8b73f92b98ca6e82911f20ea93a090f921e051062f04e7d80cb76123b07e35a,benign,,2024,I386,1,6.8514570943167,DLL,RanDS_Behaviour_Activity_Dataset/dataset/f8/f8b73f92b98ca6e82911f20ea93a090f921e051062f04e7d80cb76123b07e35a.json,raw_reports/benign/f8b73f92b98ca6e82911f20ea93a090f921e051062f04e7d80cb76123b07e35a.json,320,10,1.0,29,0.090625,1.0,5,0,1.0
964,f9bd0923023fe7495b1a459a49b864c9ebbb7d88a9d336d1e147410d13709a98,benign,,2015,I386,1,6.5264904175168,EXE,RanDS_Behaviour_Activity_Dataset/dataset/f9/f9bd0923023fe7495b1a459a49b864c9ebbb7d88a9d336d1e147410d13709a98.json,raw_reports/benign/f9bd0923023fe7495b1a459a49b864c9ebbb7d88a9d336d1e147410d13709a98.json,157,9,1.0,36,0.22929936305732485,1.0,2,0,1.0
965,fa4f4e5ca35bdf4243eb019a0ecc02f90888ba08070412278ad498d5ea7037ba,benign,,2015,I386,0,4.4571356520356,EXE,RanDS_Behaviour_Activity_Dataset/dataset/fa/fa4f4e5ca35bdf4243eb019a0ecc02f90888ba08070412278ad498d5ea7037ba.json,raw_reports/benign/fa4f4e5ca35bdf4243eb019a0ecc02f90888ba08070412278ad498d5ea7037ba.json,1183,15,1.0,9,0.0076077768385460695,1.0,5,0,1.0
966,fa51f41b4e2ba9d7876f94363434cf5f29dc8d79769edd7cb8605aaa62f89f83,benign,,2016,Amd64,0,6.2893234192314,EXE,RanDS_Behaviour_Activity_Dataset/dataset/fa/fa51f41b4e2ba9d7876f94363434cf5f29dc8d79769edd7cb8605aaa62f89f83.json,raw_reports/benign/fa51f41b4e2ba9d7876f94363434cf5f29dc8d79769edd7cb8605aaa62f89f83.json,31,7,0.875,5,0.16129032258064516,0.7777777777777778,1,2,1.0
967,fa67280654aded53b2dadffc93f983bfbae1d47d186902f2b5686715bcb0ca3c,benign,,2018,I386,0,6.4395724935717,EXE,RanDS_Behaviour_Activity_Dataset/dataset/fa/fa67280654aded53b2dadffc93f983bfbae1d47d186902f2b5686715bcb0ca3c.json,raw_reports/benign/fa67280654aded53b2dadffc93f983bfbae1d47d186902f2b5686715bcb0ca3c.json,238,10,1.0,0,0.0,1.0,1,0,1.0
968,fa75985144cfc3d8fb1a21ec448548beb222b1b1b2bd5b0c819491f98a895709,benign,,2020,Amd64,0,6.3080928956085,DLL,RanDS_Behaviour_Activity_Dataset/dataset/fa/fa75985144cfc3d8fb1a21ec448548beb222b1b1b2bd5b0c819491f98a895709.json,raw_reports/benign/fa75985144cfc3d8fb1a21ec448548beb222b1b1b2bd5b0c819491f98a895709.json,469,13,1.0,13,0.02771855010660981,1.0,6,0,1.0
969,fa7987a1301dff885a3957dcfa265d612b8d2908a3b149dce567636ae041dbba,benign,,2009,I386,0,4.5680178370693,EXE,RanDS_Behaviour_Activity_Dataset/dataset/fa/fa7987a1301dff885a3957dcfa265d612b8d2908a3b149dce567636ae041dbba.json,raw_reports/benign/fa7987a1301dff885a3957dcfa265d612b8d2908a3b149dce567636ae041dbba.json,47,6,0.75,0,0.0,0.4444444444444444,0,5,NA
970,fa901fe3d2c4f1d5702e25ba97e86105c1e49a0dfeeee9fcc85dba5541ee403b,benign,,2013,Amd64,0,5.6813042019682,EXE,RanDS_Behaviour_Activity_Dataset/dataset/fa/fa901fe3d2c4f1d5702e25ba97e86105c1e49a0dfeeee9fcc85dba5541ee403b.json,raw_reports/benign/fa901fe3d2c4f1d5702e25ba97e86105c1e49a0dfeeee9fcc85dba5541ee403b.json,33,9,1.0,6,0.18181818181818182,1.0,2,0,1.0
971,fa942ba7696cb10e52dfc456dfa914e6c5e37e33f5794a79c7e7f3647cd92c0b,benign,,2013,Amd64,0,6.0781467425445,DLL,RanDS_Behaviour_Activity_Dataset/dataset/fa/fa942ba7696cb10e52dfc456dfa914e6c5e37e33f5794a79c7e7f3647cd92c0b.json,raw_reports/benign/fa942ba7696cb10e52dfc456dfa914e6c5e37e33f5794a79c7e7f3647cd92c0b.json,296,9,1.0,12,0.04054054054054054,1.0,4,0,1.0
972,fab9f847a378f093dd56deb4d2341f6a66986219ce2797e0a84b61e2f69ed5be,benign,,2025,Amd64,0,6.0933649082197,EXE,RanDS_Behaviour_Activity_Dataset/dataset/fa/fab9f847a378f093dd56deb4d2341f6a66986219ce2797e0a84b61e2f69ed5be.json,raw_reports/benign/fab9f847a378f093dd56deb4d2341f6a66986219ce2797e0a84b61e2f69ed5be.json,314,12,1.0,15,0.04777070063694268,1.0,5,0,1.0
973,fabe8ee6acdc7726906165a60f23a25591ee31dae5895ed4206c6a7aee7d7971,benign,,2013,Amd64,0,6.2914581700847,EXE,RanDS_Behaviour_Activity_Dataset/dataset/fa/fabe8ee6acdc7726906165a60f23a25591ee31dae5895ed4206c6a7aee7d7971.json,raw_reports/benign/fabe8ee6acdc7726906165a60f23a25591ee31dae5895ed4206c6a7aee7d7971.json,55,9,1.0,7,0.12727272727272726,1.0,2,0,1.0
974,fadd541e708e9bfd8b2d9427d1e651a02e281eb5a630ce71c5ee6375edeeb16b,benign,,2025,I386,1,6.5506348426839,DLL,RanDS_Behaviour_Activity_Dataset/dataset/fa/fadd541e708e9bfd8b2d9427d1e651a02e281eb5a630ce71c5ee6375edeeb16b.json,raw_reports/benign/fadd541e708e9bfd8b2d9427d1e651a02e281eb5a630ce71c5ee6375edeeb16b.json,495,14,1.0,23,0.046464646464646465,1.0,7,0,1.0
975,fb2f2d31ea19bc2afd19e20fdbecfd4ed916b5e26bf2134072d13fea4d427721,benign,,2024,Amd64,0,5.7567487945881,EXE,RanDS_Behaviour_Activity_Dataset/dataset/fb/fb2f2d31ea19bc2afd19e20fdbecfd4ed916b5e26bf2134072d13fea4d427721.json,raw_reports/benign/fb2f2d31ea19bc2afd19e20fdbecfd4ed916b5e26bf2134072d13fea4d427721.json,72,10,1.0,16,0.2222222222222222,1.0,2,0,1.0
976,fb8dc46e74c2dbda0fd0a0629ffcaa09101524c440be1701e1a4ec8649db2d48,benign,,2024,I386,0,6.1347708986493,DLL,RanDS_Behaviour_Activity_Dataset/dataset/fb/fb8dc46e74c2dbda0fd0a0629ffcaa09101524c440be1701e1a4ec8649db2d48.json,raw_reports/benign/fb8dc46e74c2dbda0fd0a0629ffcaa09101524c440be1701e1a4ec8649db2d48.json,644,14,1.0,17,0.026397515527950312,1.0,8,0,1.0
977,fb94e1f52894251fe26b5d902e8beff5c75bfa75d7db027282d2778601e2edcf,benign,,2022,I386,1,7.0558522378966,DLL,RanDS_Behaviour_Activity_Dataset/dataset/fb/fb94e1f52894251fe26b5d902e8beff5c75bfa75d7db027282d2778601e2edcf.json,raw_reports/benign/fb94e1f52894251fe26b5d902e8beff5c75bfa75d7db027282d2778601e2edcf.json,144,6,0.75,18,0.125,1.0,4,0,1.0
978,fbbea1fac36b063421b345021b6c95d78e11d6f90a52e5604f66012c6038f385,benign,,2015,Amd64,0,4.9083438078256,DLL,RanDS_Behaviour_Activity_Dataset/dataset/fb/fbbea1fac36b063421b345021b6c95d78e11d6f90a52e5604f66012c6038f385.json,raw_reports/benign/fbbea1fac36b063421b345021b6c95d78e11d6f90a52e5604f66012c6038f385.json,367,8,1.0,17,0.04632152588555858,1.0,4,0,1.0
979,fbdbf3ca4ef632613e6046eeb506c5050454f8857348e28eb43e60c332ee0262,benign,,2011,Amd64,0,6.1898408648772,EXE,RanDS_Behaviour_Activity_Dataset/dataset/fb/fbdbf3ca4ef632613e6046eeb506c5050454f8857348e28eb43e60c332ee0262.json,raw_reports/benign/fbdbf3ca4ef632613e6046eeb506c5050454f8857348e28eb43e60c332ee0262.json,238,13,1.0,8,0.03361344537815126,1.0,4,0,1.0
980,fbe3b521ebc2420ee307663333749a18dbd949ff940cfefd8e35c03aea43b7f2,benign,,2014,I386,0,6.4591696451949,EXE,RanDS_Behaviour_Activity_Dataset/dataset/fb/fbe3b521ebc2420ee307663333749a18dbd949ff940cfefd8e35c03aea43b7f2.json,raw_reports/benign/fbe3b521ebc2420ee307663333749a18dbd949ff940cfefd8e35c03aea43b7f2.json,435,12,1.0,0,0.0,1.0,3,0,1.0
981,fcc500fa6dae78c6528891fd59b8d623fdab61a0cad7cd2c4e15db05030d8fa7,benign,,2024,Amd64,0,6.4144407204933,DLL,RanDS_Behaviour_Activity_Dataset/dataset/fc/fcc500fa6dae78c6528891fd59b8d623fdab61a0cad7cd2c4e15db05030d8fa7.json,raw_reports/benign/fcc500fa6dae78c6528891fd59b8d623fdab61a0cad7cd2c4e15db05030d8fa7.json,232,9,1.0,14,0.0603448275862069,1.0,4,0,1.0
982,fcde1830b334227e464c8cd51ba8f496b154318ffe90799e9c96204e7796f33d,benign,,2011,I386,0,4.8306930578073,DLL,RanDS_Behaviour_Activity_Dataset/dataset/fc/fcde1830b334227e464c8cd51ba8f496b154318ffe90799e9c96204e7796f33d.json,raw_reports/benign/fcde1830b334227e464c8cd51ba8f496b154318ffe90799e9c96204e7796f33d.json,340,8,1.0,14,0.041176470588235294,1.0,6,0,1.0
983,fd4a5bcd7534758bc5d5266f46f68b42e204d620d779be902e83d849ffda3bfe,benign,,2010,I386,0,6.1934866592814,EXE,RanDS_Behaviour_Activity_Dataset/dataset/fd/fd4a5bcd7534758bc5d5266f46f68b42e204d620d779be902e83d849ffda3bfe.json,raw_reports/benign/fd4a5bcd7534758bc5d5266f46f68b42e204d620d779be902e83d849ffda3bfe.json,864,15,1.0,50,0.05787037037037037,1.0,6,0,1.0
984,fd5462bb516729dc02bb7c902b6725997bd11e46962184f3d8363479bdcc591b,benign,,2009,I386,0,5.9114471334407,DLL,RanDS_Behaviour_Activity_Dataset/dataset/fd/fd5462bb516729dc02bb7c902b6725997bd11e46962184f3d8363479bdcc591b.json,raw_reports/benign/fd5462bb516729dc02bb7c902b6725997bd11e46962184f3d8363479bdcc591b.json,490,11,1.0,9,0.018367346938775512,1.0,5,0,1.0
985,fd6660ebc9a7fa93b0b46bd6da69b0a0dd9e13d7c207cc6e0e4b0a13c3f74a6b,benign,,2016,I386,0,5.4222705400565,EXE,RanDS_Behaviour_Activity_Dataset/dataset/fd/fd6660ebc9a7fa93b0b46bd6da69b0a0dd9e13d7c207cc6e0e4b0a13c3f74a6b.json,raw_reports/benign/fd6660ebc9a7fa93b0b46bd6da69b0a0dd9e13d7c207cc6e0e4b0a13c3f74a6b.json,365,7,0.875,0,0.0,0.2222222222222222,1,7,NA
986,fda1d4dd64754df56d26551aad2ddb8cf406ec1c1a89701c00cf06fb7af5b363,benign,,2016,I386,0,5.3462899645826,EXE,RanDS_Behaviour_Activity_Dataset/dataset/fd/fda1d4dd64754df56d26551aad2ddb8cf406ec1c1a89701c00cf06fb7af5b363.json,raw_reports/benign/fda1d4dd64754df56d26551aad2ddb8cf406ec1c1a89701c00cf06fb7af5b363.json,730,9,1.0,0,0.0,0.7777777777777778,2,2,NA
987,fdfe4ad2579efa65436e2ebdfd8d9c09c058f6981c4a11e1dc86cd52eb984e35,benign,,2016,I386,0,3.0647438904982,EXE,RanDS_Behaviour_Activity_Dataset/dataset/fd/fdfe4ad2579efa65436e2ebdfd8d9c09c058f6981c4a11e1dc86cd52eb984e35.json,raw_reports/benign/fdfe4ad2579efa65436e2ebdfd8d9c09c058f6981c4a11e1dc86cd52eb984e35.json,103,6,0.75,0,0.0,0.5555555555555556,1,4,NA
988,fdff8d059ee680808a0604b16ecb1044dc080cc94c4e9247ea265b3405391e75,benign,,2010,I386,1,7.9704454151864,EXE,RanDS_Behaviour_Activity_Dataset/dataset/fd/fdff8d059ee680808a0604b16ecb1044dc080cc94c4e9247ea265b3405391e75.json,raw_reports/benign/fdff8d059ee680808a0604b16ecb1044dc080cc94c4e9247ea265b3405391e75.json,785,11,1.0,0,0.0,1.0,3,0,1.0
989,fe3aa75863955f489ad2b2365497a2290ecd07045aa6e361b8d3a9b32576bd8f,benign,,2013,I386,0,5.6130005149243,EXE,RanDS_Behaviour_Activity_Dataset/dataset/fe/fe3aa75863955f489ad2b2365497a2290ecd07045aa6e361b8d3a9b32576bd8f.json,raw_reports/benign/fe3aa75863955f489ad2b2365497a2290ecd07045aa6e361b8d3a9b32576bd8f.json,117,11,1.0,4,0.03418803418803419,1.0,2,0,1.0
990,fe5098923f27ef6055e3343a26af9bed62eaa9eddfcb77ab06d2328d8497b112,benign,,2020,Amd64,1,6.9858640425374,EXE,RanDS_Behaviour_Activity_Dataset/dataset/fe/fe5098923f27ef6055e3343a26af9bed62eaa9eddfcb77ab06d2328d8497b112.json,raw_reports/benign/fe5098923f27ef6055e3343a26af9bed62eaa9eddfcb77ab06d2328d8497b112.json,114,12,1.0,14,0.12280701754385964,1.0,2,0,1.0
991,fe614025d0d4d6b5f99bbc1e53eef2243a03abaf83ffb15ca74b205999ba9563,benign,,2015,I386,1,6.6576682684767,DLL,RanDS_Behaviour_Activity_Dataset/dataset/fe/fe614025d0d4d6b5f99bbc1e53eef2243a03abaf83ffb15ca74b205999ba9563.json,raw_reports/benign/fe614025d0d4d6b5f99bbc1e53eef2243a03abaf83ffb15ca74b205999ba9563.json,388,10,1.0,14,0.03608247422680412,1.0,6,0,1.0
992,fe7436fbaf907d1285b590bfe1fe75c53fc6fcdf45dd0a0d4e986adddeec77ba,benign,,2020,I386,1,7.765754722402,EXE,RanDS_Behaviour_Activity_Dataset/dataset/fe/fe7436fbaf907d1285b590bfe1fe75c53fc6fcdf45dd0a0d4e986adddeec77ba.json,raw_reports/benign/fe7436fbaf907d1285b590bfe1fe75c53fc6fcdf45dd0a0d4e986adddeec77ba.json,2617,16,1.0,56,0.021398547955674436,1.0,7,0,1.0
993,feb9acd8e603ef1a0faefbd7119ca7f8ab75430f66f348d77a2c585130c26fad,benign,,2011,I386,0,4.0539988733801,EXE,RanDS_Behaviour_Activity_Dataset/dataset/fe/feb9acd8e603ef1a0faefbd7119ca7f8ab75430f66f348d77a2c585130c26fad.json,raw_reports/benign/feb9acd8e603ef1a0faefbd7119ca7f8ab75430f66f348d77a2c585130c26fad.json,123,9,1.0,12,0.0975609756097561,1.0,3,0,1.0
994,fed7bf5a74d0e9184365ca9b8a8baf8f31e35c5a59ef0fbf2455f29e4b5dd00b,benign,,2014,I386,0,6.0933696019373,EXE,RanDS_Behaviour_Activity_Dataset/dataset/fe/fed7bf5a74d0e9184365ca9b8a8baf8f31e35c5a59ef0fbf2455f29e4b5dd00b.json,raw_reports/benign/fed7bf5a74d0e9184365ca9b8a8baf8f31e35c5a59ef0fbf2455f29e4b5dd00b.json,335,8,1.0,2,0.005970149253731343,0.6666666666666666,4,3,NA
995,ff014e2589785b703b18066eca942d85e5138430d1c28a264179fc6d0811e26e,benign,,2009,I386,1,7.3354380170776,EXE,RanDS_Behaviour_Activity_Dataset/dataset/ff/ff014e2589785b703b18066eca942d85e5138430d1c28a264179fc6d0811e26e.json,raw_reports/benign/ff014e2589785b703b18066eca942d85e5138430d1c28a264179fc6d0811e26e.json,76,10,1.0,10,0.13157894736842105,1.0,3,0,1.0
996,ff22275eee005292faa720a2b5807d956ac3af9da5572ac7fed05010d8a01569,benign,,2016,I386,0,5.0603432098782,EXE,RanDS_Behaviour_Activity_Dataset/dataset/ff/ff22275eee005292faa720a2b5807d956ac3af9da5572ac7fed05010d8a01569.json,raw_reports/benign/ff22275eee005292faa720a2b5807d956ac3af9da5572ac7fed05010d8a01569.json,132,7,0.875,0,0.0,0.5555555555555556,1,4,NA
997,ff406cc54155ce784a5e7a955cfb0fcf647226032ff98d5adc6f2245c163c4a2,benign,,2015,Amd64,1,6.5136602520957,DLL,RanDS_Behaviour_Activity_Dataset/dataset/ff/ff406cc54155ce784a5e7a955cfb0fcf647226032ff98d5adc6f2245c163c4a2.json,raw_reports/benign/ff406cc54155ce784a5e7a955cfb0fcf647226032ff98d5adc6f2245c163c4a2.json,93,8,1.0,11,0.11827956989247312,1.0,4,0,1.0
998,ff4c03bbeb292317a77c86c1c81ae9564acb984b352fbef36d66e2d8bcbd79a8,benign,,2009,I386,0,5.710245660143,DLL,RanDS_Behaviour_Activity_Dataset/dataset/ff/ff4c03bbeb292317a77c86c1c81ae9564acb984b352fbef36d66e2d8bcbd79a8.json,raw_reports/benign/ff4c03bbeb292317a77c86c1c81ae9564acb984b352fbef36d66e2d8bcbd79a8.json,448,8,1.0,6,0.013392857142857142,1.0,3,0,1.0
999,ff8e32eefccdde3d299e12e6716098538fb8ec209a8eff88af911d1fb8f739fc,benign,,2013,I386,0,4.7582059069326,EXE,RanDS_Behaviour_Activity_Dataset/dataset/ff/ff8e32eefccdde3d299e12e6716098538fb8ec209a8eff88af911d1fb8f739fc.json,raw_reports/benign/ff8e32eefccdde3d299e12e6716098538fb8ec209a8eff88af911d1fb8f739fc.json,100,6,0.75,0,0.0,0.5555555555555556,1,4,NA
1000,ffb4719aeb728e9c7ba16916e948b5efa6229446d6a8fc87ff59fd8ffec9eaa7,benign,,2018,I386,0,5.993255822414,EXE,RanDS_Behaviour_Activity_Dataset/dataset/ff/ffb4719aeb728e9c7ba16916e948b5efa6229446d6a8fc87ff59fd8ffec9eaa7.json,raw_reports/benign/ffb4719aeb728e9c7ba16916e948b5efa6229446d6a8fc87ff59fd8ffec9eaa7.json,625,15,1.0,8,0.0128,1.0,5,0,1.0
1001,0013a2d85f81640d17e8980e7eceb3e27711f9f1d9b008e9fe64eddfd7e3e2c6,ransomware,Loki,2023,I386,1,7.7081792308399,EXE,RanDS_Behaviour_Activity_Dataset/dataset/00/0013a2d85f81640d17e8980e7eceb3e27711f9f1d9b008e9fe64eddfd7e3e2c6.json,raw_reports/ransomware/0013a2d85f81640d17e8980e7eceb3e27711f9f1d9b008e9fe64eddfd7e3e2c6.json,1227,14,1.0,35,0.02852485737571312,1.0,7,0,1.0
1002,0016d12f15f1d7f0f89dbcb14f724fc9d77a0d8df8ebbb49d0b9d8d62a4067ee,ransomware,Bladabindi,2023,I386,0,4.1646551384202,EXE,RanDS_Behaviour_Activity_Dataset/dataset/00/0016d12f15f1d7f0f89dbcb14f724fc9d77a0d8df8ebbb49d0b9d8d62a4067ee.json,raw_reports/ransomware/0016d12f15f1d7f0f89dbcb14f724fc9d77a0d8df8ebbb49d0b9d8d62a4067ee.json,939,15,1.0,18,0.019169329073482427,1.0,5,0,1.0
1003,007c244b9dac3fecd6d8df49314f664afaa4c1c823574108f77189c2925e9594,ransomware,Prometheus,2024,I386,1,7.5678562756714,EXE,RanDS_Behaviour_Activity_Dataset/dataset/00/007c244b9dac3fecd6d8df49314f664afaa4c1c823574108f77189c2925e9594.json,raw_reports/ransomware/007c244b9dac3fecd6d8df49314f664afaa4c1c823574108f77189c2925e9594.json,491,14,1.0,2,0.004073319755600814,1.0,7,0,1.0
1004,00c463a40ca66602686d4bc6dc4491a7a164220310d4cfafdfdda38c76df2962,ransomware,LockBit,2022,I386,1,6.6590039854396,EXE,RanDS_Behaviour_Activity_Dataset/dataset/00/00c463a40ca66602686d4bc6dc4491a7a164220310d4cfafdfdda38c76df2962.json,raw_reports/ransomware/00c463a40ca66602686d4bc6dc4491a7a164220310d4cfafdfdda38c76df2962.json,514,15,1.0,22,0.042801556420233464,1.0,5,0,1.0
1005,00ee45e1829436be207411080fbccd1d736b62a4ede212c5c7d1e15a1b07f9e1,ransomware,Disabler,2023,I386,1,7.8110446564513,EXE,RanDS_Behaviour_Activity_Dataset/dataset/00/00ee45e1829436be207411080fbccd1d736b62a4ede212c5c7d1e15a1b07f9e1.json,raw_reports/ransomware/00ee45e1829436be207411080fbccd1d736b62a4ede212c5c7d1e15a1b07f9e1.json,857,13,1.0,16,0.01866977829638273,1.0,6,0,1.0
1006,0177e5347dc981c4a60f0aa5a609a104d0dd6b9bac0b40071e6aa50f5dd45b54,ransomware,Loki,2023,I386,0,6.4375643048666,EXE,RanDS_Behaviour_Activity_Dataset/dataset/01/0177e5347dc981c4a60f0aa5a609a104d0dd6b9bac0b40071e6aa50f5dd45b54.json,raw_reports/ransomware/0177e5347dc981c4a60f0aa5a609a104d0dd6b9bac0b40071e6aa50f5dd45b54.json,459,15,1.0,20,0.04357298474945534,1.0,5,0,1.0
1007,01a1484a30212f8511f04ed162f54d04e921598154bde03e3c594caa41d70342,ransomware,MSIL,2022,I386,1,6.5647207105989,EXE,RanDS_Behaviour_Activity_Dataset/dataset/01/01a1484a30212f8511f04ed162f54d04e921598154bde03e3c594caa41d70342.json,raw_reports/ransomware/01a1484a30212f8511f04ed162f54d04e921598154bde03e3c594caa41d70342.json,1016,14,1.0,72,0.07086614173228346,1.0,6,0,1.0
1008,01d239d5504ca63553060ad55c6cd5ff08f7c4d9a5198eaf968dd2bf72879e5d,ransomware,Symmi,2015,I386,0,6.4003321494715,EXE,RanDS_Behaviour_Activity_Dataset/dataset/01/01d239d5504ca63553060ad55c6cd5ff08f7c4d9a5198eaf968dd2bf72879e5d.json,raw_reports/ransomware/01d239d5504ca63553060ad55c6cd5ff08f7c4d9a5198eaf968dd2bf72879e5d.json,62,5,0.625,0,0.0,0.2222222222222222,1,7,NA
1009,01dbd21d13ed7e20516e5217d86d43ea1ea767d5b2593fd2ec7957d692dc7ba8,ransomware,MSIL,2020,I386,1,7.517998702353,EXE,RanDS_Behaviour_Activity_Dataset/dataset/01/01dbd21d13ed7e20516e5217d86d43ea1ea767d5b2593fd2ec7957d692dc7ba8.json,raw_reports/ransomware/01dbd21d13ed7e20516e5217d86d43ea1ea767d5b2593fd2ec7957d692dc7ba8.json,729,15,1.0,15,0.0205761316872428,1.0,7,0,1.0
1010,02036f54f589826e760d2301c89c1c8629f35fba717dc8b883b18dbfab3877c9,ransomware,Loki,2021,I386,1,7.2975664965331,EXE,RanDS_Behaviour_Activity_Dataset/dataset/02/02036f54f589826e760d2301c89c1c8629f35fba717dc8b883b18dbfab3877c9.json,raw_reports/ransomware/02036f54f589826e760d2301c89c1c8629f35fba717dc8b883b18dbfab3877c9.json,915,14,1.0,49,0.053551912568306013,1.0,5,0,1.0
1011,0252937e5af74369499c21efe832306dccf718402b08c67b2d338061ba1e67a0,ransomware,Mardom,2021,I386,1,6.9860013597856,EXE,RanDS_Behaviour_Activity_Dataset/dataset/02/0252937e5af74369499c21efe832306dccf718402b08c67b2d338061ba1e67a0.json,raw_reports/ransomware/0252937e5af74369499c21efe832306dccf718402b08c67b2d338061ba1e67a0.json,474,12,1.0,41,0.08649789029535865,1.0,4,0,1.0
1012,025daf474425b8be36a9e4aaefd9c2f482d156247fbde354090f0a3a812dc1db,ransomware,Fragtor,2023,I386,1,7.0586106246928,EXE,RanDS_Behaviour_Activity_Dataset/dataset/02/025daf474425b8be36a9e4aaefd9c2f482d156247fbde354090f0a3a812dc1db.json,raw_reports/ransomware/025daf474425b8be36a9e4aaefd9c2f482d156247fbde354090f0a3a812dc1db.json,565,12,1.0,29,0.05132743362831858,1.0,5,0,1.0
1013,026b1bb30922adb4dd69cef48762fd5595a4ad728ed063b1a7b595564d7fc759,ransomware,Loki,2022,I386,1,7.5222131437575,EXE,RanDS_Behaviour_Activity_Dataset/dataset/02/026b1bb30922adb4dd69cef48762fd5595a4ad728ed063b1a7b595564d7fc759.json,raw_reports/ransomware/026b1bb30922adb4dd69cef48762fd5595a4ad728ed063b1a7b595564d7fc759.json,1005,15,1.0,46,0.045771144278606964,1.0,7,0,1.0
1014,027cffa034422e6993c42ffd06af618c6716b8b46b0df752fc2ed9fe414afc57,ransomware,STOP,2021,I386,1,7.6976299519157,EXE,RanDS_Behaviour_Activity_Dataset/dataset/02/027cffa034422e6993c42ffd06af618c6716b8b46b0df752fc2ed9fe414afc57.json,raw_reports/ransomware/027cffa034422e6993c42ffd06af618c6716b8b46b0df752fc2ed9fe414afc57.json,1914,15,1.0,56,0.029258098223615466,1.0,6,0,1.0
1015,02df0de18ec748e4c41479366528c94750f1f2c810eb9640cd484ad17fd165a9,ransomware,MSIL,2025,I386,0,5.9446534347036,EXE,RanDS_Behaviour_Activity_Dataset/dataset/02/02df0de18ec748e4c41479366528c94750f1f2c810eb9640cd484ad17fd165a9.json,raw_reports/ransomware/02df0de18ec748e4c41479366528c94750f1f2c810eb9640cd484ad17fd165a9.json,1063,15,1.0,59,0.055503292568203196,1.0,6,0,1.0
1016,0378e1f44a4fbfded517d2eee88909e709cc4571e84585c2a37dc7e68897510a,ransomware,ConvAgent,2021,I386,1,7.0048882549658,DLL,RanDS_Behaviour_Activity_Dataset/dataset/03/0378e1f44a4fbfded517d2eee88909e709cc4571e84585c2a37dc7e68897510a.json,raw_reports/ransomware/0378e1f44a4fbfded517d2eee88909e709cc4571e84585c2a37dc7e68897510a.json,155,8,1.0,36,0.23225806451612904,0.6666666666666666,3,3,1.0
1017,03834e6c7a8bac7bb283f0ffca293cda50b4547237cc32c8b6e16501771cb705,ransomware,Fragtor,2022,I386,0,6.444091062026,EXE,RanDS_Behaviour_Activity_Dataset/dataset/03/03834e6c7a8bac7bb283f0ffca293cda50b4547237cc32c8b6e16501771cb705.json,raw_reports/ransomware/03834e6c7a8bac7bb283f0ffca293cda50b4547237cc32c8b6e16501771cb705.json,2540,16,1.0,57,0.022440944881889763,1.0,7,0,1.0
1018,04017817b08d8f6912600910ac643b26aa3683fafcb6256485eeba3a916a3d56,ransomware,MSIL,2023,I386,1,7.8814389604178,EXE,RanDS_Behaviour_Activity_Dataset/dataset/04/04017817b08d8f6912600910ac643b26aa3683fafcb6256485eeba3a916a3d56.json,raw_reports/ransomware/04017817b08d8f6912600910ac643b26aa3683fafcb6256485eeba3a916a3d56.json,848,15,1.0,19,0.02240566037735849,1.0,6,0,1.0
1019,043b6a0284468934582819996dbaa70b863ab4caa4f968c81c39a33b2ac81735,ransomware,MSIL,2024,I386,0,5.2122112368418,DLL,RanDS_Behaviour_Activity_Dataset/dataset/04/043b6a0284468934582819996dbaa70b863ab4caa4f968c81c39a33b2ac81735.json,raw_reports/ransomware/043b6a0284468934582819996dbaa70b863ab4caa4f968c81c39a33b2ac81735.json,172,7,0.875,11,0.06395348837209303,1.0,5,0,1.0
1020,04897f8d3178045f6b56cb25bd2ff5325011d25f8a8b5c469ea438aab549ebf4,ransomware,Nemesis,2021,I386,1,7.9821165063128,EXE,RanDS_Behaviour_Activity_Dataset/dataset/04/04897f8d3178045f6b56cb25bd2ff5325011d25f8a8b5c469ea438aab549ebf4.json,raw_reports/ransomware/04897f8d3178045f6b56cb25bd2ff5325011d25f8a8b5c469ea438aab549ebf4.json,1603,16,1.0,46,0.028696194635059263,1.0,7,0,1.0
1021,04ae52d38391cb757af163806a4f8d7e239325894f14105a260c589353d1d965,ransomware,WannaCry,2017,I386,0,6.3993823154381,DLL,RanDS_Behaviour_Activity_Dataset/dataset/04/04ae52d38391cb757af163806a4f8d7e239325894f14105a260c589353d1d965.json,raw_reports/ransomware/04ae52d38391cb757af163806a4f8d7e239325894f14105a260c589353d1d965.json,1203,13,1.0,14,0.011637572734829594,1.0,6,0,1.0
1022,04d2e42ea815bea1a5f853ece211991058cc124c2bc60f2789be5191b642bee5,ransomware,MSIL,2023,I386,1,7.9403756700187,EXE,RanDS_Behaviour_Activity_Dataset/dataset/04/04d2e42ea815bea1a5f853ece211991058cc124c2bc60f2789be5191b642bee5.json,raw_reports/ransomware/04d2e42ea815bea1a5f853ece211991058cc124c2bc60f2789be5191b642bee5.json,1083,13,1.0,21,0.019390581717451522,1.0,7,0,1.0
1023,050c6b14a0308fc4adbafec1465b2202b8d378b0e8df7cce38b04e35772b04f3,ransomware,WannaCry,2025,I386,0,5.7171033561324,EXE,RanDS_Behaviour_Activity_Dataset/dataset/05/050c6b14a0308fc4adbafec1465b2202b8d378b0e8df7cce38b04e35772b04f3.json,raw_reports/ransomware/050c6b14a0308fc4adbafec1465b2202b8d378b0e8df7cce38b04e35772b04f3.json,261,14,1.0,22,0.0842911877394636,1.0,3,0,1.0
1024,050e979722f8a3be5a07806d3ebbbac067ff293ed225faff452aa6145ef21c96,ransomware,Marsilia,2024,I386,1,7.9703686211098,EXE,RanDS_Behaviour_Activity_Dataset/dataset/05/050e979722f8a3be5a07806d3ebbbac067ff293ed225faff452aa6145ef21c96.json,raw_reports/ransomware/050e979722f8a3be5a07806d3ebbbac067ff293ed225faff452aa6145ef21c96.json,1133,15,1.0,59,0.05207413945278023,1.0,6,0,1.0
1025,053947df528e309ce0b283ffa950d626f1398519c93cfe39431e1fdefac999fc,ransomware,MSIL,2024,I386,1,7.5582563893413,EXE,RanDS_Behaviour_Activity_Dataset/dataset/05/053947df528e309ce0b283ffa950d626f1398519c93cfe39431e1fdefac999fc.json,raw_reports/ransomware/053947df528e309ce0b283ffa950d626f1398519c93cfe39431e1fdefac999fc.json,168,13,1.0,7,0.041666666666666664,1.0,5,0,1.0
1026,058b61ea015d828b37a09d3a2b49a2761984c9bc5152cd7ff2da0ad81387167f,ransomware,MSIL,2023,I386,1,7.8790853075962,EXE,RanDS_Behaviour_Activity_Dataset/dataset/05/058b61ea015d828b37a09d3a2b49a2761984c9bc5152cd7ff2da0ad81387167f.json,raw_reports/ransomware/058b61ea015d828b37a09d3a2b49a2761984c9bc5152cd7ff2da0ad81387167f.json,324,13,1.0,15,0.046296296296296294,1.0,5,0,1.0
1027,058e37ad42818d927a927858cc38f58c4068361a48a41067e69687940bed18d0,ransomware,MSIL,2018,I386,0,3.6882030626699,EXE,RanDS_Behaviour_Activity_Dataset/dataset/05/058e37ad42818d927a927858cc38f58c4068361a48a41067e69687940bed18d0.json,raw_reports/ransomware/058e37ad42818d927a927858cc38f58c4068361a48a41067e69687940bed18d0.json,1325,15,1.0,16,0.012075471698113207,1.0,5,0,1.0
1028,05ab2642368c4f186aecd0d572b0e32dbf4c3def955dd2a7e319a8adf4c1a86d,ransomware,Disabler,2023,I386,1,7.8818555884336,EXE,RanDS_Behaviour_Activity_Dataset/dataset/05/05ab2642368c4f186aecd0d572b0e32dbf4c3def955dd2a7e319a8adf4c1a86d.json,raw_reports/ransomware/05ab2642368c4f186aecd0d572b0e32dbf4c3def955dd2a7e319a8adf4c1a86d.json,246,11,1.0,17,0.06910569105691057,1.0,5,0,1.0
1029,05ed7b9f30fb46c52a1913bf6b50144edd1d01cab3a18509b691d0347c891baf,ransomware,Birele,2012,I386,0,6.1392406215897,EXE,RanDS_Behaviour_Activity_Dataset/dataset/05/05ed7b9f30fb46c52a1913bf6b50144edd1d01cab3a18509b691d0347c891baf.json,raw_reports/ransomware/05ed7b9f30fb46c52a1913bf6b50144edd1d01cab3a18509b691d0347c891baf.json,557,13,1.0,6,0.010771992818671455,1.0,6,0,1.0
1030,05f2acc740d6f04b7a1904b514771277e6428adee554b9424996929a23a8e7f8,ransomware,MSIL,2022,I386,1,7.7453650766116,EXE,RanDS_Behaviour_Activity_Dataset/dataset/05/05f2acc740d6f04b7a1904b514771277e6428adee554b9424996929a23a8e7f8.json,raw_reports/ransomware/05f2acc740d6f04b7a1904b514771277e6428adee554b9424996929a23a8e7f8.json,937,14,1.0,17,0.01814300960512273,1.0,5,0,1.0
1031,062ee3b51efe7baf8428abbd041c7f4dcaa8e59c5707505c144f8dbd92dc68c5,ransomware,MSIL,2020,I386,1,7.2695589781133,EXE,RanDS_Behaviour_Activity_Dataset/dataset/06/062ee3b51efe7baf8428abbd041c7f4dcaa8e59c5707505c144f8dbd92dc68c5.json,raw_reports/ransomware/062ee3b51efe7baf8428abbd041c7f4dcaa8e59c5707505c144f8dbd92dc68c5.json,1119,15,1.0,34,0.03038427167113494,1.0,6,0,1.0
1032,066c69a60aed03b92b3930856c7acd785c1aec53a04022de7e44b44bc0d982fb,ransomware,MSIL,2018,I386,0,4.4073881176331,EXE,RanDS_Behaviour_Activity_Dataset/dataset/06/066c69a60aed03b92b3930856c7acd785c1aec53a04022de7e44b44bc0d982fb.json,raw_reports/ransomware/066c69a60aed03b92b3930856c7acd785c1aec53a04022de7e44b44bc0d982fb.json,96,7,0.875,0,0.0,0.5555555555555556,2,4,NA
1033,0695555484b364a8f35376c6edc10e7b8b05a21d80ef05834562507f6ced297c,ransomware,MSIL,2023,I386,1,7.7325801735749,EXE,RanDS_Behaviour_Activity_Dataset/dataset/06/0695555484b364a8f35376c6edc10e7b8b05a21d80ef05834562507f6ced297c.json,raw_reports/ransomware/0695555484b364a8f35376c6edc10e7b8b05a21d80ef05834562507f6ced297c.json,1003,14,1.0,15,0.014955134596211365,1.0,7,0,1.0
1034,06b297adafce01483cae411b664c7ff6a80240e0e2562726aeb2db60fedeb3ab,ransomware,MSIL,2021,I386,1,7.2291630857504,EXE,RanDS_Behaviour_Activity_Dataset/dataset/06/06b297adafce01483cae411b664c7ff6a80240e0e2562726aeb2db60fedeb3ab.json,raw_reports/ransomware/06b297adafce01483cae411b664c7ff6a80240e0e2562726aeb2db60fedeb3ab.json,406,11,1.0,0,0.0,1.0,4,0,1.0
1035,06bcb4c2dd47d7209fa2922d7c6f9f8de06a817c327904a4cb147b0acf2fa3c7,ransomware,Zeppelin,2022,I386,0,6.2270329610824,EXE,RanDS_Behaviour_Activity_Dataset/dataset/06/06bcb4c2dd47d7209fa2922d7c6f9f8de06a817c327904a4cb147b0acf2fa3c7.json,raw_reports/ransomware/06bcb4c2dd47d7209fa2922d7c6f9f8de06a817c327904a4cb147b0acf2fa3c7.json,28,8,1.0,7,0.25,0.7777777777777778,0,2,NA
1036,06eb97d52358e09f7c5ee8913149bd830580e9057809e81fee718759db301687,ransomware,CryptInject,2020,I386,1,7.8345498848243,EXE,RanDS_Behaviour_Activity_Dataset/dataset/06/06eb97d52358e09f7c5ee8913149bd830580e9057809e81fee718759db301687.json,raw_reports/ransomware/06eb97d52358e09f7c5ee8913149bd830580e9057809e81fee718759db301687.json,592,12,1.0,23,0.03885135135135135,1.0,6,0,1.0
1037,078223b567e70ff5c536f9d2beea54309962301fbd5273cdd2be8e8fe082e99f,ransomware,STOP,2023,I386,1,7.7651013447432,EXE,RanDS_Behaviour_Activity_Dataset/dataset/07/078223b567e70ff5c536f9d2beea54309962301fbd5273cdd2be8e8fe082e99f.json,raw_reports/ransomware/078223b567e70ff5c536f9d2beea54309962301fbd5273cdd2be8e8fe082e99f.json,2177,15,1.0,139,0.06384933394579696,1.0,6,0,1.0
1038,085723cd3bf42b5f4cba4d975389d6f088c22cc696f4f0771251a3a1afaedc53,ransomware,Vebzenpak,2020,I386,0,3.8674122877287,EXE,RanDS_Behaviour_Activity_Dataset/dataset/08/085723cd3bf42b5f4cba4d975389d6f088c22cc696f4f0771251a3a1afaedc53.json,raw_reports/ransomware/085723cd3bf42b5f4cba4d975389d6f088c22cc696f4f0771251a3a1afaedc53.json,978,15,1.0,18,0.018404907975460124,1.0,6,0,1.0
1039,087697d241c62f0668f25caa7c739611b4ab1ff5ff7fba466757e67aa5e3a608,ransomware,MSIL,2020,I386,1,7.9206610394275,EXE,RanDS_Behaviour_Activity_Dataset/dataset/08/087697d241c62f0668f25caa7c739611b4ab1ff5ff7fba466757e67aa5e3a608.json,raw_reports/ransomware/087697d241c62f0668f25caa7c739611b4ab1ff5ff7fba466757e67aa5e3a608.json,1147,14,1.0,31,0.02702702702702703,1.0,7,0,1.0
1040,088debdcef9c0e6c522799fcfcc387bcb4794b377a9346fa0b9dac02f898d5f5,ransomware,Fragtor,2022,I386,0,6.1654871325441,EXE,RanDS_Behaviour_Activity_Dataset/dataset/08/088debdcef9c0e6c522799fcfcc387bcb4794b377a9346fa0b9dac02f898d5f5.json,raw_reports/ransomware/088debdcef9c0e6c522799fcfcc387bcb4794b377a9346fa0b9dac02f898d5f5.json,1320,16,1.0,35,0.026515151515151516,1.0,7,0,1.0
1041,08c11a4d6f275b0a5b57871c8d02097ec77019215ef66fb4e73dc7c29cf6833c,ransomware,Hive,2022,Amd64,0,6.1215547050839,EXE,RanDS_Behaviour_Activity_Dataset/dataset/08/08c11a4d6f275b0a5b57871c8d02097ec77019215ef66fb4e73dc7c29cf6833c.json,raw_reports/ransomware/08c11a4d6f275b0a5b57871c8d02097ec77019215ef66fb4e73dc7c29cf6833c.json,1237,14,1.0,63,0.05092966855295069,1.0,6,0,1.0
1042,0911819d0e050ddc5884ea40b4b39a716a7ef8de0179d0dfded9f043546cede9,ransomware,Fragtor,2022,I386,0,6.2254965197874,EXE,RanDS_Behaviour_Activity_Dataset/dataset/09/0911819d0e050ddc5884ea40b4b39a716a7ef8de0179d0dfded9f043546cede9.json,raw_reports/ransomware/0911819d0e050ddc5884ea40b4b39a716a7ef8de0179d0dfded9f043546cede9.json,1223,14,1.0,33,0.02698282910874898,1.0,7,0,1.0
1043,0934fbe06034dbe5749eaaa72e57016b04ae3fc9b66cc8984815ebd3148b1626,ransomware,Mardom,2025,I386,1,7.9236853592434,EXE,RanDS_Behaviour_Activity_Dataset/dataset/09/0934fbe06034dbe5749eaaa72e57016b04ae3fc9b66cc8984815ebd3148b1626.json,raw_reports/ransomware/0934fbe06034dbe5749eaaa72e57016b04ae3fc9b66cc8984815ebd3148b1626.json,512,12,1.0,48,0.09375,1.0,5,0,1.0
1044,096a9c507dab2aaab0025a7922015a6c4f6e551cab4f348b0180a6b7b2e2694d,ransomware,Locky,2011,I386,1,7.5604250693596,EXE,RanDS_Behaviour_Activity_Dataset/dataset/09/096a9c507dab2aaab0025a7922015a6c4f6e551cab4f348b0180a6b7b2e2694d.json,raw_reports/ransomware/096a9c507dab2aaab0025a7922015a6c4f6e551cab4f348b0180a6b7b2e2694d.json,1069,14,1.0,5,0.004677268475210477,1.0,7,0,1.0
1045,0982bdc34132441865753618ab6e934e3f1a64b7df75cd0b1ece7fb5eb42fe51,ransomware,MSIL,2022,I386,1,7.6325761147424,EXE,RanDS_Behaviour_Activity_Dataset/dataset/09/0982bdc34132441865753618ab6e934e3f1a64b7df75cd0b1ece7fb5eb42fe51.json,raw_reports/ransomware/0982bdc34132441865753618ab6e934e3f1a64b7df75cd0b1ece7fb5eb42fe51.json,900,15,1.0,49,0.05444444444444444,1.0,5,0,1.0
1046,0a14cd07798ab8bc76527a0197071d61f44382d435f34277e7143b2da78bce02,ransomware,Marte,2022,Amd64,0,6.4625114453582,DLL,RanDS_Behaviour_Activity_Dataset/dataset/0a/0a14cd07798ab8bc76527a0197071d61f44382d435f34277e7143b2da78bce02.json,raw_reports/ransomware/0a14cd07798ab8bc76527a0197071d61f44382d435f34277e7143b2da78bce02.json,186,15,1.0,8,0.043010752688172046,1.0,5,0,1.0
1047,0a7df706fa7e9a3d8d150fec14b571d07923b47ec400a9a9cf91e33c94408cc5,ransomware,ConvAgent,2023,I386,0,5.2837661282975,EXE,RanDS_Behaviour_Activity_Dataset/dataset/0a/0a7df706fa7e9a3d8d150fec14b571d07923b47ec400a9a9cf91e33c94408cc5.json,raw_reports/ransomware/0a7df706fa7e9a3d8d150fec14b571d07923b47ec400a9a9cf91e33c94408cc5.json,662,16,1.0,46,0.06948640483383686,1.0,7,0,1.0
1048,0a93f3cfdedbd88dce010e4a2e54dc8c2a2135e58f037b55a513ed8b1dc49cb7,ransomware,Loki,2023,I386,1,7.96809475499,EXE,RanDS_Behaviour_Activity_Dataset/dataset/0a/0a93f3cfdedbd88dce010e4a2e54dc8c2a2135e58f037b55a513ed8b1dc49cb7.json,raw_reports/ransomware/0a93f3cfdedbd88dce010e4a2e54dc8c2a2135e58f037b55a513ed8b1dc49cb7.json,183,12,1.0,15,0.08196721311475409,1.0,3,0,1.0
1049,0b51b2819a128abdfab0006900667b5e05329aa0416445c43db76e2f503b92ff,ransomware,LockBit,2023,I386,0,6.0904928737955,EXE,RanDS_Behaviour_Activity_Dataset/dataset/0b/0b51b2819a128abdfab0006900667b5e05329aa0416445c43db76e2f503b92ff.json,raw_reports/ransomware/0b51b2819a128abdfab0006900667b5e05329aa0416445c43db76e2f503b92ff.json,219,16,1.0,30,0.136986301369863,1.0,4,0,1.0
1050,0bf0e6eaaf25db8d46a71087572a9654c00396963e1b82d1ff7f2892a6aa02e1,ransomware,MSIL,2023,I386,0,5.814486185045,EXE,RanDS_Behaviour_Activity_Dataset/dataset/0b/0bf0e6eaaf25db8d46a71087572a9654c00396963e1b82d1ff7f2892a6aa02e1.json,raw_reports/ransomware/0bf0e6eaaf25db8d46a71087572a9654c00396963e1b82d1ff7f2892a6aa02e1.json,724,14,1.0,13,0.017955801104972375,1.0,5,0,1.0
1051,0bfa9407e8f01ad0ec04bfbacd98334f2bc4252c331ccc777357e98f9a13ee68,ransomware,Rents,2022,I386,1,7.947609640352,EXE,RanDS_Behaviour_Activity_Dataset/dataset/0b/0bfa9407e8f01ad0ec04bfbacd98334f2bc4252c331ccc777357e98f9a13ee68.json,raw_reports/ransomware/0bfa9407e8f01ad0ec04bfbacd98334f2bc4252c331ccc777357e98f9a13ee68.json,720,15,1.0,13,0.018055555555555554,1.0,4,0,1.0
1052,0c1b251249518e1b58f3dc0cc771bf74bbadcb46c6175f45f1a0fe4d7740ca95,ransomware,MSIL,2023,I386,1,7.9721623821223,EXE,RanDS_Behaviour_Activity_Dataset/dataset/0c/0c1b251249518e1b58f3dc0cc771bf74bbadcb46c6175f45f1a0fe4d7740ca95.json,raw_reports/ransomware/0c1b251249518e1b58f3dc0cc771bf74bbadcb46c6175f45f1a0fe4d7740ca95.json,641,14,1.0,12,0.0187207488299532,1.0,4,0,1.0
1053,0c3db61f82c5ff9e965865ac484e3f324698b9af639634961bcbbab70e86246e,ransomware,STOP,2022,I386,0,6.3778410082836,EXE,RanDS_Behaviour_Activity_Dataset/dataset/0c/0c3db61f82c5ff9e965865ac484e3f324698b9af639634961bcbbab70e86246e.json,raw_reports/ransomware/0c3db61f82c5ff9e965865ac484e3f324698b9af639634961bcbbab70e86246e.json,1234,15,1.0,80,0.06482982171799027,1.0,7,0,1.0
1054,0c4777684b5fa38b9b8ba267d0902f64db72c916b35bca6b3560e9a19a16e57e,ransomware,AsyncRAT,2021,I386,0,5.4504407997744,EXE,RanDS_Behaviour_Activity_Dataset/dataset/0c/0c4777684b5fa38b9b8ba267d0902f64db72c916b35bca6b3560e9a19a16e57e.json,raw_reports/ransomware/0c4777684b5fa38b9b8ba267d0902f64db72c916b35bca6b3560e9a19a16e57e.json,580,13,1.0,40,0.06896551724137931,1.0,5,0,1.0
1055,0c7d7c9cf153c7c97e3e2789bc903e72ccb6b27251df20e56cf7015d5df372f5,ransomware,MSIL,2022,I386,1,6.5628940253863,EXE,RanDS_Behaviour_Activity_Dataset/dataset/0c/0c7d7c9cf153c7c97e3e2789bc903e72ccb6b27251df20e56cf7015d5df372f5.json,raw_reports/ransomware/0c7d7c9cf153c7c97e3e2789bc903e72ccb6b27251df20e56cf7015d5df372f5.json,690,14,1.0,31,0.04492753623188406,1.0,5,0,1.0
1056,0cb2ecde7662787c0822c560109d28f357b88ece2a8a2534f1c06d5aed9a4790,ransomware,KillMBR,2023,I386,0,6.0862556335708,EXE,RanDS_Behaviour_Activity_Dataset/dataset/0c/0cb2ecde7662787c0822c560109d28f357b88ece2a8a2534f1c06d5aed9a4790.json,raw_reports/ransomware/0cb2ecde7662787c0822c560109d28f357b88ece2a8a2534f1c06d5aed9a4790.json,436,13,1.0,16,0.03669724770642202,1.0,5,0,1.0
1057,0cb8bed00deba682438cb1935be2751d686b7b7884211a82d6e23bcb12046050,ransomware,MSIL,2024,I386,0,6.4444241124682,EXE,RanDS_Behaviour_Activity_Dataset/dataset/0c/0cb8bed00deba682438cb1935be2751d686b7b7884211a82d6e23bcb12046050.json,raw_reports/ransomware/0cb8bed00deba682438cb1935be2751d686b7b7884211a82d6e23bcb12046050.json,646,14,1.0,65,0.10061919504643962,1.0,7,0,1.0
1058,0d067bd4d08dbc52e9ae876624701262905b4262545c2d8e32c02e3c12683460,ransomware,Sality,2021,I386,1,6.6012021298026,EXE,RanDS_Behaviour_Activity_Dataset/dataset/0d/0d067bd4d08dbc52e9ae876624701262905b4262545c2d8e32c02e3c12683460.json,raw_reports/ransomware/0d067bd4d08dbc52e9ae876624701262905b4262545c2d8e32c02e3c12683460.json,214,10,1.0,32,0.14953271028037382,0.8888888888888888,2,1,1.0
1059,0d12a9d736c7feed7a55cf1b4b3c45f4fc64160591cdedf71d9faa4540d71663,ransomware,MSIL,2021,I386,1,7.1926659708633,EXE,RanDS_Behaviour_Activity_Dataset/dataset/0d/0d12a9d736c7feed7a55cf1b4b3c45f4fc64160591cdedf71d9faa4540d71663.json,raw_reports/ransomware/0d12a9d736c7feed7a55cf1b4b3c45f4fc64160591cdedf71d9faa4540d71663.json,737,8,1.0,38,0.051560379918588875,0.8888888888888888,4,1,1.0
1060,0d3acbc0a56b99467b21aa2eccf2d7207b0e173b8b48fcd9b81e2b66a9ae1002,ransomware,MSIL,2023,I386,1,7.9819706846645,EXE,RanDS_Behaviour_Activity_Dataset/dataset/0d/0d3acbc0a56b99467b21aa2eccf2d7207b0e173b8b48fcd9b81e2b66a9ae1002.json,raw_reports/ransomware/0d3acbc0a56b99467b21aa2eccf2d7207b0e173b8b48fcd9b81e2b66a9ae1002.json,548,15,1.0,26,0.04744525547445255,1.0,4,0,1.0
1061,0d3e3b77f530d1d4ae4abc3ac74283ea6e6ff41784a14447e925ee88e6d057c5,ransomware,Loki,2022,I386,1,6.711230493395,EXE,RanDS_Behaviour_Activity_Dataset/dataset/0d/0d3e3b77f530d1d4ae4abc3ac74283ea6e6ff41784a14447e925ee88e6d057c5.json,raw_reports/ransomware/0d3e3b77f530d1d4ae4abc3ac74283ea6e6ff41784a14447e925ee88e6d057c5.json,690,14,1.0,15,0.021739130434782608,1.0,5,0,1.0
1062,0d5386ec112d97dd4597489aae6305cfedaf58bff85638140291b68b3708d621,ransomware,MSIL,2023,I386,1,7.3248785757513,EXE,RanDS_Behaviour_Activity_Dataset/dataset/0d/0d5386ec112d97dd4597489aae6305cfedaf58bff85638140291b68b3708d621.json,raw_reports/ransomware/0d5386ec112d97dd4597489aae6305cfedaf58bff85638140291b68b3708d621.json,1005,12,1.0,9,0.008955223880597015,1.0,4,0,1.0
1063,0d637271932e343f729bf09cbcc63204c681bef4d60e72767bed5f281203ce76,ransomware,Symmi,2024,I386,1,7.9499272658394,EXE,RanDS_Behaviour_Activity_Dataset/dataset/0d/0d637271932e343f729bf09cbcc63204c681bef4d60e72767bed5f281203ce76.json,raw_reports/ransomware/0d637271932e343f729bf09cbcc63204c681bef4d60e72767bed5f281203ce76.json,1131,16,1.0,21,0.01856763925729443,1.0,6,0,1.0
1064,0d6494a16aec93bbf79227151adcb085328b2af646f5a65b17a98b7762cd77df,ransomware,Vidar,2024,I386,1,7.4710934949906,EXE,RanDS_Behaviour_Activity_Dataset/dataset/0d/0d6494a16aec93bbf79227151adcb085328b2af646f5a65b17a98b7762cd77df.json,raw_reports/ransomware/0d6494a16aec93bbf79227151adcb085328b2af646f5a65b17a98b7762cd77df.json,967,14,1.0,25,0.025853154084798345,1.0,7,0,1.0
1065,0d753431639b3d2b8ecb5fb1684018b2c216fec10cc43d0609123f6f48aa98b8,ransomware,Fragtor,2022,I386,1,7.3439488095449,EXE,RanDS_Behaviour_Activity_Dataset/dataset/0d/0d753431639b3d2b8ecb5fb1684018b2c216fec10cc43d0609123f6f48aa98b8.json,raw_reports/ransomware/0d753431639b3d2b8ecb5fb1684018b2c216fec10cc43d0609123f6f48aa98b8.json,1212,12,1.0,21,0.017326732673267328,1.0,5,0,1.0
1066,0d9fe66484fc83dcc194c10ff096156fdc81f8cfe5d2e56079f158436dcaac0f,ransomware,Razy,2021,I386,1,7.8592133690634,EXE,RanDS_Behaviour_Activity_Dataset/dataset/0d/0d9fe66484fc83dcc194c10ff096156fdc81f8cfe5d2e56079f158436dcaac0f.json,raw_reports/ransomware/0d9fe66484fc83dcc194c10ff096156fdc81f8cfe5d2e56079f158436dcaac0f.json,244,11,1.0,24,0.09836065573770492,1.0,3,0,1.0
1067,0deda45a2661e3f8536e3b90103004d183fc5403fd6e33895ba15bab4a6dca3f,ransomware,Loki,2020,I386,1,7.2390924835115,EXE,RanDS_Behaviour_Activity_Dataset/dataset/0d/0deda45a2661e3f8536e3b90103004d183fc5403fd6e33895ba15bab4a6dca3f.json,raw_reports/ransomware/0deda45a2661e3f8536e3b90103004d183fc5403fd6e33895ba15bab4a6dca3f.json,249,10,1.0,0,0.0,1.0,5,0,1.0
1068,0df41caa968a517a454a6f36528c572af685f1ab62f792760e3a4d8e9de40461,ransomware,Lumma,2024,I386,1,7.6999014777519,EXE,RanDS_Behaviour_Activity_Dataset/dataset/0d/0df41caa968a517a454a6f36528c572af685f1ab62f792760e3a4d8e9de40461.json,raw_reports/ransomware/0df41caa968a517a454a6f36528c572af685f1ab62f792760e3a4d8e9de40461.json,1156,14,1.0,38,0.0328719723183391,1.0,5,0,1.0
1069,0e2ee4cd126f3d527db1b9211fbe91d7f071fce9ac8befaf1950af57e8eeeaa7,ransomware,MSIL,2019,I386,1,6.5184701967753,EXE,RanDS_Behaviour_Activity_Dataset/dataset/0e/0e2ee4cd126f3d527db1b9211fbe91d7f071fce9ac8befaf1950af57e8eeeaa7.json,raw_reports/ransomware/0e2ee4cd126f3d527db1b9211fbe91d7f071fce9ac8befaf1950af57e8eeeaa7.json,1023,14,1.0,53,0.05180840664711633,1.0,6,0,1.0
1070,0e7012a66e5d3c6ada99f6dcf651fc8a29f31aa74083f76ee96992df0be54ffa,ransomware,MSIL,2023,I386,1,7.2757513450941,EXE,RanDS_Behaviour_Activity_Dataset/dataset/0e/0e7012a66e5d3c6ada99f6dcf651fc8a29f31aa74083f76ee96992df0be54ffa.json,raw_reports/ransomware/0e7012a66e5d3c6ada99f6dcf651fc8a29f31aa74083f76ee96992df0be54ffa.json,1226,15,1.0,28,0.022838499184339316,1.0,7,0,1.0
1071,0e775ff44da52dd84926c2c70837ebd2ba0e44c84bb911aea0d6330ced0225be,ransomware,Marte,2020,I386,1,7.9168684140276,EXE,RanDS_Behaviour_Activity_Dataset/dataset/0e/0e775ff44da52dd84926c2c70837ebd2ba0e44c84bb911aea0d6330ced0225be.json,raw_reports/ransomware/0e775ff44da52dd84926c2c70837ebd2ba0e44c84bb911aea0d6330ced0225be.json,663,14,1.0,35,0.05279034690799397,1.0,4,0,1.0
1072,0ed203a02f9c7f7e9794a8fbb4871fc8d2aa2e52f59897915c9afb402f768aaf,ransomware,Loki,2023,I386,1,6.7295977320423,EXE,RanDS_Behaviour_Activity_Dataset/dataset/0e/0ed203a02f9c7f7e9794a8fbb4871fc8d2aa2e52f59897915c9afb402f768aaf.json,raw_reports/ransomware/0ed203a02f9c7f7e9794a8fbb4871fc8d2aa2e52f59897915c9afb402f768aaf.json,450,15,1.0,11,0.024444444444444446,1.0,5,0,1.0
1073,0f1f12a6a94145ece83cc92eda1d01b1b79bb03e17bc535288fc1c94b08a5f4a,ransomware,Nemesis,2025,I386,1,7.7487325240708,EXE,RanDS_Behaviour_Activity_Dataset/dataset/0f/0f1f12a6a94145ece83cc92eda1d01b1b79bb03e17bc535288fc1c94b08a5f4a.json,raw_reports/ransomware/0f1f12a6a94145ece83cc92eda1d01b1b79bb03e17bc535288fc1c94b08a5f4a.json,892,15,1.0,23,0.0257847533632287,1.0,5,0,1.0
1074,0f315bf6d41eef8afd049d0a665cd82a8b7748c58f5394342d71370c860c97c0,ransomware,Vebzenpak,2020,I386,0,4.086271227641,EXE,RanDS_Behaviour_Activity_Dataset/dataset/0f/0f315bf6d41eef8afd049d0a665cd82a8b7748c58f5394342d71370c860c97c0.json,raw_reports/ransomware/0f315bf6d41eef8afd049d0a665cd82a8b7748c58f5394342d71370c860c97c0.json,394,14,1.0,16,0.04060913705583756,1.0,5,0,1.0
1075,0f350e36e6f30c5f428d968bcacb2af97f41dad27dc60eeba61349e93f0e60f5,ransomware,Sality,2015,I386,1,6.9892027424575,EXE,RanDS_Behaviour_Activity_Dataset/dataset/0f/0f350e36e6f30c5f428d968bcacb2af97f41dad27dc60eeba61349e93f0e60f5.json,raw_reports/ransomware/0f350e36e6f30c5f428d968bcacb2af97f41dad27dc60eeba61349e93f0e60f5.json,194,8,1.0,3,0.015463917525773196,0.3333333333333333,3,6,1.0
1076,0f9e80e70619e5bf0a9ef86008d8d90315463f2ca4ca224172aa2d42bae2734e,ransomware,Loki,2023,I386,1,7.28910876471,EXE,RanDS_Behaviour_Activity_Dataset/dataset/0f/0f9e80e70619e5bf0a9ef86008d8d90315463f2ca4ca224172aa2d42bae2734e.json,raw_reports/ransomware/0f9e80e70619e5bf0a9ef86008d8d90315463f2ca4ca224172aa2d42bae2734e.json,341,11,1.0,22,0.06451612903225806,1.0,2,0,1.0
1077,0fdd378395c3c909429366bdd2d59fc8d2a04e47d9954b101da81be15b583c77,ransomware,Loki,2020,I386,1,7.9060657256143,EXE,RanDS_Behaviour_Activity_Dataset/dataset/0f/0fdd378395c3c909429366bdd2d59fc8d2a04e47d9954b101da81be15b583c77.json,raw_reports/ransomware/0fdd378395c3c909429366bdd2d59fc8d2a04e47d9954b101da81be15b583c77.json,769,15,1.0,30,0.03901170351105332,1.0,5,0,1.0
1078,0fe9e5ab7b3a291fe7ba1646079046ddf7022501189950a3958a2fae4dfb31d8,ransomware,Loki,2023,I386,1,7.8341260735068,EXE,RanDS_Behaviour_Activity_Dataset/dataset/0f/0fe9e5ab7b3a291fe7ba1646079046ddf7022501189950a3958a2fae4dfb31d8.json,raw_reports/ransomware/0fe9e5ab7b3a291fe7ba1646079046ddf7022501189950a3958a2fae4dfb31d8.json,797,15,1.0,24,0.030112923462986198,1.0,7,0,1.0
1079,0feba92ff632640e738c770d3eb69ee1e287a54fb86c50bbcd2d0a9114b8539c,ransomware,HLLP,2022,I386,0,6.2406579833111,EXE,RanDS_Behaviour_Activity_Dataset/dataset/0f/0feba92ff632640e738c770d3eb69ee1e287a54fb86c50bbcd2d0a9114b8539c.json,raw_reports/ransomware/0feba92ff632640e738c770d3eb69ee1e287a54fb86c50bbcd2d0a9114b8539c.json,45,5,0.625,0,0.0,1.0,5,0,1.0
1080,1039d1b80a7f277b7d3ee70157cc7a4b73733d36c8ab273a602db272a0ac7603,ransomware,Witch,2022,I386,0,5.6360188407613,EXE,RanDS_Behaviour_Activity_Dataset/dataset/10/1039d1b80a7f277b7d3ee70157cc7a4b73733d36c8ab273a602db272a0ac7603.json,raw_reports/ransomware/1039d1b80a7f277b7d3ee70157cc7a4b73733d36c8ab273a602db272a0ac7603.json,426,13,1.0,11,0.025821596244131457,1.0,4,0,1.0
1081,104dd586ef2ffc612333df07bf73f20661faab3c2364475f35124156150271df,ransomware,STOP,2023,I386,1,7.1076691600371,EXE,RanDS_Behaviour_Activity_Dataset/dataset/10/104dd586ef2ffc612333df07bf73f20661faab3c2364475f35124156150271df.json,raw_reports/ransomware/104dd586ef2ffc612333df07bf73f20661faab3c2364475f35124156150271df.json,33,10,1.0,7,0.21212121212121213,0.7777777777777778,1,2,1.0
1082,10c68e9b66dd6e8a4d26a6f66f02b2d94c30255a828ecea30a729a9eca848b50,ransomware,GandCrab,2021,I386,0,6.4231352911936,EXE,RanDS_Behaviour_Activity_Dataset/dataset/10/10c68e9b66dd6e8a4d26a6f66f02b2d94c30255a828ecea30a729a9eca848b50.json,raw_reports/ransomware/10c68e9b66dd6e8a4d26a6f66f02b2d94c30255a828ecea30a729a9eca848b50.json,428,14,1.0,3,0.007009345794392523,1.0,5,0,1.0
1083,10e11ba4d54aa4219160cf1dc6e124bd697e91cfb85d23b170fdb74d1ac45c6e,ransomware,Loki,2021,I386,1,7.0202578583323,EXE,RanDS_Behaviour_Activity_Dataset/dataset/10/10e11ba4d54aa4219160cf1dc6e124bd697e91cfb85d23b170fdb74d1ac45c6e.json,raw_reports/ransomware/10e11ba4d54aa4219160cf1dc6e124bd697e91cfb85d23b170fdb74d1ac45c6e.json,891,16,1.0,51,0.05723905723905724,1.0,6,0,1.0
1084,10f07d893ce971191295d3c52b3a5c761b62edde3a50981cafb2ffc5fab72dab,ransomware,Loki,2023,I386,1,7.6555839763147,EXE,RanDS_Behaviour_Activity_Dataset/dataset/10/10f07d893ce971191295d3c52b3a5c761b62edde3a50981cafb2ffc5fab72dab.json,raw_reports/ransomware/10f07d893ce971191295d3c52b3a5c761b62edde3a50981cafb2ffc5fab72dab.json,448,15,1.0,19,0.04241071428571429,1.0,6,0,1.0
1085,10fb1047794d9a933f644978c5bfe1eb5dd2d66b87489823f69ca414d2688537,ransomware,Vebzenpak,2020,I386,0,4.7159545296131,EXE,RanDS_Behaviour_Activity_Dataset/dataset/10/10fb1047794d9a933f644978c5bfe1eb5dd2d66b87489823f69ca414d2688537.json,raw_reports/ransomware/10fb1047794d9a933f644978c5bfe1eb5dd2d66b87489823f69ca414d2688537.json,147,9,1.0,0,0.0,0.8888888888888888,4,1,NA
1086,1116cc21676984acc92f092db04ec826fafefa13b4111998bf34065afc43a408,ransomware,Symmi,2013,I386,1,7.3686569750521,EXE,RanDS_Behaviour_Activity_Dataset/dataset/11/1116cc21676984acc92f092db04ec826fafefa13b4111998bf34065afc43a408.json,raw_reports/ransomware/1116cc21676984acc92f092db04ec826fafefa13b4111998bf34065afc43a408.json,125,6,0.75,12,0.096,0.3333333333333333,1,6,NA
1087,1178534bbcdade87eb65a5b8dc7ff6d0bca0a28c946a90914363bbf2c3e367c7,ransomware,Loki,2022,I386,1,7.6759990774265,EXE,RanDS_Behaviour_Activity_Dataset/dataset/11/1178534bbcdade87eb65a5b8dc7ff6d0bca0a28c946a90914363bbf2c3e367c7.json,raw_reports/ransomware/1178534bbcdade87eb65a5b8dc7ff6d0bca0a28c946a90914363bbf2c3e367c7.json,685,14,1.0,17,0.024817518248175182,1.0,4,0,1.0
1088,120715377727531a56f32225e196b1536618d224662fa0b3ba6c52dba80f3b29,ransomware,Akira,2024,Amd64,0,6.4374287335778,EXE,RanDS_Behaviour_Activity_Dataset/dataset/12/120715377727531a56f32225e196b1536618d224662fa0b3ba6c52dba80f3b29.json,raw_reports/ransomware/120715377727531a56f32225e196b1536618d224662fa0b3ba6c52dba80f3b29.json,1530,14,1.0,13,0.00849673202614379,1.0,8,0,1.0
1089,1228d0f04f0ba82569fc1c0609f9fd6c377a91b9ea44c1e7f9f84b2b90552da2,ransomware,Avaddon,2021,I386,0,6.1641208974371,EXE,RanDS_Behaviour_Activity_Dataset/dataset/12/1228d0f04f0ba82569fc1c0609f9fd6c377a91b9ea44c1e7f9f84b2b90552da2.json,raw_reports/ransomware/1228d0f04f0ba82569fc1c0609f9fd6c377a91b9ea44c1e7f9f84b2b90552da2.json,4384,15,1.0,288,0.06569343065693431,1.0,9,0,1.0
1090,12e21e03738e5ea4425252532992e83b1d73ebe40bcce11eab8fec3702e3cbe3,ransomware,MSIL,2022,I386,1,7.8941854631529,EXE,RanDS_Behaviour_Activity_Dataset/dataset/12/12e21e03738e5ea4425252532992e83b1d73ebe40bcce11eab8fec3702e3cbe3.json,raw_reports/ransomware/12e21e03738e5ea4425252532992e83b1d73ebe40bcce11eab8fec3702e3cbe3.json,798,14,1.0,21,0.02631578947368421,1.0,4,0,1.0
1091,13153ae03f0fc4c762a29a76840cb5ff889e51776bd80e7970c600306e1931eb,ransomware,MSIL,2023,I386,0,5.3573605977346,EXE,RanDS_Behaviour_Activity_Dataset/dataset/13/13153ae03f0fc4c762a29a76840cb5ff889e51776bd80e7970c600306e1931eb.json,raw_reports/ransomware/13153ae03f0fc4c762a29a76840cb5ff889e51776bd80e7970c600306e1931eb.json,115,8,1.0,4,0.034782608695652174,0.7777777777777778,2,2,1.0
1092,137654c88ae7b0cb44defc0645e64f001c788c309d85edd8741a8bdf178184f8,ransomware,MSIL,2023,I386,1,7.7853644875422,EXE,RanDS_Behaviour_Activity_Dataset/dataset/13/137654c88ae7b0cb44defc0645e64f001c788c309d85edd8741a8bdf178184f8.json,raw_reports/ransomware/137654c88ae7b0cb44defc0645e64f001c788c309d85edd8741a8bdf178184f8.json,652,13,1.0,15,0.023006134969325152,1.0,6,0,1.0
1093,13a32964ecddd2e7135569e384e1b8a3bca88e6fdfb72aa7ef45bebec58b56c8,ransomware,Loki,2022,I386,1,7.1817081683676,EXE,RanDS_Behaviour_Activity_Dataset/dataset/13/13a32964ecddd2e7135569e384e1b8a3bca88e6fdfb72aa7ef45bebec58b56c8.json,raw_reports/ransomware/13a32964ecddd2e7135569e384e1b8a3bca88e6fdfb72aa7ef45bebec58b56c8.json,534,13,1.0,16,0.0299625468164794,1.0,7,0,1.0
1094,146d606712c3be019a12bb7024be28453bb13f6bcfb2b9f29d9ed495b1e08eb2,ransomware,Loki,2022,I386,1,7.8768851590325,EXE,RanDS_Behaviour_Activity_Dataset/dataset/14/146d606712c3be019a12bb7024be28453bb13f6bcfb2b9f29d9ed495b1e08eb2.json,raw_reports/ransomware/146d606712c3be019a12bb7024be28453bb13f6bcfb2b9f29d9ed495b1e08eb2.json,833,15,1.0,38,0.04561824729891957,1.0,6,0,1.0
1095,14d370a69c8c075b14a411301bc9137d1db0683ac4ff480d25404d9f81533f66,ransomware,MSIL,2025,I386,1,7.7412383659593,EXE,RanDS_Behaviour_Activity_Dataset/dataset/14/14d370a69c8c075b14a411301bc9137d1db0683ac4ff480d25404d9f81533f66.json,raw_reports/ransomware/14d370a69c8c075b14a411301bc9137d1db0683ac4ff480d25404d9f81533f66.json,846,14,1.0,24,0.028368794326241134,1.0,3,0,1.0
1096,14e89e49830dcf8fe43f565e6e25ef36716cb5240cd45ed1c5b07bef3f16abd2,ransomware,Razy,2016,I386,1,7.5349480823351,EXE,RanDS_Behaviour_Activity_Dataset/dataset/14/14e89e49830dcf8fe43f565e6e25ef36716cb5240cd45ed1c5b07bef3f16abd2.json,raw_reports/ransomware/14e89e49830dcf8fe43f565e6e25ef36716cb5240cd45ed1c5b07bef3f16abd2.json,1490,16,1.0,15,0.010067114093959731,1.0,8,0,1.0
1097,14fa2dd57ce8512288b87dea03fa340aa45ff38b9dc8306d96eaf895a6da2b91,ransomware,Jalapeno,2025,I386,0,4.8300920968891,EXE,RanDS_Behaviour_Activity_Dataset/dataset/14/14fa2dd57ce8512288b87dea03fa340aa45ff38b9dc8306d96eaf895a6da2b91.json,raw_reports/ransomware/14fa2dd57ce8512288b87dea03fa340aa45ff38b9dc8306d96eaf895a6da2b91.json,1367,15,1.0,22,0.016093635698610095,1.0,7,0,1.0
1098,16122022e662164152159bdefa62d7024c6aace27213b34ef150fb90fbb539fb,ransomware,MSIL,2023,I386,1,6.8718156589254,EXE,RanDS_Behaviour_Activity_Dataset/dataset/16/16122022e662164152159bdefa62d7024c6aace27213b34ef150fb90fbb539fb.json,raw_reports/ransomware/16122022e662164152159bdefa62d7024c6aace27213b34ef150fb90fbb539fb.json,998,15,1.0,24,0.02404809619238477,1.0,7,0,1.0
1099,16410dfb5819284f8c8147a766d3821a13f77cddc8c2e0aea2e16cdf223daa9a,ransomware,MSIL,2025,I386,1,6.5118302143096,EXE,RanDS_Behaviour_Activity_Dataset/dataset/16/16410dfb5819284f8c8147a766d3821a13f77cddc8c2e0aea2e16cdf223daa9a.json,raw_reports/ransomware/16410dfb5819284f8c8147a766d3821a13f77cddc8c2e0aea2e16cdf223daa9a.json,855,13,1.0,24,0.028070175438596492,1.0,4,0,1.0
1100,164626dcf1ca91f5dc55a6ebd20e6fff394b8fddfa10b9ffcaf974d1540f751a,ransomware,MSIL,2020,I386,0,2.7091141567256,EXE,RanDS_Behaviour_Activity_Dataset/dataset/16/164626dcf1ca91f5dc55a6ebd20e6fff394b8fddfa10b9ffcaf974d1540f751a.json,raw_reports/ransomware/164626dcf1ca91f5dc55a6ebd20e6fff394b8fddfa10b9ffcaf974d1540f751a.json,556,12,1.0,37,0.06654676258992806,1.0,4,0,1.0
1101,166b9ac8d5c2bec0c4400b07ff898b069bd59ddf029bf5387066d704114028b9,ransomware,Loki,2022,I386,1,7.9281509826611,EXE,RanDS_Behaviour_Activity_Dataset/dataset/16/166b9ac8d5c2bec0c4400b07ff898b069bd59ddf029bf5387066d704114028b9.json,raw_reports/ransomware/166b9ac8d5c2bec0c4400b07ff898b069bd59ddf029bf5387066d704114028b9.json,632,13,1.0,11,0.01740506329113924,1.0,4,0,1.0
1102,16aadf7a8fc02449d088670dd9b22aa9bff08c936822f84c02cb3b49f913a9cb,ransomware,Havoc,2023,Amd64,0,6.2037528237062,EXE,RanDS_Behaviour_Activity_Dataset/dataset/16/16aadf7a8fc02449d088670dd9b22aa9bff08c936822f84c02cb3b49f913a9cb.json,raw_reports/ransomware/16aadf7a8fc02449d088670dd9b22aa9bff08c936822f84c02cb3b49f913a9cb.json,380,12,1.0,11,0.02894736842105263,1.0,3,0,1.0
1103,16dc59f02b1040358af3ad63dbd61ac5068147175d5134aa2528475082311ba3,ransomware,Disabler,2023,I386,1,7.8238174288415,EXE,RanDS_Behaviour_Activity_Dataset/dataset/16/16dc59f02b1040358af3ad63dbd61ac5068147175d5134aa2528475082311ba3.json,raw_reports/ransomware/16dc59f02b1040358af3ad63dbd61ac5068147175d5134aa2528475082311ba3.json,927,15,1.0,20,0.021574973031283712,1.0,7,0,1.0
1104,175d63f407dfa3807346842438b8c52fe681e93b0209a05b7919b39ae0ba3f38,ransomware,STOP,2021,I386,1,7.6177932591458,EXE,RanDS_Behaviour_Activity_Dataset/dataset/17/175d63f407dfa3807346842438b8c52fe681e93b0209a05b7919b39ae0ba3f38.json,raw_reports/ransomware/175d63f407dfa3807346842438b8c52fe681e93b0209a05b7919b39ae0ba3f38.json,1398,14,1.0,37,0.026466380543633764,1.0,6,0,1.0
1105,180c1029f70e0bc02acbd67fb8f8628b16dc896b6894fff0c1527247f1adaa85,ransomware,MSILHeracles,2020,I386,1,7.6191846985927,EXE,RanDS_Behaviour_Activity_Dataset/dataset/18/180c1029f70e0bc02acbd67fb8f8628b16dc896b6894fff0c1527247f1adaa85.json,raw_reports/ransomware/180c1029f70e0bc02acbd67fb8f8628b16dc896b6894fff0c1527247f1adaa85.json,614,12,1.0,38,0.06188925081433225,1.0,5,0,1.0
1106,18237e4aad609efc36b818c037c1e559a758d96e1cc49d8e99b2c0e22ac5c1f6,ransomware,WannaCry,2019,I386,0,5.7581677433716,DLL,RanDS_Behaviour_Activity_Dataset/dataset/18/18237e4aad609efc36b818c037c1e559a758d96e1cc49d8e99b2c0e22ac5c1f6.json,raw_reports/ransomware/18237e4aad609efc36b818c037c1e559a758d96e1cc49d8e99b2c0e22ac5c1f6.json,651,8,1.0,5,0.007680491551459293,0.7777777777777778,4,2,1.0
1107,18baada5c4fee8726f10848be871743a23735474c5df877d3e4206c3e30e531e,ransomware,Zeppelin,2022,I386,1,6.7142654234143,EXE,RanDS_Behaviour_Activity_Dataset/dataset/18/18baada5c4fee8726f10848be871743a23735474c5df877d3e4206c3e30e531e.json,raw_reports/ransomware/18baada5c4fee8726f10848be871743a23735474c5df877d3e4206c3e30e531e.json,545,14,1.0,17,0.031192660550458717,1.0,5,0,1.0
1108,18bdd68703502522d10d79980cb0aab03f01580afb4c229591615444f750998c,ransomware,MSIL,2020,I386,1,7.4496146218542,EXE,RanDS_Behaviour_Activity_Dataset/dataset/18/18bdd68703502522d10d79980cb0aab03f01580afb4c229591615444f750998c.json,raw_reports/ransomware/18bdd68703502522d10d79980cb0aab03f01580afb4c229591615444f750998c.json,714,13,1.0,0,0.0,1.0,6,0,1.0
1109,18cf103883072480c602d65bc86bb9edc596a99e49b4c6ebfa007d15a5c6de58,ransomware,MSIL,2021,I386,0,4.960765471705,EXE,RanDS_Behaviour_Activity_Dataset/dataset/18/18cf103883072480c602d65bc86bb9edc596a99e49b4c6ebfa007d15a5c6de58.json,raw_reports/ransomware/18cf103883072480c602d65bc86bb9edc596a99e49b4c6ebfa007d15a5c6de58.json,745,12,1.0,9,0.012080536912751677,1.0,4,0,1.0
1110,19d70551ddc29c6152c2bf29a3330e2753e39595374f08c1c500a795203352c9,ransomware,MSIL,2023,I386,1,7.8789327174208,EXE,RanDS_Behaviour_Activity_Dataset/dataset/19/19d70551ddc29c6152c2bf29a3330e2753e39595374f08c1c500a795203352c9.json,raw_reports/ransomware/19d70551ddc29c6152c2bf29a3330e2753e39595374f08c1c500a795203352c9.json,327,13,1.0,14,0.04281345565749235,1.0,5,0,1.0
1111,1a00fa9d6e02bd8ce2c04443cbbf43119e390f32e1d6986933e9895e8d7ddef8,ransomware,Loki,2022,I386,1,7.1820493056056,EXE,RanDS_Behaviour_Activity_Dataset/dataset/1a/1a00fa9d6e02bd8ce2c04443cbbf43119e390f32e1d6986933e9895e8d7ddef8.json,raw_reports/ransomware/1a00fa9d6e02bd8ce2c04443cbbf43119e390f32e1d6986933e9895e8d7ddef8.json,633,13,1.0,12,0.018957345971563982,1.0,4,0,1.0
1112,1a2abfd9f3c9996f30c87609640c70e1cff2e76b15b3deede180ab33a1fb6629,ransomware,Loki,2023,I386,1,7.2695378400376,EXE,RanDS_Behaviour_Activity_Dataset/dataset/1a/1a2abfd9f3c9996f30c87609640c70e1cff2e76b15b3deede180ab33a1fb6629.json,raw_reports/ransomware/1a2abfd9f3c9996f30c87609640c70e1cff2e76b15b3deede180ab33a1fb6629.json,565,12,1.0,11,0.019469026548672566,1.0,4,0,1.0
1113,1a3fe6526a876877003c518e45aef7a925210e9cfaf09fcb7101659ed92c41e4,ransomware,Loki,2023,I386,1,7.7233839745878,EXE,RanDS_Behaviour_Activity_Dataset/dataset/1a/1a3fe6526a876877003c518e45aef7a925210e9cfaf09fcb7101659ed92c41e4.json,raw_reports/ransomware/1a3fe6526a876877003c518e45aef7a925210e9cfaf09fcb7101659ed92c41e4.json,821,15,1.0,29,0.03532277710109622,1.0,6,0,1.0
1114,1a7a944335dcb140ccdb02c764ce92aadb7d6dd90b3167d830151e272314f408,ransomware,KillMBR,2025,I386,0,5.8650208780195,EXE,RanDS_Behaviour_Activity_Dataset/dataset/1a/1a7a944335dcb140ccdb02c764ce92aadb7d6dd90b3167d830151e272314f408.json,raw_reports/ransomware/1a7a944335dcb140ccdb02c764ce92aadb7d6dd90b3167d830151e272314f408.json,161,12,1.0,18,0.11180124223602485,1.0,3,0,1.0
1115,1b5fd1069eddccb6aa751575d2e241dcaa5b2f4969d97dd6854950a8de2a8794,ransomware,MSIL,2023,I386,1,7.8518651612194,EXE,RanDS_Behaviour_Activity_Dataset/dataset/1b/1b5fd1069eddccb6aa751575d2e241dcaa5b2f4969d97dd6854950a8de2a8794.json,raw_reports/ransomware/1b5fd1069eddccb6aa751575d2e241dcaa5b2f4969d97dd6854950a8de2a8794.json,585,14,1.0,20,0.03418803418803419,1.0,3,0,1.0
1116,1b72e6203b4d26cbe44b55e7df27b3477badd3270cf900bb13c2af47bed80516,ransomware,MSIL,2025,I386,0,5.2479139640517,EXE,RanDS_Behaviour_Activity_Dataset/dataset/1b/1b72e6203b4d26cbe44b55e7df27b3477badd3270cf900bb13c2af47bed80516.json,raw_reports/ransomware/1b72e6203b4d26cbe44b55e7df27b3477badd3270cf900bb13c2af47bed80516.json,863,15,1.0,43,0.04982618771726535,1.0,5,0,1.0
1117,1c5cc71cd847d8a2679ec629b631b4d7e1082e7126022ab26ff015298d93a61e,ransomware,Loki,2023,I386,1,7.6355360496596,EXE,RanDS_Behaviour_Activity_Dataset/dataset/1c/1c5cc71cd847d8a2679ec629b631b4d7e1082e7126022ab26ff015298d93a61e.json,raw_reports/ransomware/1c5cc71cd847d8a2679ec629b631b4d7e1082e7126022ab26ff015298d93a61e.json,1377,15,1.0,27,0.0196078431372549,1.0,7,0,1.0
1118,1c96021ac8cb52173e762f6b008fb4c6e5ef113e6baa4e2cf4848e88c61d9700,ransomware,MSIL,2020,I386,0,4.2499579389183,DLL,RanDS_Behaviour_Activity_Dataset/dataset/1c/1c96021ac8cb52173e762f6b008fb4c6e5ef113e6baa4e2cf4848e88c61d9700.json,raw_reports/ransomware/1c96021ac8cb52173e762f6b008fb4c6e5ef113e6baa4e2cf4848e88c61d9700.json,87,6,0.75,34,0.39080459770114945,0.6666666666666666,4,3,1.0
1119,1da07ff2b1056ddc31c2fa6bb522b5dba68b41d6a9cbd637d0b08edbeee57804,ransomware,Fragtor,2023,I386,1,7.7010914379406,EXE,RanDS_Behaviour_Activity_Dataset/dataset/1d/1da07ff2b1056ddc31c2fa6bb522b5dba68b41d6a9cbd637d0b08edbeee57804.json,raw_reports/ransomware/1da07ff2b1056ddc31c2fa6bb522b5dba68b41d6a9cbd637d0b08edbeee57804.json,780,16,1.0,25,0.03205128205128205,1.0,6,0,1.0
1120,1db5d3b74204dd583efbced87f24cdbb3ee3654b8cdc833073fac34879809579,ransomware,Razy,2011,I386,0,5.6706691362704,EXE,RanDS_Behaviour_Activity_Dataset/dataset/1d/1db5d3b74204dd583efbced87f24cdbb3ee3654b8cdc833073fac34879809579.json,raw_reports/ransomware/1db5d3b74204dd583efbced87f24cdbb3ee3654b8cdc833073fac34879809579.json,275,8,1.0,1,0.0036363636363636364,0.4444444444444444,3,5,NA
1121,1e8e7f3c7075b860d9d196e265c9b7d0abe2bdb2c93d389bad568cf58995cf2d,ransomware,MSIL,2023,I386,1,7.5977181068866,EXE,RanDS_Behaviour_Activity_Dataset/dataset/1e/1e8e7f3c7075b860d9d196e265c9b7d0abe2bdb2c93d389bad568cf58995cf2d.json,raw_reports/ransomware/1e8e7f3c7075b860d9d196e265c9b7d0abe2bdb2c93d389bad568cf58995cf2d.json,756,14,1.0,17,0.022486772486772486,1.0,5,0,1.0
1122,1f69def3f913632f3eff7a617cf0d536e2523319018d3372dc057ee0e279ff09,ransomware,Zeppelin,2022,I386,1,7.5353336033057,EXE,RanDS_Behaviour_Activity_Dataset/dataset/1f/1f69def3f913632f3eff7a617cf0d536e2523319018d3372dc057ee0e279ff09.json,raw_reports/ransomware/1f69def3f913632f3eff7a617cf0d536e2523319018d3372dc057ee0e279ff09.json,513,10,1.0,10,0.01949317738791423,1.0,3,0,1.0
1123,1fc2513878352ba7ec5f8a9fdb6bcd4653b6a14443ec65fd1a59a8fa1c8aa8a6,ransomware,Skeeyah,2020,I386,1,7.4721157999567,EXE,RanDS_Behaviour_Activity_Dataset/dataset/1f/1fc2513878352ba7ec5f8a9fdb6bcd4653b6a14443ec65fd1a59a8fa1c8aa8a6.json,raw_reports/ransomware/1fc2513878352ba7ec5f8a9fdb6bcd4653b6a14443ec65fd1a59a8fa1c8aa8a6.json,509,12,1.0,1,0.0019646365422396855,1.0,5,0,1.0
1124,209048bae69debd3cc0a022d482e7397216531dc699234fa8fb4020041c57aa8,ransomware,Mardom,2020,I386,1,7.4918289577466,EXE,RanDS_Behaviour_Activity_Dataset/dataset/20/209048bae69debd3cc0a022d482e7397216531dc699234fa8fb4020041c57aa8.json,raw_reports/ransomware/209048bae69debd3cc0a022d482e7397216531dc699234fa8fb4020041c57aa8.json,930,15,1.0,0,0.0,1.0,7,0,1.0
1125,20cd9caebe1fbe74ecbb383b5c5e97ea078a9ecd3b7d97eb8a7f460c29fcfd43,ransomware,STOP,2022,I386,0,5.5422776843011,EXE,RanDS_Behaviour_Activity_Dataset/dataset/20/20cd9caebe1fbe74ecbb383b5c5e97ea078a9ecd3b7d97eb8a7f460c29fcfd43.json,raw_reports/ransomware/20cd9caebe1fbe74ecbb383b5c5e97ea078a9ecd3b7d97eb8a7f460c29fcfd43.json,597,14,1.0,18,0.03015075376884422,1.0,5,0,1.0
1126,210c6f413be18ff3ba11a0ba9886179cf98e73e43d3e0b366960d04b925e9283,ransomware,Loki,2020,I386,1,7.8910888486168,EXE,RanDS_Behaviour_Activity_Dataset/dataset/21/210c6f413be18ff3ba11a0ba9886179cf98e73e43d3e0b366960d04b925e9283.json,raw_reports/ransomware/210c6f413be18ff3ba11a0ba9886179cf98e73e43d3e0b366960d04b925e9283.json,1733,16,1.0,64,0.03693017888055395,1.0,7,0,1.0
1127,21c7a6cb8e99a565174377e320b70ab505f02787ae96021854c84c78d2a6e50d,ransomware,Genie,2025,I386,1,7.0691405490132,EXE,RanDS_Behaviour_Activity_Dataset/dataset/21/21c7a6cb8e99a565174377e320b70ab505f02787ae96021854c84c78d2a6e50d.json,raw_reports/ransomware/21c7a6cb8e99a565174377e320b70ab505f02787ae96021854c84c78d2a6e50d.json,1139,15,1.0,35,0.030728709394205442,1.0,6,0,1.0
1128,21e9f4d26c6d2a273cfcaae51fbadf4e6573eda224b2944d8431fdb8263d8724,ransomware,Locky,2016,I386,1,7.6171521609072,EXE,RanDS_Behaviour_Activity_Dataset/dataset/21/21e9f4d26c6d2a273cfcaae51fbadf4e6573eda224b2944d8431fdb8263d8724.json,raw_reports/ransomware/21e9f4d26c6d2a273cfcaae51fbadf4e6573eda224b2944d8431fdb8263d8724.json,66,7,0.875,0,0.0,1.0,3,0,1.0
1129,22134d9cb7c73c4682df971fdfbada6adeb5c67339c5f024541c308c0b4f5c5f,ransomware,MSIL,2023,I386,1,7.4084066826804,EXE,RanDS_Behaviour_Activity_Dataset/dataset/22/22134d9cb7c73c4682df971fdfbada6adeb5c67339c5f024541c308c0b4f5c5f.json,raw_reports/ransomware/22134d9cb7c73c4682df971fdfbada6adeb5c67339c5f024541c308c0b4f5c5f.json,920,14,1.0,33,0.035869565217391305,1.0,7,0,1.0
1130,2226d226f5fa9254e215ccb373c6cd203ad2ad325a074d6232afb595cb07c455,ransomware,LockBit,2023,I386,1,6.7247567668825,EXE,RanDS_Behaviour_Activity_Dataset/dataset/22/2226d226f5fa9254e215ccb373c6cd203ad2ad325a074d6232afb595cb07c455.json,raw_reports/ransomware/2226d226f5fa9254e215ccb373c6cd203ad2ad325a074d6232afb595cb07c455.json,499,14,1.0,14,0.028056112224448898,1.0,4,0,1.0
1131,224a4b2c78a5e98d9eff957840d9b44d5bcb8e0a934280832b9ff782dd9a553f,ransomware,Loki,2020,I386,1,7.476791739726,EXE,RanDS_Behaviour_Activity_Dataset/dataset/22/224a4b2c78a5e98d9eff957840d9b44d5bcb8e0a934280832b9ff782dd9a553f.json,raw_reports/ransomware/224a4b2c78a5e98d9eff957840d9b44d5bcb8e0a934280832b9ff782dd9a553f.json,931,14,1.0,11,0.011815252416756176,1.0,7,0,1.0
1132,22ab8544fb6370a99f222630553aa14cdebb18b9e42d85c4008b375c11c3b430,ransomware,GandCrab,2018,I386,0,6.4901122891892,EXE,RanDS_Behaviour_Activity_Dataset/dataset/22/22ab8544fb6370a99f222630553aa14cdebb18b9e42d85c4008b375c11c3b430.json,raw_reports/ransomware/22ab8544fb6370a99f222630553aa14cdebb18b9e42d85c4008b375c11c3b430.json,425,14,1.0,0,0.0,1.0,6,0,1.0
1133,22d63c0ca31019e77eb995fed035cac211e6d82e24e6d54105e26adc0c2d0373,ransomware,Bladabindi,2023,I386,1,6.9526953518813,EXE,RanDS_Behaviour_Activity_Dataset/dataset/22/22d63c0ca31019e77eb995fed035cac211e6d82e24e6d54105e26adc0c2d0373.json,raw_reports/ransomware/22d63c0ca31019e77eb995fed035cac211e6d82e24e6d54105e26adc0c2d0373.json,550,15,1.0,34,0.06181818181818182,1.0,6,0,1.0
1134,231a59ef13ab58b2ca74ac6a680d5bca3a01dac79a9b27827a75a04c1e18a981,ransomware,Loki,2021,I386,1,7.6071713034953,EXE,RanDS_Behaviour_Activity_Dataset/dataset/23/231a59ef13ab58b2ca74ac6a680d5bca3a01dac79a9b27827a75a04c1e18a981.json,raw_reports/ransomware/231a59ef13ab58b2ca74ac6a680d5bca3a01dac79a9b27827a75a04c1e18a981.json,1247,16,1.0,53,0.042502004811547714,1.0,8,0,1.0
1135,231d1a4623ce9f82889c8b4b8d6b9c9230c8dde253b25c8afca2375d28e7d3fa,ransomware,EEGO,2020,Amd64,1,7.9198377234228,EXE,RanDS_Behaviour_Activity_Dataset/dataset/23/231d1a4623ce9f82889c8b4b8d6b9c9230c8dde253b25c8afca2375d28e7d3fa.json,raw_reports/ransomware/231d1a4623ce9f82889c8b4b8d6b9c9230c8dde253b25c8afca2375d28e7d3fa.json,948,14,1.0,8,0.008438818565400843,1.0,4,0,1.0
1136,235ce2af4fae6aeb7dc20dfc24229d84d8a5ac2ea4dd8e01e3a46088c7c7e2bd,ransomware,MSIL,2021,I386,0,5.086442232332,EXE,RanDS_Behaviour_Activity_Dataset/dataset/23/235ce2af4fae6aeb7dc20dfc24229d84d8a5ac2ea4dd8e01e3a46088c7c7e2bd.json,raw_reports/ransomware/235ce2af4fae6aeb7dc20dfc24229d84d8a5ac2ea4dd8e01e3a46088c7c7e2bd.json,775,14,1.0,75,0.0967741935483871,1.0,6,0,1.0
1137,2362d77a533e3c791d6c0475886bd2a3ca81180834c99862f3626db1122078d1,ransomware,Nymaim,2022,I386,1,6.6259762313501,EXE,RanDS_Behaviour_Activity_Dataset/dataset/23/2362d77a533e3c791d6c0475886bd2a3ca81180834c99862f3626db1122078d1.json,raw_reports/ransomware/2362d77a533e3c791d6c0475886bd2a3ca81180834c99862f3626db1122078d1.json,731,16,1.0,22,0.030095759233926128,1.0,7,0,1.0
1138,23ba109bfdc813a9134165e82cd76bcf4e9adcc6a32155169d9f587c35a738ad,ransomware,Genie,2018,I386,1,6.5120756013072,EXE,RanDS_Behaviour_Activity_Dataset/dataset/23/23ba109bfdc813a9134165e82cd76bcf4e9adcc6a32155169d9f587c35a738ad.json,raw_reports/ransomware/23ba109bfdc813a9134165e82cd76bcf4e9adcc6a32155169d9f587c35a738ad.json,298,9,1.0,1,0.003355704697986577,1.0,3,0,1.0
1139,23e81f79d0fc1ff5cb0790ac9e1f9a1c3a855072519756b63b13d92a0ece318e,ransomware,Gen2,2018,I386,1,6.5996118616582,EXE,RanDS_Behaviour_Activity_Dataset/dataset/23/23e81f79d0fc1ff5cb0790ac9e1f9a1c3a855072519756b63b13d92a0ece318e.json,raw_reports/ransomware/23e81f79d0fc1ff5cb0790ac9e1f9a1c3a855072519756b63b13d92a0ece318e.json,57,6,0.75,1,0.017543859649122806,0.4444444444444444,1,5,NA
1140,24806a49a3c2ddeeb048b7b97fd99591e206ae91e1afec71ee149ec88fd91cb0,ransomware,Fragtor,2022,I386,0,6.2206166979344,EXE,RanDS_Behaviour_Activity_Dataset/dataset/24/24806a49a3c2ddeeb048b7b97fd99591e206ae91e1afec71ee149ec88fd91cb0.json,raw_reports/ransomware/24806a49a3c2ddeeb048b7b97fd99591e206ae91e1afec71ee149ec88fd91cb0.json,542,14,1.0,14,0.025830258302583026,1.0,4,0,1.0
1141,2545ec0d17c3b1cdcbf59f4bf29be0ee5d1c983bf6824f01bb103ad062898d3e,ransomware,MSIL,2023,Amd64,0,4.5709274991265,EXE,RanDS_Behaviour_Activity_Dataset/dataset/25/2545ec0d17c3b1cdcbf59f4bf29be0ee5d1c983bf6824f01bb103ad062898d3e.json,raw_reports/ransomware/2545ec0d17c3b1cdcbf59f4bf29be0ee5d1c983bf6824f01bb103ad062898d3e.json,912,14,1.0,19,0.020833333333333332,1.0,7,0,1.0
1142,25637cc97a6bef02861ea219ebce72e3a3d51b7ddb4bfd48014c0ea6dc14e52e,ransomware,Loki,2021,I386,1,7.986163509891,EXE,RanDS_Behaviour_Activity_Dataset/dataset/25/25637cc97a6bef02861ea219ebce72e3a3d51b7ddb4bfd48014c0ea6dc14e52e.json,raw_reports/ransomware/25637cc97a6bef02861ea219ebce72e3a3d51b7ddb4bfd48014c0ea6dc14e52e.json,1213,15,1.0,45,0.03709810387469085,1.0,8,0,1.0
1143,263303ca00a02457cece2cfb4f1cd722c062bb52aee273cb68cc859c4886992d,ransomware,MSIL,2025,I386,1,7.7910736123019,EXE,RanDS_Behaviour_Activity_Dataset/dataset/26/263303ca00a02457cece2cfb4f1cd722c062bb52aee273cb68cc859c4886992d.json,raw_reports/ransomware/263303ca00a02457cece2cfb4f1cd722c062bb52aee273cb68cc859c4886992d.json,296,14,1.0,34,0.11486486486486487,1.0,5,0,1.0
1144,266aa1bf199f3bd82bc8e708c177aeef4808e31c439f87d69b68efb8e07da996,ransomware,MSIL,2023,I386,0,4.3260861565357,EXE,RanDS_Behaviour_Activity_Dataset/dataset/26/266aa1bf199f3bd82bc8e708c177aeef4808e31c439f87d69b68efb8e07da996.json,raw_reports/ransomware/266aa1bf199f3bd82bc8e708c177aeef4808e31c439f87d69b68efb8e07da996.json,744,15,1.0,18,0.024193548387096774,1.0,7,0,1.0
1145,27056432b64ff5ad814e3e350398af7dcb3a90e4c4355006f1fd3518209f1743,ransomware,Lumma,2025,Amd64,0,6.4997042140578,EXE,RanDS_Behaviour_Activity_Dataset/dataset/27/27056432b64ff5ad814e3e350398af7dcb3a90e4c4355006f1fd3518209f1743.json,raw_reports/ransomware/27056432b64ff5ad814e3e350398af7dcb3a90e4c4355006f1fd3518209f1743.json,42,9,1.0,25,0.5952380952380952,0.8888888888888888,3,1,1.0
1146,278112b324b4baf0de15924dd94225df2579d2e5e23a16a270c11e55e5f7384f,ransomware,Zeppelin,2022,I386,1,6.6531621142419,EXE,RanDS_Behaviour_Activity_Dataset/dataset/27/278112b324b4baf0de15924dd94225df2579d2e5e23a16a270c11e55e5f7384f.json,raw_reports/ransomware/278112b324b4baf0de15924dd94225df2579d2e5e23a16a270c11e55e5f7384f.json,291,14,1.0,19,0.06529209621993128,1.0,4,0,1.0
1147,278602e0e25139b378571d9d5e95ba42486fe2f32fb80c1ceaa55e4746a3a7cc,ransomware,Razy,2025,Amd64,1,7.9245574845212,EXE,RanDS_Behaviour_Activity_Dataset/dataset/27/278602e0e25139b378571d9d5e95ba42486fe2f32fb80c1ceaa55e4746a3a7cc.json,raw_reports/ransomware/278602e0e25139b378571d9d5e95ba42486fe2f32fb80c1ceaa55e4746a3a7cc.json,747,15,1.0,25,0.03346720214190094,1.0,7,0,1.0
1148,27e1ec1c28fb75fe1a5ea2ff51cbdeaeb4a8baef5d04c5f9b9c1bf5d748e754d,ransomware,MSIL,2021,I386,0,4.9334898833486,EXE,RanDS_Behaviour_Activity_Dataset/dataset/27/27e1ec1c28fb75fe1a5ea2ff51cbdeaeb4a8baef5d04c5f9b9c1bf5d748e754d.json,raw_reports/ransomware/27e1ec1c28fb75fe1a5ea2ff51cbdeaeb4a8baef5d04c5f9b9c1bf5d748e754d.json,325,9,1.0,37,0.11384615384615385,0.7777777777777778,2,2,1.0
1149,28448a261d7007dbf3821eee03b7503fe6cffafda96a0abfe163faa74b23abc9,ransomware,Nymaim,2025,I386,1,7.9729315870406,EXE,RanDS_Behaviour_Activity_Dataset/dataset/28/28448a261d7007dbf3821eee03b7503fe6cffafda96a0abfe163faa74b23abc9.json,raw_reports/ransomware/28448a261d7007dbf3821eee03b7503fe6cffafda96a0abfe163faa74b23abc9.json,2326,16,1.0,107,0.04600171969045572,1.0,7,0,1.0
1150,28cea00267fa30fb63e80a3c3b193bd9cd2a3d46dd9ae6cede5f932ac15c7e2e,ransomware,Akira,2024,Amd64,1,6.5120837632462,EXE,RanDS_Behaviour_Activity_Dataset/dataset/28/28cea00267fa30fb63e80a3c3b193bd9cd2a3d46dd9ae6cede5f932ac15c7e2e.json,raw_reports/ransomware/28cea00267fa30fb63e80a3c3b193bd9cd2a3d46dd9ae6cede5f932ac15c7e2e.json,116,12,1.0,18,0.15517241379310345,1.0,3,0,1.0
1151,292a684446c0aed9029b0ffafdb91a17a8790335467097c3280aa15e1ea299bf,ransomware,Loki,2022,I386,0,6.1852801892071,EXE,RanDS_Behaviour_Activity_Dataset/dataset/29/292a684446c0aed9029b0ffafdb91a17a8790335467097c3280aa15e1ea299bf.json,raw_reports/ransomware/292a684446c0aed9029b0ffafdb91a17a8790335467097c3280aa15e1ea299bf.json,85,14,1.0,17,0.2,1.0,3,0,1.0
1152,299dbcf74564593cca443ee4575c1b28e9df0109799565d7004d99767a6d366e,ransomware,MSIL,2025,I386,1,7.4389173641002,EXE,RanDS_Behaviour_Activity_Dataset/dataset/29/299dbcf74564593cca443ee4575c1b28e9df0109799565d7004d99767a6d366e.json,raw_reports/ransomware/299dbcf74564593cca443ee4575c1b28e9df0109799565d7004d99767a6d366e.json,1441,15,1.0,59,0.040943789035392086,1.0,6,0,1.0
1153,29cc79a451f73bac43dbe9455d2184770beae69f4e6bc2d824abd2cfbedf53f1,ransomware,MSIL,2016,I386,0,5.8373519349963,EXE,RanDS_Behaviour_Activity_Dataset/dataset/29/29cc79a451f73bac43dbe9455d2184770beae69f4e6bc2d824abd2cfbedf53f1.json,raw_reports/ransomware/29cc79a451f73bac43dbe9455d2184770beae69f4e6bc2d824abd2cfbedf53f1.json,1468,15,1.0,36,0.02452316076294278,1.0,6,0,1.0
1154,29f8a1d4aa07493ccaa78aacf27a1610b68cbff589ff6c4559ff82ef5f4a4d17,ransomware,MSIL,2018,I386,1,7.5440381315652,EXE,RanDS_Behaviour_Activity_Dataset/dataset/29/29f8a1d4aa07493ccaa78aacf27a1610b68cbff589ff6c4559ff82ef5f4a4d17.json,raw_reports/ransomware/29f8a1d4aa07493ccaa78aacf27a1610b68cbff589ff6c4559ff82ef5f4a4d17.json,586,14,1.0,40,0.06825938566552901,1.0,3,0,1.0
1155,29fe4d987d55f64a1b4e00ffe3e85fa5763acf8b8064860b1811a4043d8b8a8d,ransomware,Marsilia,2021,I386,0,4.6192910960588,EXE,RanDS_Behaviour_Activity_Dataset/dataset/29/29fe4d987d55f64a1b4e00ffe3e85fa5763acf8b8064860b1811a4043d8b8a8d.json,raw_reports/ransomware/29fe4d987d55f64a1b4e00ffe3e85fa5763acf8b8064860b1811a4043d8b8a8d.json,362,12,1.0,37,0.10220994475138122,1.0,5,0,1.0
1156,2a2329959145b50cb16c5a953ae21be4f5a6a41673991d50f2012398b3abee8e,ransomware,Vebzenpak,2020,I386,0,4.3327778174039,EXE,RanDS_Behaviour_Activity_Dataset/dataset/2a/2a2329959145b50cb16c5a953ae21be4f5a6a41673991d50f2012398b3abee8e.json,raw_reports/ransomware/2a2329959145b50cb16c5a953ae21be4f5a6a41673991d50f2012398b3abee8e.json,683,16,1.0,20,0.029282576866764276,1.0,3,0,1.0
1157,2a6896423cc62446d775c28aedc44306fbf3ee3c4e15eff8ebb4cf148360b4d9,ransomware,Nanobot,2022,I386,1,7.8195827656275,EXE,RanDS_Behaviour_Activity_Dataset/dataset/2a/2a6896423cc62446d775c28aedc44306fbf3ee3c4e15eff8ebb4cf148360b4d9.json,raw_reports/ransomware/2a6896423cc62446d775c28aedc44306fbf3ee3c4e15eff8ebb4cf148360b4d9.json,1473,16,1.0,63,0.04276985743380855,1.0,7,0,1.0
1158,2b0f9e4973c560d97771dd06403f958fd999536fde3a4db8345ff7fb490ea19e,ransomware,MSILHeracles,2022,I386,1,6.79185490914,EXE,RanDS_Behaviour_Activity_Dataset/dataset/2b/2b0f9e4973c560d97771dd06403f958fd999536fde3a4db8345ff7fb490ea19e.json,raw_reports/ransomware/2b0f9e4973c560d97771dd06403f958fd999536fde3a4db8345ff7fb490ea19e.json,604,13,1.0,8,0.013245033112582781,1.0,5,0,1.0
1159,2b2d444c24ecf5f9659509394f89771d92a83ca072b2c4999af65295db2e92b2,ransomware,MSIL,2022,I386,1,7.0030910391508,EXE,RanDS_Behaviour_Activity_Dataset/dataset/2b/2b2d444c24ecf5f9659509394f89771d92a83ca072b2c4999af65295db2e92b2.json,raw_reports/ransomware/2b2d444c24ecf5f9659509394f89771d92a83ca072b2c4999af65295db2e92b2.json,948,16,1.0,30,0.03164556962025317,1.0,5,0,1.0
1160,2bc22b76ff5e2d1fbab9b20cf3e6a867ccc4ee90dbde27f5ea6348f6250ca00c,ransomware,ConvAgent,2022,I386,1,7.1176195933886,EXE,RanDS_Behaviour_Activity_Dataset/dataset/2b/2bc22b76ff5e2d1fbab9b20cf3e6a867ccc4ee90dbde27f5ea6348f6250ca00c.json,raw_reports/ransomware/2bc22b76ff5e2d1fbab9b20cf3e6a867ccc4ee90dbde27f5ea6348f6250ca00c.json,885,14,1.0,9,0.010169491525423728,1.0,4,0,1.0
1161,2bedd3f965d463529bb4096342c1741a19f28cbf7f2f222d2cb6513ddfe109bf,ransomware,MSIL,2025,I386,1,7.9165942069335,EXE,RanDS_Behaviour_Activity_Dataset/dataset/2b/2bedd3f965d463529bb4096342c1741a19f28cbf7f2f222d2cb6513ddfe109bf.json,raw_reports/ransomware/2bedd3f965d463529bb4096342c1741a19f28cbf7f2f222d2cb6513ddfe109bf.json,1299,15,1.0,29,0.022324865280985373,1.0,7,0,1.0
1162,2c1345b32de4f6f1c2f60fd25cde9e0817830a0d3eb626dcc82504b7b73566d2,ransomware,LockBit,2023,I386,0,6.0995262443916,EXE,RanDS_Behaviour_Activity_Dataset/dataset/2c/2c1345b32de4f6f1c2f60fd25cde9e0817830a0d3eb626dcc82504b7b73566d2.json,raw_reports/ransomware/2c1345b32de4f6f1c2f60fd25cde9e0817830a0d3eb626dcc82504b7b73566d2.json,17,6,0.75,10,0.5882352941176471,0.7777777777777778,1,2,1.0
1163,2cc9a439b0ba13097ff33a8bb0af64130fec5c4f128c5cc4fcec7403e55ff50c,ransomware,MSIL,2020,I386,0,6.47983474127,EXE,RanDS_Behaviour_Activity_Dataset/dataset/2c/2cc9a439b0ba13097ff33a8bb0af64130fec5c4f128c5cc4fcec7403e55ff50c.json,raw_reports/ransomware/2cc9a439b0ba13097ff33a8bb0af64130fec5c4f128c5cc4fcec7403e55ff50c.json,711,15,1.0,5,0.007032348804500703,1.0,7,0,1.0
1164,2ce23f32cc6773a978869f6ace53a7ea4a441cab0ebb6ee0063faa57c6fe1625,ransomware,Loki,2023,I386,1,7.405858348225,EXE,RanDS_Behaviour_Activity_Dataset/dataset/2c/2ce23f32cc6773a978869f6ace53a7ea4a441cab0ebb6ee0063faa57c6fe1625.json,raw_reports/ransomware/2ce23f32cc6773a978869f6ace53a7ea4a441cab0ebb6ee0063faa57c6fe1625.json,491,14,1.0,30,0.06109979633401222,1.0,6,0,1.0
1165,2d614f088f486f0870b3839ddb361e33efb73526a0a585f691874039f23171cc,ransomware,Cicada,2024,I386,1,6.5588706326101,EXE,RanDS_Behaviour_Activity_Dataset/dataset/2d/2d614f088f486f0870b3839ddb361e33efb73526a0a585f691874039f23171cc.json,raw_reports/ransomware/2d614f088f486f0870b3839ddb361e33efb73526a0a585f691874039f23171cc.json,153,12,1.0,18,0.11764705882352941,1.0,2,0,1.0
1166,2d75c0d3c203b2b9a3b630b1c201f084425debaee1342ef760dde9c2e25868ee,ransomware,Mardom,2024,I386,1,7.7790430920318,EXE,RanDS_Behaviour_Activity_Dataset/dataset/2d/2d75c0d3c203b2b9a3b630b1c201f084425debaee1342ef760dde9c2e25868ee.json,raw_reports/ransomware/2d75c0d3c203b2b9a3b630b1c201f084425debaee1342ef760dde9c2e25868ee.json,717,14,1.0,45,0.06276150627615062,1.0,3,0,1.0
1167,2dfa3abafb66224b42ffe82157d4ae259bbca9a3fefa3e26d7228f8758e35302,ransomware,Symmi,2013,I386,1,7.6614106161105,EXE,RanDS_Behaviour_Activity_Dataset/dataset/2d/2dfa3abafb66224b42ffe82157d4ae259bbca9a3fefa3e26d7228f8758e35302.json,raw_reports/ransomware/2dfa3abafb66224b42ffe82157d4ae259bbca9a3fefa3e26d7228f8758e35302.json,49,10,1.0,0,0.0,0.6666666666666666,4,3,1.0
1168,2e969fc8e86608f90e45081fc254165bee81b9bfec47e86fca8b954d2f91ee11,ransomware,STOP,2023,I386,1,7.6497919884925,EXE,RanDS_Behaviour_Activity_Dataset/dataset/2e/2e969fc8e86608f90e45081fc254165bee81b9bfec47e86fca8b954d2f91ee11.json,raw_reports/ransomware/2e969fc8e86608f90e45081fc254165bee81b9bfec47e86fca8b954d2f91ee11.json,86,12,1.0,13,0.1511627906976744,1.0,3,0,1.0
1169,2e97ac73068b42ee9c6b5b5eba689eeb19b16af0c0269e43b8b48a087a2d25be,ransomware,Loki,2023,I386,1,6.8480826952672,EXE,RanDS_Behaviour_Activity_Dataset/dataset/2e/2e97ac73068b42ee9c6b5b5eba689eeb19b16af0c0269e43b8b48a087a2d25be.json,raw_reports/ransomware/2e97ac73068b42ee9c6b5b5eba689eeb19b16af0c0269e43b8b48a087a2d25be.json,702,12,1.0,20,0.02849002849002849,1.0,3,0,1.0
1170,2e9a1adb0c91d69cb0cc8f20a1f88068450f0d8eb78f3ec3118a4bd38ca29c7f,ransomware,ConvAgent,2022,I386,0,5.5396894778724,EXE,RanDS_Behaviour_Activity_Dataset/dataset/2e/2e9a1adb0c91d69cb0cc8f20a1f88068450f0d8eb78f3ec3118a4bd38ca29c7f.json,raw_reports/ransomware/2e9a1adb0c91d69cb0cc8f20a1f88068450f0d8eb78f3ec3118a4bd38ca29c7f.json,32,8,1.0,7,0.21875,0.7777777777777778,0,2,NA
1171,2ee97fca2aaaec7f5232546878134f3ae58ee53997338abf3f119f1b1051eeca,ransomware,STOP,2023,I386,1,7.6330829357999,EXE,RanDS_Behaviour_Activity_Dataset/dataset/2e/2ee97fca2aaaec7f5232546878134f3ae58ee53997338abf3f119f1b1051eeca.json,raw_reports/ransomware/2ee97fca2aaaec7f5232546878134f3ae58ee53997338abf3f119f1b1051eeca.json,1104,15,1.0,126,0.11413043478260869,1.0,5,0,1.0
1172,2ef14a45540f44048be57239820b9769012cdbe70410b10a95bb5fbe1c222934,ransomware,STOP,2023,I386,1,7.0933477411984,EXE,RanDS_Behaviour_Activity_Dataset/dataset/2e/2ef14a45540f44048be57239820b9769012cdbe70410b10a95bb5fbe1c222934.json,raw_reports/ransomware/2ef14a45540f44048be57239820b9769012cdbe70410b10a95bb5fbe1c222934.json,44,14,1.0,8,0.18181818181818182,1.0,2,0,1.0
1173,2f4aa086dfb6c69be3947ca10c177a88ffa7c38f0a1cf3e652e0997e23e3cd2a,ransomware,HLLP,2008,I386,0,3.5879208678327,EXE,RanDS_Behaviour_Activity_Dataset/dataset/2f/2f4aa086dfb6c69be3947ca10c177a88ffa7c38f0a1cf3e652e0997e23e3cd2a.json,raw_reports/ransomware/2f4aa086dfb6c69be3947ca10c177a88ffa7c38f0a1cf3e652e0997e23e3cd2a.json,66,10,1.0,0,0.0,1.0,4,0,1.0
1174,2fb0a24e905687a5443fbe50d21033e4318da3275260bd82d016a9af346bb09b,ransomware,MSIL,2023,I386,1,7.9536246084483,EXE,RanDS_Behaviour_Activity_Dataset/dataset/2f/2fb0a24e905687a5443fbe50d21033e4318da3275260bd82d016a9af346bb09b.json,raw_reports/ransomware/2fb0a24e905687a5443fbe50d21033e4318da3275260bd82d016a9af346bb09b.json,323,13,1.0,33,0.1021671826625387,1.0,4,0,1.0
1175,2fc3daff9cc612085ab214ed62503218ed621de0cc08aace54661b78f98c2f9f,ransomware,XWorm,2025,I386,0,5.9639681717833,EXE,RanDS_Behaviour_Activity_Dataset/dataset/2f/2fc3daff9cc612085ab214ed62503218ed621de0cc08aace54661b78f98c2f9f.json,raw_reports/ransomware/2fc3daff9cc612085ab214ed62503218ed621de0cc08aace54661b78f98c2f9f.json,752,15,1.0,19,0.02526595744680851,1.0,5,0,1.0
1176,304cb6ee1b7c472e7779be689bae38156a157b10eb20f490026e1465154afdaa,ransomware,MSIL,2025,I386,1,7.561458073132,EXE,RanDS_Behaviour_Activity_Dataset/dataset/30/304cb6ee1b7c472e7779be689bae38156a157b10eb20f490026e1465154afdaa.json,raw_reports/ransomware/304cb6ee1b7c472e7779be689bae38156a157b10eb20f490026e1465154afdaa.json,539,14,1.0,39,0.07235621521335807,1.0,4,0,1.0
1177,3117e765891dbd1bcbb36e186b76f3da40777afc9f09448f78588aac63230fbb,ransomware,STOP,2021,I386,1,7.6142355037792,EXE,RanDS_Behaviour_Activity_Dataset/dataset/31/3117e765891dbd1bcbb36e186b76f3da40777afc9f09448f78588aac63230fbb.json,raw_reports/ransomware/3117e765891dbd1bcbb36e186b76f3da40777afc9f09448f78588aac63230fbb.json,738,14,1.0,42,0.056910569105691054,1.0,4,0,1.0
1178,3145f429a8f5e107029566e34c738f4796d950602283c21d84bc67fb3dc2b523,ransomware,Loki,2022,I386,1,6.8803159009367,EXE,RanDS_Behaviour_Activity_Dataset/dataset/31/3145f429a8f5e107029566e34c738f4796d950602283c21d84bc67fb3dc2b523.json,raw_reports/ransomware/3145f429a8f5e107029566e34c738f4796d950602283c21d84bc67fb3dc2b523.json,935,13,1.0,23,0.02459893048128342,1.0,7,0,1.0
1179,3168af462696c8edf2bb2ab1537782ca60135573d977c6d3264ca2069871d9b5,ransomware,MSIL,2020,I386,1,7.6201309503217,EXE,RanDS_Behaviour_Activity_Dataset/dataset/31/3168af462696c8edf2bb2ab1537782ca60135573d977c6d3264ca2069871d9b5.json,raw_reports/ransomware/3168af462696c8edf2bb2ab1537782ca60135573d977c6d3264ca2069871d9b5.json,742,13,1.0,0,0.0,1.0,6,0,1.0
1180,327e8072300c6e15a81ff4ed51b55b2beea354f69e3cda6de7205526eece6ffd,ransomware,XWorm,2024,I386,0,5.5712731070676,EXE,RanDS_Behaviour_Activity_Dataset/dataset/32/327e8072300c6e15a81ff4ed51b55b2beea354f69e3cda6de7205526eece6ffd.json,raw_reports/ransomware/327e8072300c6e15a81ff4ed51b55b2beea354f69e3cda6de7205526eece6ffd.json,751,15,1.0,11,0.014647137150466045,1.0,5,0,1.0
1181,3299f07bc0711b3587fe8a1c6bf3ee6bcbc14cb775f64b28a61d72ebcb8968d3,ransomware,Corona,2020,I386,0,6.2191282781845,EXE,RanDS_Behaviour_Activity_Dataset/dataset/32/3299f07bc0711b3587fe8a1c6bf3ee6bcbc14cb775f64b28a61d72ebcb8968d3.json,raw_reports/ransomware/3299f07bc0711b3587fe8a1c6bf3ee6bcbc14cb775f64b28a61d72ebcb8968d3.json,5170,16,1.0,37,0.007156673114119922,1.0,9,0,1.0
1182,3301dc354fee55efeb8403f1b262259d615c04a9526d229ad8c49fc16a928196,ransomware,Fragtor,2023,I386,0,6.3323106384516,EXE,RanDS_Behaviour_Activity_Dataset/dataset/33/3301dc354fee55efeb8403f1b262259d615c04a9526d229ad8c49fc16a928196.json,raw_reports/ransomware/3301dc354fee55efeb8403f1b262259d615c04a9526d229ad8c49fc16a928196.json,1326,14,1.0,13,0.00980392156862745,1.0,8,0,1.0
1183,331279bc9c13817a232fe692d7e4dd433c48ef8066609d728914844e2e52adb0,ransomware,MSIL,2021,I386,1,7.2948653640604,EXE,RanDS_Behaviour_Activity_Dataset/dataset/33/331279bc9c13817a232fe692d7e4dd433c48ef8066609d728914844e2e52adb0.json,raw_reports/ransomware/331279bc9c13817a232fe692d7e4dd433c48ef8066609d728914844e2e52adb0.json,621,14,1.0,4,0.00644122383252818,1.0,4,0,1.0
1184,33208d34b4f679b8ec036d5be12f4d2ca960dbbd8af46b20247d5df93f1f63a5,ransomware,MSIL,2023,I386,1,7.9861841025674,EXE,RanDS_Behaviour_Activity_Dataset/dataset/33/33208d34b4f679b8ec036d5be12f4d2ca960dbbd8af46b20247d5df93f1f63a5.json,raw_reports/ransomware/33208d34b4f679b8ec036d5be12f4d2ca960dbbd8af46b20247d5df93f1f63a5.json,907,15,1.0,17,0.018743109151047408,1.0,7,0,1.0
1185,33377ee850c860a724a0051abd997920ca84ffe1b3bf8983884e92ac4fb5c803,ransomware,Loki,2022,I386,0,6.1773230374118,EXE,RanDS_Behaviour_Activity_Dataset/dataset/33/33377ee850c860a724a0051abd997920ca84ffe1b3bf8983884e92ac4fb5c803.json,raw_reports/ransomware/33377ee850c860a724a0051abd997920ca84ffe1b3bf8983884e92ac4fb5c803.json,973,16,1.0,33,0.03391572456320658,1.0,7,0,1.0
1186,333d68c6bff4c107f9f4b95c51c5471aa56c03469d8d155bd949902ada3af5fa,ransomware,Nanobot,2024,I386,1,7.8185315139527,EXE,RanDS_Behaviour_Activity_Dataset/dataset/33/333d68c6bff4c107f9f4b95c51c5471aa56c03469d8d155bd949902ada3af5fa.json,raw_reports/ransomware/333d68c6bff4c107f9f4b95c51c5471aa56c03469d8d155bd949902ada3af5fa.json,1287,16,1.0,66,0.05128205128205128,1.0,7,0,1.0
1187,335e572bc05edfc16104eeb309937af925ca20882382ac50ff65607822b49131,ransomware,Marte,2020,I386,1,7.9169471363526,EXE,RanDS_Behaviour_Activity_Dataset/dataset/33/335e572bc05edfc16104eeb309937af925ca20882382ac50ff65607822b49131.json,raw_reports/ransomware/335e572bc05edfc16104eeb309937af925ca20882382ac50ff65607822b49131.json,208,11,1.0,21,0.10096153846153846,1.0,4,0,1.0
1188,337c799d1bb6f33dcf1e525176a52f48acff13e023619fc4b8dd218d5d54e2a2,ransomware,Sodinokibi,2020,I386,1,7.1725537748986,DLL,RanDS_Behaviour_Activity_Dataset/dataset/33/337c799d1bb6f33dcf1e525176a52f48acff13e023619fc4b8dd218d5d54e2a2.json,raw_reports/ransomware/337c799d1bb6f33dcf1e525176a52f48acff13e023619fc4b8dd218d5d54e2a2.json,313,11,1.0,2,0.006389776357827476,1.0,3,0,1.0
1189,33d002a3eb2ac4b538ed7eae35248a2a180d568c6a064e83994783fff03d966a,ransomware,XWorm,2025,I386,0,5.592110168403,EXE,RanDS_Behaviour_Activity_Dataset/dataset/33/33d002a3eb2ac4b538ed7eae35248a2a180d568c6a064e83994783fff03d966a.json,raw_reports/ransomware/33d002a3eb2ac4b538ed7eae35248a2a180d568c6a064e83994783fff03d966a.json,433,13,1.0,20,0.046189376443418015,1.0,4,0,1.0
1190,33f6274e3978859f8d19be5d29fdd9c8c0d66979a0c137b8b9f02b51a7bfc426,ransomware,TrickBot,2019,I386,0,4.7597021434871,EXE,RanDS_Behaviour_Activity_Dataset/dataset/33/33f6274e3978859f8d19be5d29fdd9c8c0d66979a0c137b8b9f02b51a7bfc426.json,raw_reports/ransomware/33f6274e3978859f8d19be5d29fdd9c8c0d66979a0c137b8b9f02b51a7bfc426.json,530,11,1.0,56,0.10566037735849057,1.0,4,0,1.0
1191,3446602893829f57687ab3fd132821036d66df46c132b79802b279d3ef79b737,ransomware,MSIL,2023,I386,1,7.5700611163155,EXE,RanDS_Behaviour_Activity_Dataset/dataset/34/3446602893829f57687ab3fd132821036d66df46c132b79802b279d3ef79b737.json,raw_reports/ransomware/3446602893829f57687ab3fd132821036d66df46c132b79802b279d3ef79b737.json,22,4,0.5,8,0.36363636363636365,0.6666666666666666,0,3,NA
1192,346ecaefae05b05fb5779e1131b246b148107821725a25062001bc0459c59406,ransomware,MSIL,2022,I386,1,7.8538259106759,EXE,RanDS_Behaviour_Activity_Dataset/dataset/34/346ecaefae05b05fb5779e1131b246b148107821725a25062001bc0459c59406.json,raw_reports/ransomware/346ecaefae05b05fb5779e1131b246b148107821725a25062001bc0459c59406.json,847,15,1.0,17,0.020070838252656435,1.0,4,0,1.0
1193,34b05b1f2beb22ede05631f539e1f2bdcfbd81f851b0c86133d1cff625c3d861,ransomware,MSIL,2023,I386,1,7.9365495990193,EXE,RanDS_Behaviour_Activity_Dataset/dataset/34/34b05b1f2beb22ede05631f539e1f2bdcfbd81f851b0c86133d1cff625c3d861.json,raw_reports/ransomware/34b05b1f2beb22ede05631f539e1f2bdcfbd81f851b0c86133d1cff625c3d861.json,665,15,1.0,22,0.03308270676691729,1.0,6,0,1.0
1194,34f97fa022bcab02aa6d9304a871bf226edc4050fe66ab334d33f1d3f59e0911,ransomware,Disabler,2023,I386,1,7.9170656680014,EXE,RanDS_Behaviour_Activity_Dataset/dataset/34/34f97fa022bcab02aa6d9304a871bf226edc4050fe66ab334d33f1d3f59e0911.json,raw_reports/ransomware/34f97fa022bcab02aa6d9304a871bf226edc4050fe66ab334d33f1d3f59e0911.json,918,14,1.0,16,0.017429193899782137,1.0,6,0,1.0
1195,3507f2b815b301d68e2ebd42e4bf95e5c60bf0a7b734e65baff7716d9126a2f1,ransomware,STOP,2022,I386,0,6.4109928187307,EXE,RanDS_Behaviour_Activity_Dataset/dataset/35/3507f2b815b301d68e2ebd42e4bf95e5c60bf0a7b734e65baff7716d9126a2f1.json,raw_reports/ransomware/3507f2b815b301d68e2ebd42e4bf95e5c60bf0a7b734e65baff7716d9126a2f1.json,16,8,1.0,6,0.375,0.8888888888888888,3,1,1.0
1196,350edaca28b1572c31165431bafc7d1e0552c45f3186ffa039de33a58e55144e,ransomware,Fragtor,2023,I386,1,6.5801284074164,EXE,RanDS_Behaviour_Activity_Dataset/dataset/35/350edaca28b1572c31165431bafc7d1e0552c45f3186ffa039de33a58e55144e.json,raw_reports/ransomware/350edaca28b1572c31165431bafc7d1e0552c45f3186ffa039de33a58e55144e.json,502,11,1.0,28,0.055776892430278883,1.0,2,0,1.0
1197,355ba50a9cc4908916a0e14f2d82f42ab0125fdb22a226756ef15e0c297e2c9a,ransomware,Lamer,2023,I386,0,6.0058670558551,EXE,RanDS_Behaviour_Activity_Dataset/dataset/35/355ba50a9cc4908916a0e14f2d82f42ab0125fdb22a226756ef15e0c297e2c9a.json,raw_reports/ransomware/355ba50a9cc4908916a0e14f2d82f42ab0125fdb22a226756ef15e0c297e2c9a.json,117,8,1.0,4,0.03418803418803419,1.0,4,0,1.0
1198,355fa92b1986f2c6e0021a280894d342ef87b98577462dd3e3bebe809f4f4dbb,ransomware,Jalapeno,2025,I386,0,5.196682671938,EXE,RanDS_Behaviour_Activity_Dataset/dataset/35/355fa92b1986f2c6e0021a280894d342ef87b98577462dd3e3bebe809f4f4dbb.json,raw_reports/ransomware/355fa92b1986f2c6e0021a280894d342ef87b98577462dd3e3bebe809f4f4dbb.json,919,15,1.0,103,0.11207834602829161,1.0,6,0,1.0
1199,35822e68e8334cb47ca9cf01a80ec85047fbf6218298a4c4ee08b41b02bb9658,ransomware,MSIL,2023,I386,1,6.7815538336842,EXE,RanDS_Behaviour_Activity_Dataset/dataset/35/35822e68e8334cb47ca9cf01a80ec85047fbf6218298a4c4ee08b41b02bb9658.json,raw_reports/ransomware/35822e68e8334cb47ca9cf01a80ec85047fbf6218298a4c4ee08b41b02bb9658.json,1323,15,1.0,17,0.012849584278155708,1.0,6,0,1.0
1200,35b4ab12ba039e181a02fba0241d4cee8a70f9d3d0cca2e1a53d67dc91b20d44,ransomware,MSIL,2023,I386,1,7.8043376143077,EXE,RanDS_Behaviour_Activity_Dataset/dataset/35/35b4ab12ba039e181a02fba0241d4cee8a70f9d3d0cca2e1a53d67dc91b20d44.json,raw_reports/ransomware/35b4ab12ba039e181a02fba0241d4cee8a70f9d3d0cca2e1a53d67dc91b20d44.json,974,15,1.0,21,0.021560574948665298,1.0,5,0,1.0
1201,35c4a830c22df437d6881b7115631646eaac6aac844ff3d3d055d0f528866857,ransomware,AsyncRAT,2025,I386,0,5.8037150693995,EXE,RanDS_Behaviour_Activity_Dataset/dataset/35/35c4a830c22df437d6881b7115631646eaac6aac844ff3d3d055d0f528866857.json,raw_reports/ransomware/35c4a830c22df437d6881b7115631646eaac6aac844ff3d3d055d0f528866857.json,715,14,1.0,14,0.019580419580419582,1.0,4,0,1.0
1202,35e897531f9dba7e24d269e93cc77a3bca1c3b7e8ce4805d457040c0dfe5f320,ransomware,Vilsel,2013,I386,0,4.167976245444,EXE,RanDS_Behaviour_Activity_Dataset/dataset/35/35e897531f9dba7e24d269e93cc77a3bca1c3b7e8ce4805d457040c0dfe5f320.json,raw_reports/ransomware/35e897531f9dba7e24d269e93cc77a3bca1c3b7e8ce4805d457040c0dfe5f320.json,80,8,1.0,0,0.0,0.7777777777777778,4,2,1.0
1203,35f3bd46b2e5aae8b8ce493fa2b64fc091caaefc882a7b391dff4fe79eb73d14,ransomware,MSIL,2023,I386,1,7.8613554566056,EXE,RanDS_Behaviour_Activity_Dataset/dataset/35/35f3bd46b2e5aae8b8ce493fa2b64fc091caaefc882a7b391dff4fe79eb73d14.json,raw_reports/ransomware/35f3bd46b2e5aae8b8ce493fa2b64fc091caaefc882a7b391dff4fe79eb73d14.json,738,13,1.0,19,0.025745257452574527,1.0,4,0,1.0
1204,35fb2d676947d8b7d6dcd9f1890570fb594e9a341cfb9b341c65d615e20ffdaa,ransomware,Blocker,2020,I386,1,7.9921659300495,EXE,RanDS_Behaviour_Activity_Dataset/dataset/35/35fb2d676947d8b7d6dcd9f1890570fb594e9a341cfb9b341c65d615e20ffdaa.json,raw_reports/ransomware/35fb2d676947d8b7d6dcd9f1890570fb594e9a341cfb9b341c65d615e20ffdaa.json,3221,15,1.0,44,0.013660353927351754,1.0,7,0,1.0
1205,361664c93a92a62ada871b05e9ebcaa24d8cd85adcfc5ad1b088eb92c94b1f4e,ransomware,GandCrab,2020,I386,0,6.4445763674123,EXE,RanDS_Behaviour_Activity_Dataset/dataset/36/361664c93a92a62ada871b05e9ebcaa24d8cd85adcfc5ad1b088eb92c94b1f4e.json,raw_reports/ransomware/361664c93a92a62ada871b05e9ebcaa24d8cd85adcfc5ad1b088eb92c94b1f4e.json,69,5,0.625,0,0.0,0.8888888888888888,4,1,1.0
1206,3638fb29f35159f40a33f6b6ef0ea33ab9439cca80e8359e99be2c396d18713f,ransomware,MSIL,2022,I386,1,7.8117643984382,EXE,RanDS_Behaviour_Activity_Dataset/dataset/36/3638fb29f35159f40a33f6b6ef0ea33ab9439cca80e8359e99be2c396d18713f.json,raw_reports/ransomware/3638fb29f35159f40a33f6b6ef0ea33ab9439cca80e8359e99be2c396d18713f.json,646,16,1.0,34,0.05263157894736842,1.0,6,0,1.0
1207,36446a57a54aba2517efca37eedd77c89dfc06e056369eac32397e8679660ff7,ransomware,LockBit,2021,I386,1,7.5064629722517,EXE,RanDS_Behaviour_Activity_Dataset/dataset/36/36446a57a54aba2517efca37eedd77c89dfc06e056369eac32397e8679660ff7.json,raw_reports/ransomware/36446a57a54aba2517efca37eedd77c89dfc06e056369eac32397e8679660ff7.json,3072,16,1.0,45,0.0146484375,1.0,9,0,1.0
1208,367e5e97153f85008f89e575fc7e5b871eccc671b8247acb92e89a128204ab41,ransomware,Mardom,2020,I386,1,7.1205921166161,EXE,RanDS_Behaviour_Activity_Dataset/dataset/36/367e5e97153f85008f89e575fc7e5b871eccc671b8247acb92e89a128204ab41.json,raw_reports/ransomware/367e5e97153f85008f89e575fc7e5b871eccc671b8247acb92e89a128204ab41.json,548,13,1.0,9,0.016423357664233577,1.0,4,0,1.0
1209,36b3118dfb0fa8613289e716164707db9da50e12601105e5b2242acfed48fb59,ransomware,Loki,2020,I386,1,7.6046335375997,EXE,RanDS_Behaviour_Activity_Dataset/dataset/36/36b3118dfb0fa8613289e716164707db9da50e12601105e5b2242acfed48fb59.json,raw_reports/ransomware/36b3118dfb0fa8613289e716164707db9da50e12601105e5b2242acfed48fb59.json,1278,14,1.0,6,0.004694835680751174,1.0,6,0,1.0
1210,36bcecfb509de07cc3401268dc20d59ff47ee23725f1b37da823e1e762836808,ransomware,Sality,2011,I386,1,7.090757224357,EXE,RanDS_Behaviour_Activity_Dataset/dataset/36/36bcecfb509de07cc3401268dc20d59ff47ee23725f1b37da823e1e762836808.json,raw_reports/ransomware/36bcecfb509de07cc3401268dc20d59ff47ee23725f1b37da823e1e762836808.json,1154,14,1.0,22,0.019064124783362217,1.0,5,0,1.0
1211,36fd89e323c06e382fd3bba14370caa9084f37f2eb1983f70a9cf600fe7096d5,ransomware,Marte,2020,I386,1,7.3490195607677,EXE,RanDS_Behaviour_Activity_Dataset/dataset/36/36fd89e323c06e382fd3bba14370caa9084f37f2eb1983f70a9cf600fe7096d5.json,raw_reports/ransomware/36fd89e323c06e382fd3bba14370caa9084f37f2eb1983f70a9cf600fe7096d5.json,241,13,1.0,2,0.008298755186721992,1.0,6,0,1.0
1212,37041fe68439222d1e03aa87d8e6573bdcdeb93545848066f76d43988922174f,ransomware,MSIL,2022,I386,1,7.4211784418059,EXE,RanDS_Behaviour_Activity_Dataset/dataset/37/37041fe68439222d1e03aa87d8e6573bdcdeb93545848066f76d43988922174f.json,raw_reports/ransomware/37041fe68439222d1e03aa87d8e6573bdcdeb93545848066f76d43988922174f.json,691,14,1.0,9,0.013024602026049204,1.0,6,0,1.0
1213,3753d271e208f3f811fdef49d4aaf9289b03959e3e221817ca99dd92f09b2bb5,ransomware,Ursu,2021,I386,0,5.0654914924129,EXE,RanDS_Behaviour_Activity_Dataset/dataset/37/3753d271e208f3f811fdef49d4aaf9289b03959e3e221817ca99dd92f09b2bb5.json,raw_reports/ransomware/3753d271e208f3f811fdef49d4aaf9289b03959e3e221817ca99dd92f09b2bb5.json,173,9,1.0,36,0.20809248554913296,1.0,4,0,1.0
1214,385bd30e44dd85927d751b6c2b3a85a598f8ab27724f2a79d43b59bbdd94eff3,ransomware,Lumma,2025,Amd64,1,7.3963087571631,EXE,RanDS_Behaviour_Activity_Dataset/dataset/38/385bd30e44dd85927d751b6c2b3a85a598f8ab27724f2a79d43b59bbdd94eff3.json,raw_reports/ransomware/385bd30e44dd85927d751b6c2b3a85a598f8ab27724f2a79d43b59bbdd94eff3.json,374,14,1.0,20,0.053475935828877004,1.0,3,0,1.0
1215,387575473058c7241ac8c132e42be4a3a8c2320daea44140722c482e021364c7,ransomware,Loki,2022,I386,1,7.3827513402237,EXE,RanDS_Behaviour_Activity_Dataset/dataset/38/387575473058c7241ac8c132e42be4a3a8c2320daea44140722c482e021364c7.json,raw_reports/ransomware/387575473058c7241ac8c132e42be4a3a8c2320daea44140722c482e021364c7.json,1043,16,1.0,38,0.0364333652924257,1.0,7,0,1.0
1216,38895808abd18d255c1699c61030e6303ed210de15c8048c265b4747cadf5b6c,ransomware,STOP,2022,I386,0,6.4188297544645,EXE,RanDS_Behaviour_Activity_Dataset/dataset/38/38895808abd18d255c1699c61030e6303ed210de15c8048c265b4747cadf5b6c.json,raw_reports/ransomware/38895808abd18d255c1699c61030e6303ed210de15c8048c265b4747cadf5b6c.json,1057,16,1.0,33,0.03122043519394513,1.0,7,0,1.0
1217,38aeffdbbd7dc10a0527c8f0b33f100b50e70d41434258b969d1cf7fe57e946b,ransomware,Loki,2023,I386,1,7.7119475180701,EXE,RanDS_Behaviour_Activity_Dataset/dataset/38/38aeffdbbd7dc10a0527c8f0b33f100b50e70d41434258b969d1cf7fe57e946b.json,raw_reports/ransomware/38aeffdbbd7dc10a0527c8f0b33f100b50e70d41434258b969d1cf7fe57e946b.json,387,15,1.0,24,0.06201550387596899,1.0,6,0,1.0
1218,38eaca2db037474dc07ba540efd3348e9ad1a7a9cb395b60db84409152f26463,ransomware,MSIL,2022,I386,0,4.7312057410508,EXE,RanDS_Behaviour_Activity_Dataset/dataset/38/38eaca2db037474dc07ba540efd3348e9ad1a7a9cb395b60db84409152f26463.json,raw_reports/ransomware/38eaca2db037474dc07ba540efd3348e9ad1a7a9cb395b60db84409152f26463.json,569,13,1.0,18,0.03163444639718805,1.0,4,0,1.0
1219,397e51f9b8a9a61de32f21b12d23334dca268c256d9024cfe4fb3605bd9c4204,ransomware,Loki,2022,I386,1,7.7993454183595,EXE,RanDS_Behaviour_Activity_Dataset/dataset/39/397e51f9b8a9a61de32f21b12d23334dca268c256d9024cfe4fb3605bd9c4204.json,raw_reports/ransomware/397e51f9b8a9a61de32f21b12d23334dca268c256d9024cfe4fb3605bd9c4204.json,647,14,1.0,16,0.02472952086553323,1.0,4,0,1.0
1220,3a11751f547baa7ab9c5b09db9892c3c8a70e878d3fe051cba7124188fa35b57,ransomware,GandCrab,2018,I386,0,6.4215903969794,EXE,RanDS_Behaviour_Activity_Dataset/dataset/3a/3a11751f547baa7ab9c5b09db9892c3c8a70e878d3fe051cba7124188fa35b57.json,raw_reports/ransomware/3a11751f547baa7ab9c5b09db9892c3c8a70e878d3fe051cba7124188fa35b57.json,505,12,1.0,2,0.0039603960396039604,1.0,5,0,1.0
1221,3a156d1223d2420acadac6e2b8e9f27c4724515b4bf456fd34b4ad3aff36a8c4,ransomware,Fragtor,2023,I386,1,7.8504672511499,EXE,RanDS_Behaviour_Activity_Dataset/dataset/3a/3a156d1223d2420acadac6e2b8e9f27c4724515b4bf456fd34b4ad3aff36a8c4.json,raw_reports/ransomware/3a156d1223d2420acadac6e2b8e9f27c4724515b4bf456fd34b4ad3aff36a8c4.json,1059,15,1.0,36,0.0339943342776204,1.0,8,0,1.0
1222,3a4a199fb9796ce914f2b483e367190289a0a7586650b22cda8e7ba631cb11c6,ransomware,MSIL,2023,I386,1,7.2925502970224,EXE,RanDS_Behaviour_Activity_Dataset/dataset/3a/3a4a199fb9796ce914f2b483e367190289a0a7586650b22cda8e7ba631cb11c6.json,raw_reports/ransomware/3a4a199fb9796ce914f2b483e367190289a0a7586650b22cda8e7ba631cb11c6.json,713,14,1.0,36,0.05049088359046283,1.0,6,0,1.0
1223,3a5ea9a41c8b14468acc57135ac9f8af1f8fadb758b9b08a5da3243ed23f3ddf,ransomware,Razy,2011,I386,1,6.6167656782872,EXE,RanDS_Behaviour_Activity_Dataset/dataset/3a/3a5ea9a41c8b14468acc57135ac9f8af1f8fadb758b9b08a5da3243ed23f3ddf.json,raw_reports/ransomware/3a5ea9a41c8b14468acc57135ac9f8af1f8fadb758b9b08a5da3243ed23f3ddf.json,703,12,1.0,2,0.002844950213371266,0.8888888888888888,4,1,1.0
1224,3b11d3b4c147c9ddd414b888f6cb7ff81d25996c1655d23a7e29a32a9612e7e9,ransomware,MSILHeracles,2021,I386,0,6.0892739801825,EXE,RanDS_Behaviour_Activity_Dataset/dataset/3b/3b11d3b4c147c9ddd414b888f6cb7ff81d25996c1655d23a7e29a32a9612e7e9.json,raw_reports/ransomware/3b11d3b4c147c9ddd414b888f6cb7ff81d25996c1655d23a7e29a32a9612e7e9.json,626,11,1.0,39,0.06230031948881789,0.8888888888888888,3,1,1.0
1225,3b5a8e898e6ecd4cfd2522224ed72bc9631dffda8ff4ba104e59542dc1578f54,ransomware,MSIL,2025,I386,1,7.7491056736797,EXE,RanDS_Behaviour_Activity_Dataset/dataset/3b/3b5a8e898e6ecd4cfd2522224ed72bc9631dffda8ff4ba104e59542dc1578f54.json,raw_reports/ransomware/3b5a8e898e6ecd4cfd2522224ed72bc9631dffda8ff4ba104e59542dc1578f54.json,1363,14,1.0,57,0.04181951577402788,1.0,8,0,1.0
1226,3bbcb9ffb6f43869baa3073237c68c8274b4b209069f103be8490e7e6a94265a,ransomware,Zeppelin,2022,I386,1,7.4597918927263,EXE,RanDS_Behaviour_Activity_Dataset/dataset/3b/3bbcb9ffb6f43869baa3073237c68c8274b4b209069f103be8490e7e6a94265a.json,raw_reports/ransomware/3bbcb9ffb6f43869baa3073237c68c8274b4b209069f103be8490e7e6a94265a.json,1139,12,1.0,15,0.013169446883230905,1.0,6,0,1.0
1227,3bbd21f5a022a0133c020321783cc10a295795b97f799773dea00b295b51a510,ransomware,MSIL,2023,I386,0,4.9101742623113,EXE,RanDS_Behaviour_Activity_Dataset/dataset/3b/3bbd21f5a022a0133c020321783cc10a295795b97f799773dea00b295b51a510.json,raw_reports/ransomware/3bbd21f5a022a0133c020321783cc10a295795b97f799773dea00b295b51a510.json,937,14,1.0,20,0.021344717182497332,1.0,5,0,1.0
1228,3be37af297b190efb8db29422fb9f74e329db481d55065731a669834daa8a449,ransomware,MSIL,2010,I386,1,7.9982405392535,EXE,RanDS_Behaviour_Activity_Dataset/dataset/3b/3be37af297b190efb8db29422fb9f74e329db481d55065731a669834daa8a449.json,raw_reports/ransomware/3be37af297b190efb8db29422fb9f74e329db481d55065731a669834daa8a449.json,1951,15,1.0,15,0.007688364941055869,1.0,6,0,1.0
1229,3c634ef22177b0460a3f9eda7c0320292604c3ba13029955761ea2b6522d3c1f,ransomware,LockBit,2022,I386,1,6.5514611449845,EXE,RanDS_Behaviour_Activity_Dataset/dataset/3c/3c634ef22177b0460a3f9eda7c0320292604c3ba13029955761ea2b6522d3c1f.json,raw_reports/ransomware/3c634ef22177b0460a3f9eda7c0320292604c3ba13029955761ea2b6522d3c1f.json,586,15,1.0,33,0.05631399317406143,1.0,7,0,1.0
1230,3c7f88c4b28d77ab110a97fc2c8512fd5b0c9c9dd969ab6fa9124388697c1be3,ransomware,Genie,2025,I386,1,7.1569158147742,EXE,RanDS_Behaviour_Activity_Dataset/dataset/3c/3c7f88c4b28d77ab110a97fc2c8512fd5b0c9c9dd969ab6fa9124388697c1be3.json,raw_reports/ransomware/3c7f88c4b28d77ab110a97fc2c8512fd5b0c9c9dd969ab6fa9124388697c1be3.json,1159,15,1.0,53,0.0457290767903365,1.0,6,0,1.0
1231,3c990bd4ed600437f05bf73555b01459ae253fde3ae5b1489a8259ad2a51c745,ransomware,Nanobot,2021,I386,1,7.8013925018737,EXE,RanDS_Behaviour_Activity_Dataset/dataset/3c/3c990bd4ed600437f05bf73555b01459ae253fde3ae5b1489a8259ad2a51c745.json,raw_reports/ransomware/3c990bd4ed600437f05bf73555b01459ae253fde3ae5b1489a8259ad2a51c745.json,522,14,1.0,38,0.07279693486590039,1.0,4,0,1.0
1232,3ca1a9ee70e56cd13b3472f4263f9c480d5fa9d70a18335e28ea41b5bb048461,ransomware,Loki,2023,I386,1,7.3823526375216,EXE,RanDS_Behaviour_Activity_Dataset/dataset/3c/3ca1a9ee70e56cd13b3472f4263f9c480d5fa9d70a18335e28ea41b5bb048461.json,raw_reports/ransomware/3ca1a9ee70e56cd13b3472f4263f9c480d5fa9d70a18335e28ea41b5bb048461.json,884,15,1.0,29,0.032805429864253395,1.0,7,0,1.0
1233,3cbe06b50772c78115eff1d8c23e8d24b3f2d3ba28000d031c137acee93f5aaf,ransomware,MSIL,2024,I386,1,6.9263754001078,EXE,RanDS_Behaviour_Activity_Dataset/dataset/3c/3cbe06b50772c78115eff1d8c23e8d24b3f2d3ba28000d031c137acee93f5aaf.json,raw_reports/ransomware/3cbe06b50772c78115eff1d8c23e8d24b3f2d3ba28000d031c137acee93f5aaf.json,738,14,1.0,24,0.032520325203252036,1.0,4,0,1.0
1234,3cc842d0cf913862a951f2c260c90e83559be1e566561165e8c7cfa918d80ab0,ransomware,TrickBot,2020,I386,0,6.414906197986,EXE,RanDS_Behaviour_Activity_Dataset/dataset/3c/3cc842d0cf913862a951f2c260c90e83559be1e566561165e8c7cfa918d80ab0.json,raw_reports/ransomware/3cc842d0cf913862a951f2c260c90e83559be1e566561165e8c7cfa918d80ab0.json,857,15,1.0,9,0.010501750291715286,1.0,5,0,1.0
1235,3cf79fc23f11a3083159b0a8b5b0c04068ccb93715a1f82e360ea31608a300bf,ransomware,Zeppelin,2022,I386,0,6.231036072049,EXE,RanDS_Behaviour_Activity_Dataset/dataset/3c/3cf79fc23f11a3083159b0a8b5b0c04068ccb93715a1f82e360ea31608a300bf.json,raw_reports/ransomware/3cf79fc23f11a3083159b0a8b5b0c04068ccb93715a1f82e360ea31608a300bf.json,474,13,1.0,12,0.02531645569620253,1.0,4,0,1.0
1236,3d01855be40375db8e34e1fb1f7052ffc5568c0e9e807df775c7bb7c9eac1585,ransomware,Symmi,2025,I386,1,7.9517984443793,EXE,RanDS_Behaviour_Activity_Dataset/dataset/3d/3d01855be40375db8e34e1fb1f7052ffc5568c0e9e807df775c7bb7c9eac1585.json,raw_reports/ransomware/3d01855be40375db8e34e1fb1f7052ffc5568c0e9e807df775c7bb7c9eac1585.json,415,14,1.0,22,0.05301204819277108,1.0,4,0,1.0
1237,3d03962d2e2233dfee31222cecbff1a4fe89f6ed7ccd7e4a6040951e9bd34178,ransomware,Fragtor,2022,I386,1,7.9162847695592,EXE,RanDS_Behaviour_Activity_Dataset/dataset/3d/3d03962d2e2233dfee31222cecbff1a4fe89f6ed7ccd7e4a6040951e9bd34178.json,raw_reports/ransomware/3d03962d2e2233dfee31222cecbff1a4fe89f6ed7ccd7e4a6040951e9bd34178.json,538,11,1.0,11,0.020446096654275093,1.0,4,0,1.0
1238,3d284e40d206579789e3e2fee1db9762c628f1381c4fd5722f98f0d272756587,ransomware,MSIL,2022,I386,1,7.9177934135639,EXE,RanDS_Behaviour_Activity_Dataset/dataset/3d/3d284e40d206579789e3e2fee1db9762c628f1381c4fd5722f98f0d272756587.json,raw_reports/ransomware/3d284e40d206579789e3e2fee1db9762c628f1381c4fd5722f98f0d272756587.json,619,13,1.0,17,0.027463651050080775,1.0,5,0,1.0
1239,3d2d4932b38d1e1d37482e994eba2c33927a90e9452ee52c06b5049cfa96fb58,ransomware,MSIL,2025,I386,1,7.7504424978441,EXE,RanDS_Behaviour_Activity_Dataset/dataset/3d/3d2d4932b38d1e1d37482e994eba2c33927a90e9452ee52c06b5049cfa96fb58.json,raw_reports/ransomware/3d2d4932b38d1e1d37482e994eba2c33927a90e9452ee52c06b5049cfa96fb58.json,838,14,1.0,42,0.050119331742243436,1.0,3,0,1.0
1240,3d2d7b8ac92b03b3bb62ace5c99c55d3dd6f253880be6b96037d4032d4f363d5,ransomware,Zeppelin,2022,I386,1,6.9392979272191,EXE,RanDS_Behaviour_Activity_Dataset/dataset/3d/3d2d7b8ac92b03b3bb62ace5c99c55d3dd6f253880be6b96037d4032d4f363d5.json,raw_reports/ransomware/3d2d7b8ac92b03b3bb62ace5c99c55d3dd6f253880be6b96037d4032d4f363d5.json,495,12,1.0,14,0.028282828282828285,1.0,4,0,1.0
1241,3d2e5fca23c3e04d3736fcf3428b93423ca3543c2ceee7e41aa0951b0efd54de,ransomware,Prometheus,2022,I386,1,7.0701591964165,EXE,RanDS_Behaviour_Activity_Dataset/dataset/3d/3d2e5fca23c3e04d3736fcf3428b93423ca3543c2ceee7e41aa0951b0efd54de.json,raw_reports/ransomware/3d2e5fca23c3e04d3736fcf3428b93423ca3543c2ceee7e41aa0951b0efd54de.json,921,15,1.0,13,0.014115092290988056,1.0,8,0,1.0
1242,3d3da6bf778a5e3409e3992d339ea01c51b60b2ec88c29b178d1f2f6efc93f8b,ransomware,Lumma,2024,I386,0,6.3756670741914,EXE,RanDS_Behaviour_Activity_Dataset/dataset/3d/3d3da6bf778a5e3409e3992d339ea01c51b60b2ec88c29b178d1f2f6efc93f8b.json,raw_reports/ransomware/3d3da6bf778a5e3409e3992d339ea01c51b60b2ec88c29b178d1f2f6efc93f8b.json,51,9,1.0,12,0.23529411764705882,1.0,2,0,1.0
1243,3d4072b7826c27f5aa407e7ba64a3ce64beeb00d1fd5d02042afb9cc95b18835,ransomware,Nanobot,2022,I386,1,7.4408433730687,EXE,RanDS_Behaviour_Activity_Dataset/dataset/3d/3d4072b7826c27f5aa407e7ba64a3ce64beeb00d1fd5d02042afb9cc95b18835.json,raw_reports/ransomware/3d4072b7826c27f5aa407e7ba64a3ce64beeb00d1fd5d02042afb9cc95b18835.json,720,15,1.0,32,0.044444444444444446,1.0,5,0,1.0
1244,3d49231c9a27721a2ee470b5cb6b8e829dea19f87c5f8713302c5f496dfaf892,ransomware,Razy,2012,I386,1,7.2263759076098,EXE,RanDS_Behaviour_Activity_Dataset/dataset/3d/3d49231c9a27721a2ee470b5cb6b8e829dea19f87c5f8713302c5f496dfaf892.json,raw_reports/ransomware/3d49231c9a27721a2ee470b5cb6b8e829dea19f87c5f8713302c5f496dfaf892.json,58,6,0.75,1,0.017241379310344827,0.1111111111111111,1,8,NA
1245,3d550eff0445714bd0d991a36cdd1827fa4157c465bac4d50f60a4d98056e916,ransomware,ConvAgent,2023,I386,1,6.6732805933412,EXE,RanDS_Behaviour_Activity_Dataset/dataset/3d/3d550eff0445714bd0d991a36cdd1827fa4157c465bac4d50f60a4d98056e916.json,raw_reports/ransomware/3d550eff0445714bd0d991a36cdd1827fa4157c465bac4d50f60a4d98056e916.json,559,15,1.0,16,0.028622540250447227,1.0,4,0,1.0
1246,3d62e721af724f9ac4dd0db1d3fee3822860a528ebfe24b88fda7d32ce723dec,ransomware,MSIL,2023,I386,1,7.9157423241671,EXE,RanDS_Behaviour_Activity_Dataset/dataset/3d/3d62e721af724f9ac4dd0db1d3fee3822860a528ebfe24b88fda7d32ce723dec.json,raw_reports/ransomware/3d62e721af724f9ac4dd0db1d3fee3822860a528ebfe24b88fda7d32ce723dec.json,258,11,1.0,18,0.06976744186046512,1.0,5,0,1.0
1247,3de39937dbba16980b665dcf03505af8bd11a77a9f09d8e5ca69837932a9340e,ransomware,MSIL,2023,I386,1,7.3836654448185,EXE,RanDS_Behaviour_Activity_Dataset/dataset/3d/3de39937dbba16980b665dcf03505af8bd11a77a9f09d8e5ca69837932a9340e.json,raw_reports/ransomware/3de39937dbba16980b665dcf03505af8bd11a77a9f09d8e5ca69837932a9340e.json,1302,15,1.0,24,0.018433179723502304,1.0,7,0,1.0
1248,3e2069f34f765ef6475382267e447ff26e0da4076cff0d9b8dc4b639a5fedf3c,ransomware,Razy,2021,I386,1,7.7236921832851,EXE,RanDS_Behaviour_Activity_Dataset/dataset/3e/3e2069f34f765ef6475382267e447ff26e0da4076cff0d9b8dc4b639a5fedf3c.json,raw_reports/ransomware/3e2069f34f765ef6475382267e447ff26e0da4076cff0d9b8dc4b639a5fedf3c.json,117,6,0.75,36,0.3076923076923077,0.7777777777777778,3,2,NA
1249,3e4ece1631713f959b5949c5f639c18777ccdbf2728b0083e57be6908636c9fe,ransomware,Loki,2023,I386,1,7.6532774520722,EXE,RanDS_Behaviour_Activity_Dataset/dataset/3e/3e4ece1631713f959b5949c5f639c18777ccdbf2728b0083e57be6908636c9fe.json,raw_reports/ransomware/3e4ece1631713f959b5949c5f639c18777ccdbf2728b0083e57be6908636c9fe.json,570,13,1.0,12,0.021052631578947368,1.0,4,0,1.0
1250,3e74e391bdc035f8c48b53e9ded90c8cf4d10e4404b80138e67104bedb317299,ransomware,Prometheus,2022,I386,1,7.0978931088892,EXE,RanDS_Behaviour_Activity_Dataset/dataset/3e/3e74e391bdc035f8c48b53e9ded90c8cf4d10e4404b80138e67104bedb317299.json,raw_reports/ransomware/3e74e391bdc035f8c48b53e9ded90c8cf4d10e4404b80138e67104bedb317299.json,1926,15,1.0,134,0.0695742471443406,1.0,9,0,1.0
1251,3e82ba7a878de1a9b4be355b6858bb3bf6786245a9085d8b005262712a6fa63d,ransomware,ConvAgent,2022,I386,1,7.0527624168863,EXE,RanDS_Behaviour_Activity_Dataset/dataset/3e/3e82ba7a878de1a9b4be355b6858bb3bf6786245a9085d8b005262712a6fa63d.json,raw_reports/ransomware/3e82ba7a878de1a9b4be355b6858bb3bf6786245a9085d8b005262712a6fa63d.json,450,15,1.0,24,0.05333333333333334,1.0,7,0,1.0
1252,3eb53fba45ca245eae294e7a6cdd659690cf1056be949088c8b7a4f7f400d8c1,ransomware,Loki,2023,I386,1,6.7416339817746,EXE,RanDS_Behaviour_Activity_Dataset/dataset/3e/3eb53fba45ca245eae294e7a6cdd659690cf1056be949088c8b7a4f7f400d8c1.json,raw_reports/ransomware/3eb53fba45ca245eae294e7a6cdd659690cf1056be949088c8b7a4f7f400d8c1.json,44,15,1.0,8,0.18181818181818182,0.8888888888888888,2,1,1.0
1253,3ee48f8457bc9d977af891572cd9af63b8591e477a386d77c03fe231a697e403,ransomware,Quasar,2021,I386,1,7.9662583212074,EXE,RanDS_Behaviour_Activity_Dataset/dataset/3e/3ee48f8457bc9d977af891572cd9af63b8591e477a386d77c03fe231a697e403.json,raw_reports/ransomware/3ee48f8457bc9d977af891572cd9af63b8591e477a386d77c03fe231a697e403.json,642,15,1.0,45,0.07009345794392523,1.0,4,0,1.0
1254,3f9743110bc5c7fc10691f6d2b4625eec8a83fd1ac0ba013761d94959d1c822c,ransomware,Fragtor,2022,I386,1,7.4717341793201,EXE,RanDS_Behaviour_Activity_Dataset/dataset/3f/3f9743110bc5c7fc10691f6d2b4625eec8a83fd1ac0ba013761d94959d1c822c.json,raw_reports/ransomware/3f9743110bc5c7fc10691f6d2b4625eec8a83fd1ac0ba013761d94959d1c822c.json,561,13,1.0,42,0.0748663101604278,1.0,4,0,1.0
1255,3fea3f6495a47986f614e1c2f360b959b3a0bd49bba695b7e06eeb6500fdd6cf,ransomware,MSIL,2022,I386,1,7.7803619100007,EXE,RanDS_Behaviour_Activity_Dataset/dataset/3f/3fea3f6495a47986f614e1c2f360b959b3a0bd49bba695b7e06eeb6500fdd6cf.json,raw_reports/ransomware/3fea3f6495a47986f614e1c2f360b959b3a0bd49bba695b7e06eeb6500fdd6cf.json,670,14,1.0,17,0.025373134328358207,1.0,4,0,1.0
1256,4073a734a422c4fff0f23543b563e1b88af71e07ed7cbaa9031a3a91f833e61d,ransomware,LockBit,2023,I386,1,7.0722015210712,EXE,RanDS_Behaviour_Activity_Dataset/dataset/40/4073a734a422c4fff0f23543b563e1b88af71e07ed7cbaa9031a3a91f833e61d.json,raw_reports/ransomware/4073a734a422c4fff0f23543b563e1b88af71e07ed7cbaa9031a3a91f833e61d.json,60,14,1.0,12,0.2,1.0,2,0,1.0
1257,40a9d7b2bfcb73b3c9af4ac498dce0fac69d1f45a453f55e2299ff8603fa7a75,ransomware,Prometheus,2023,I386,1,7.233861532399,EXE,RanDS_Behaviour_Activity_Dataset/dataset/40/40a9d7b2bfcb73b3c9af4ac498dce0fac69d1f45a453f55e2299ff8603fa7a75.json,raw_reports/ransomware/40a9d7b2bfcb73b3c9af4ac498dce0fac69d1f45a453f55e2299ff8603fa7a75.json,1016,15,1.0,11,0.010826771653543307,1.0,8,0,1.0
1258,40c702021ee252afc55daf21a6ab97ca5c023d91f266083748c558126c00239b,ransomware,MSIL,2021,I386,0,4.9633168489079,EXE,RanDS_Behaviour_Activity_Dataset/dataset/40/40c702021ee252afc55daf21a6ab97ca5c023d91f266083748c558126c00239b.json,raw_reports/ransomware/40c702021ee252afc55daf21a6ab97ca5c023d91f266083748c558126c00239b.json,1126,15,1.0,25,0.022202486678507993,1.0,6,0,1.0
1259,4110c9af5acf6c45128e166b6b14453f4853651ee183c4b1336d3790705e47d0,ransomware,Disabler,2023,I386,1,7.9205019532065,EXE,RanDS_Behaviour_Activity_Dataset/dataset/41/4110c9af5acf6c45128e166b6b14453f4853651ee183c4b1336d3790705e47d0.json,raw_reports/ransomware/4110c9af5acf6c45128e166b6b14453f4853651ee183c4b1336d3790705e47d0.json,557,13,1.0,21,0.03770197486535009,1.0,6,0,1.0
1260,41aea297c724d9d14b91c5758f4c46160e3b813db678237abba228a0d910f152,ransomware,Loki,2023,I386,1,7.9280739305341,EXE,RanDS_Behaviour_Activity_Dataset/dataset/41/41aea297c724d9d14b91c5758f4c46160e3b813db678237abba228a0d910f152.json,raw_reports/ransomware/41aea297c724d9d14b91c5758f4c46160e3b813db678237abba228a0d910f152.json,1368,15,1.0,26,0.019005847953216373,1.0,6,0,1.0
1261,41ea77936007c49d1e0976645a521424bcea6c5d92fba80bb69beb762150d954,ransomware,Nanobot,2020,I386,1,7.4859419320832,EXE,RanDS_Behaviour_Activity_Dataset/dataset/41/41ea77936007c49d1e0976645a521424bcea6c5d92fba80bb69beb762150d954.json,raw_reports/ransomware/41ea77936007c49d1e0976645a521424bcea6c5d92fba80bb69beb762150d954.json,1388,15,1.0,71,0.051152737752161385,1.0,7,0,1.0
1262,420d2d11f2a47d6001c52c27be90bb4c1221242af9b5c44381d0012e84aa75b3,ransomware,MSIL,2020,I386,1,7.9340862664632,EXE,RanDS_Behaviour_Activity_Dataset/dataset/42/420d2d11f2a47d6001c52c27be90bb4c1221242af9b5c44381d0012e84aa75b3.json,raw_reports/ransomware/420d2d11f2a47d6001c52c27be90bb4c1221242af9b5c44381d0012e84aa75b3.json,1049,15,1.0,22,0.020972354623450904,1.0,6,0,1.0
1263,4211d050b1ddd3aa251ebe2abff1d9983d3054a1b8a8748e6bc7d518b75dffc4,ransomware,Loki,2021,I386,1,7.6732307652286,EXE,RanDS_Behaviour_Activity_Dataset/dataset/42/4211d050b1ddd3aa251ebe2abff1d9983d3054a1b8a8748e6bc7d518b75dffc4.json,raw_reports/ransomware/4211d050b1ddd3aa251ebe2abff1d9983d3054a1b8a8748e6bc7d518b75dffc4.json,1315,16,1.0,84,0.06387832699619772,1.0,8,0,1.0
1264,4289002fd7528974ae7a9bf4d855bfd3812d248a46dbd7f94e7336f260ae7a39,ransomware,Razy,2024,I386,1,7.0011819662682,EXE,RanDS_Behaviour_Activity_Dataset/dataset/42/4289002fd7528974ae7a9bf4d855bfd3812d248a46dbd7f94e7336f260ae7a39.json,raw_reports/ransomware/4289002fd7528974ae7a9bf4d855bfd3812d248a46dbd7f94e7336f260ae7a39.json,1060,15,1.0,36,0.033962264150943396,1.0,8,0,1.0
1265,42b378421943cc08b99ef34c2fa5e118905736064d482fcc63e4f76133965d23,ransomware,Loki,2021,I386,0,6.4157227325656,EXE,RanDS_Behaviour_Activity_Dataset/dataset/42/42b378421943cc08b99ef34c2fa5e118905736064d482fcc63e4f76133965d23.json,raw_reports/ransomware/42b378421943cc08b99ef34c2fa5e118905736064d482fcc63e4f76133965d23.json,502,15,1.0,38,0.07569721115537849,1.0,4,0,1.0
1266,42faff130fc1df68f42fb26b8e8107123952720564f87d3114286273dc672a7d,ransomware,Protect,2022,I386,0,6.0339393301928,EXE,RanDS_Behaviour_Activity_Dataset/dataset/42/42faff130fc1df68f42fb26b8e8107123952720564f87d3114286273dc672a7d.json,raw_reports/ransomware/42faff130fc1df68f42fb26b8e8107123952720564f87d3114286273dc672a7d.json,605,15,1.0,14,0.023140495867768594,1.0,7,0,1.0
1267,4302925e4ec80c50e46e2a813ec14ad463876bc2ada96a1afba5da03ac0f019f,ransomware,ConvAgent,2021,I386,1,7.49413076832,EXE,RanDS_Behaviour_Activity_Dataset/dataset/43/4302925e4ec80c50e46e2a813ec14ad463876bc2ada96a1afba5da03ac0f019f.json,raw_reports/ransomware/4302925e4ec80c50e46e2a813ec14ad463876bc2ada96a1afba5da03ac0f019f.json,231,13,1.0,36,0.15584415584415584,1.0,4,0,1.0
1268,4312ee51b2cf5915218d7c01b6cf4ff66c3278b528b63d17672c186e6b489f90,ransomware,MSIL,2012,I386,0,6.3883430871495,EXE,RanDS_Behaviour_Activity_Dataset/dataset/43/4312ee51b2cf5915218d7c01b6cf4ff66c3278b528b63d17672c186e6b489f90.json,raw_reports/ransomware/4312ee51b2cf5915218d7c01b6cf4ff66c3278b528b63d17672c186e6b489f90.json,217,8,1.0,0,0.0,1.0,2,0,1.0
1269,438875bda6497f3196d5af653443061f64b3b5f33471a9c549890dd3fa128fc6,ransomware,Vebzenpak,2020,I386,0,3.5789193304177,EXE,RanDS_Behaviour_Activity_Dataset/dataset/43/438875bda6497f3196d5af653443061f64b3b5f33471a9c549890dd3fa128fc6.json,raw_reports/ransomware/438875bda6497f3196d5af653443061f64b3b5f33471a9c549890dd3fa128fc6.json,147,11,1.0,0,0.0,1.0,5,0,1.0
1270,43a0be7895e81ab00df511b6e247641f46291a794c103111e602ff1401ea0324,ransomware,Loki,2022,I386,1,7.5826902891089,EXE,RanDS_Behaviour_Activity_Dataset/dataset/43/43a0be7895e81ab00df511b6e247641f46291a794c103111e602ff1401ea0324.json,raw_reports/ransomware/43a0be7895e81ab00df511b6e247641f46291a794c103111e602ff1401ea0324.json,119,4,0.5,17,0.14285714285714285,0.6666666666666666,1,3,1.0
1271,43f16043b3b76b61386511837aca531c3979ff4720d48e6f983816678616e851,ransomware,MSIL,2018,I386,0,3.9893797764782,EXE,RanDS_Behaviour_Activity_Dataset/dataset/43/43f16043b3b76b61386511837aca531c3979ff4720d48e6f983816678616e851.json,raw_reports/ransomware/43f16043b3b76b61386511837aca531c3979ff4720d48e6f983816678616e851.json,129,7,0.875,32,0.24806201550387597,0.6666666666666666,2,3,NA
1272,441e7e38c7c42a21d7f7e12da88211fe1a037c23f4869d4c5f901db0162581ed,ransomware,Vidar,2025,Amd64,0,6.4783158090572,EXE,RanDS_Behaviour_Activity_Dataset/dataset/44/441e7e38c7c42a21d7f7e12da88211fe1a037c23f4869d4c5f901db0162581ed.json,raw_reports/ransomware/441e7e38c7c42a21d7f7e12da88211fe1a037c23f4869d4c5f901db0162581ed.json,233,13,1.0,40,0.17167381974248927,1.0,3,0,1.0
1273,4436caf91d33d8044d493dda9265fb32c40816f2bd80ae40ac3697bb6605e2aa,ransomware,MSIL,2020,I386,1,7.7104170625635,EXE,RanDS_Behaviour_Activity_Dataset/dataset/44/4436caf91d33d8044d493dda9265fb32c40816f2bd80ae40ac3697bb6605e2aa.json,raw_reports/ransomware/4436caf91d33d8044d493dda9265fb32c40816f2bd80ae40ac3697bb6605e2aa.json,828,15,1.0,26,0.03140096618357488,1.0,8,0,1.0
1274,44b6e0a56f432436d89c170c19cd81a17398c705301a6350db15d62dfeed7c66,ransomware,MSIL,2022,I386,1,7.8024021696319,EXE,RanDS_Behaviour_Activity_Dataset/dataset/44/44b6e0a56f432436d89c170c19cd81a17398c705301a6350db15d62dfeed7c66.json,raw_reports/ransomware/44b6e0a56f432436d89c170c19cd81a17398c705301a6350db15d62dfeed7c66.json,447,11,1.0,14,0.03131991051454139,1.0,3,0,1.0
1275,44e7505daa18d0e8a8948ff4d77a0f1200a90e7ab9fd519bc86ffc7dfca4592f,ransomware,Bladabindi,2023,I386,0,5.636768526456,EXE,RanDS_Behaviour_Activity_Dataset/dataset/44/44e7505daa18d0e8a8948ff4d77a0f1200a90e7ab9fd519bc86ffc7dfca4592f.json,raw_reports/ransomware/44e7505daa18d0e8a8948ff4d77a0f1200a90e7ab9fd519bc86ffc7dfca4592f.json,519,14,1.0,15,0.028901734104046242,1.0,5,0,1.0
1276,453986a163a1d44510fd00fbab869a0c70ccaaafa7135c1c2f981d66a8fda988,ransomware,Disabler,2023,I386,1,7.9356925946466,EXE,RanDS_Behaviour_Activity_Dataset/dataset/45/453986a163a1d44510fd00fbab869a0c70ccaaafa7135c1c2f981d66a8fda988.json,raw_reports/ransomware/453986a163a1d44510fd00fbab869a0c70ccaaafa7135c1c2f981d66a8fda988.json,128,11,1.0,15,0.1171875,1.0,4,0,1.0
1277,454529ef92f2ff17bdfb7f8ec8df852fd1f7c7919a021adf1b6b1d41b4519ef6,ransomware,MSIL,2022,I386,1,7.4855227174769,EXE,RanDS_Behaviour_Activity_Dataset/dataset/45/454529ef92f2ff17bdfb7f8ec8df852fd1f7c7919a021adf1b6b1d41b4519ef6.json,raw_reports/ransomware/454529ef92f2ff17bdfb7f8ec8df852fd1f7c7919a021adf1b6b1d41b4519ef6.json,34,8,1.0,10,0.29411764705882354,0.7777777777777778,1,2,1.0
1278,45562f2d03c5cd053226187cc0fc1d4757833d1a09d225d9ec1667ad410eaf55,ransomware,LockFile,2025,Amd64,0,5.4261012551737,EXE,RanDS_Behaviour_Activity_Dataset/dataset/45/45562f2d03c5cd053226187cc0fc1d4757833d1a09d225d9ec1667ad410eaf55.json,raw_reports/ransomware/45562f2d03c5cd053226187cc0fc1d4757833d1a09d225d9ec1667ad410eaf55.json,1853,11,1.0,29,0.015650296815974095,1.0,6,0,1.0
1279,4659b6e3740aa41d7642e0365c0d0852104975c49f827ad4dd5c04eb7aff6315,ransomware,MSIL,2025,I386,1,7.734010451384,EXE,RanDS_Behaviour_Activity_Dataset/dataset/46/4659b6e3740aa41d7642e0365c0d0852104975c49f827ad4dd5c04eb7aff6315.json,raw_reports/ransomware/4659b6e3740aa41d7642e0365c0d0852104975c49f827ad4dd5c04eb7aff6315.json,1300,14,1.0,63,0.04846153846153846,1.0,7,0,1.0
1280,467c33cb979804dad154612a808f2ea234f7501f8d36bf610ed457cc48993c49,ransomware,TrickBot,2020,Amd64,1,7.3199636639466,EXE,RanDS_Behaviour_Activity_Dataset/dataset/46/467c33cb979804dad154612a808f2ea234f7501f8d36bf610ed457cc48993c49.json,raw_reports/ransomware/467c33cb979804dad154612a808f2ea234f7501f8d36bf610ed457cc48993c49.json,453,12,1.0,36,0.07947019867549669,1.0,4,0,1.0
1281,46b0b7303c802eb9bf03dc5cd24e0d916a411d4b2bb2b00d969fe83bc0934bfb,ransomware,Mardom,2021,I386,0,5.1398149965064,EXE,RanDS_Behaviour_Activity_Dataset/dataset/46/46b0b7303c802eb9bf03dc5cd24e0d916a411d4b2bb2b00d969fe83bc0934bfb.json,raw_reports/ransomware/46b0b7303c802eb9bf03dc5cd24e0d916a411d4b2bb2b00d969fe83bc0934bfb.json,123,7,0.875,4,0.032520325203252036,0.6666666666666666,2,3,NA
1282,46ff674d0c4e05eaf4419ba0546f98fa444c6367957be0f73e030a627873d142,ransomware,Loki,2021,I386,1,7.6162378115951,EXE,RanDS_Behaviour_Activity_Dataset/dataset/46/46ff674d0c4e05eaf4419ba0546f98fa444c6367957be0f73e030a627873d142.json,raw_reports/ransomware/46ff674d0c4e05eaf4419ba0546f98fa444c6367957be0f73e030a627873d142.json,501,14,1.0,37,0.07385229540918163,1.0,4,0,1.0
1283,47f70c5d74fb0c00ee39f86290744df6403b87e94ecfd613202b5ed5988c8970,ransomware,MSIL,2025,I386,1,7.4440881650417,EXE,RanDS_Behaviour_Activity_Dataset/dataset/47/47f70c5d74fb0c00ee39f86290744df6403b87e94ecfd613202b5ed5988c8970.json,raw_reports/ransomware/47f70c5d74fb0c00ee39f86290744df6403b87e94ecfd613202b5ed5988c8970.json,834,15,1.0,49,0.05875299760191847,1.0,6,0,1.0
1284,48881efc7c843ea0607c75dedcbda2eaf6bd5523cde7ddc99a1ba718f74f5c5c,ransomware,Disabler,2023,I386,1,7.8220594353887,EXE,RanDS_Behaviour_Activity_Dataset/dataset/48/48881efc7c843ea0607c75dedcbda2eaf6bd5523cde7ddc99a1ba718f74f5c5c.json,raw_reports/ransomware/48881efc7c843ea0607c75dedcbda2eaf6bd5523cde7ddc99a1ba718f74f5c5c.json,658,13,1.0,17,0.025835866261398176,1.0,6,0,1.0
1285,49898a4579993b16cce09b7c340115a9390eea17f1a93761e345904ca90baf6f,ransomware,Bladabindi,2023,I386,1,7.5076205370198,EXE,RanDS_Behaviour_Activity_Dataset/dataset/49/49898a4579993b16cce09b7c340115a9390eea17f1a93761e345904ca90baf6f.json,raw_reports/ransomware/49898a4579993b16cce09b7c340115a9390eea17f1a93761e345904ca90baf6f.json,164,13,1.0,4,0.024390243902439025,1.0,4,0,1.0
1286,4996c9ad4cd049fa9a9bb83eb8592aa03b53cf668b527e148ab8d513df506f60,ransomware,STOP,2021,I386,1,7.6625736170317,EXE,RanDS_Behaviour_Activity_Dataset/dataset/49/4996c9ad4cd049fa9a9bb83eb8592aa03b53cf668b527e148ab8d513df506f60.json,raw_reports/ransomware/4996c9ad4cd049fa9a9bb83eb8592aa03b53cf668b527e148ab8d513df506f60.json,1088,16,1.0,8,0.007352941176470588,1.0,5,0,1.0
1287,49a2307c2ee41c4d006482ea03fec748b2733bbc13dfd683e8c0a990a4e97b2c,ransomware,KillMBR,2025,I386,1,6.5081227655811,EXE,RanDS_Behaviour_Activity_Dataset/dataset/49/49a2307c2ee41c4d006482ea03fec748b2733bbc13dfd683e8c0a990a4e97b2c.json,raw_reports/ransomware/49a2307c2ee41c4d006482ea03fec748b2733bbc13dfd683e8c0a990a4e97b2c.json,469,10,1.0,9,0.019189765458422176,1.0,5,0,1.0
1288,49e0bce03a31e6590410602e96c0fa72d52b2c85ad7e692c374f4aa9142e6131,ransomware,AsyncRAT,2025,I386,0,5.5669726382853,EXE,RanDS_Behaviour_Activity_Dataset/dataset/49/49e0bce03a31e6590410602e96c0fa72d52b2c85ad7e692c374f4aa9142e6131.json,raw_reports/ransomware/49e0bce03a31e6590410602e96c0fa72d52b2c85ad7e692c374f4aa9142e6131.json,615,14,1.0,17,0.027642276422764227,1.0,5,0,1.0
1289,4a041bbc200c5b59be326fb1cc1b1c06077901e4f95e145d7c196c3b132d1a71,ransomware,GandCrab,2018,I386,0,6.1252030832396,EXE,RanDS_Behaviour_Activity_Dataset/dataset/4a/4a041bbc200c5b59be326fb1cc1b1c06077901e4f95e145d7c196c3b132d1a71.json,raw_reports/ransomware/4a041bbc200c5b59be326fb1cc1b1c06077901e4f95e145d7c196c3b132d1a71.json,129,13,1.0,0,0.0,1.0,6,0,1.0
1290,4ab85efebfd81e20170cceb7f76e9fa010952504265fc5b5d0319b1131c60ea8,ransomware,MSIL,2022,I386,1,7.5119791959677,EXE,RanDS_Behaviour_Activity_Dataset/dataset/4a/4ab85efebfd81e20170cceb7f76e9fa010952504265fc5b5d0319b1131c60ea8.json,raw_reports/ransomware/4ab85efebfd81e20170cceb7f76e9fa010952504265fc5b5d0319b1131c60ea8.json,50,7,0.875,8,0.16,0.7777777777777778,1,2,1.0
1291,4acc4f2470a14360417676e816b24e0271638410112b7068b3c822db522b5e2b,ransomware,TrickBot,2020,I386,1,6.9275906213106,EXE,RanDS_Behaviour_Activity_Dataset/dataset/4a/4acc4f2470a14360417676e816b24e0271638410112b7068b3c822db522b5e2b.json,raw_reports/ransomware/4acc4f2470a14360417676e816b24e0271638410112b7068b3c822db522b5e2b.json,201,13,1.0,38,0.1890547263681592,1.0,4,0,1.0
1292,4ad72fea6b0b67280b85160626a197528d757720fbb4359af70271c951b90807,ransomware,GandCrab,2018,I386,0,6.4592353203169,EXE,RanDS_Behaviour_Activity_Dataset/dataset/4a/4ad72fea6b0b67280b85160626a197528d757720fbb4359af70271c951b90807.json,raw_reports/ransomware/4ad72fea6b0b67280b85160626a197528d757720fbb4359af70271c951b90807.json,655,13,1.0,9,0.013740458015267175,1.0,5,0,1.0
1293,4b8a9338146f2ca8ff7df6b87a3c3d1259be892bc9ba9bfe7be77724891ebb31,ransomware,MSIL,2023,I386,0,3.6071223416437,EXE,RanDS_Behaviour_Activity_Dataset/dataset/4b/4b8a9338146f2ca8ff7df6b87a3c3d1259be892bc9ba9bfe7be77724891ebb31.json,raw_reports/ransomware/4b8a9338146f2ca8ff7df6b87a3c3d1259be892bc9ba9bfe7be77724891ebb31.json,1002,14,1.0,18,0.017964071856287425,1.0,5,0,1.0
1294,4bdaa5227a23c06acc8ac318bb0d83273972e67105e5e37085c0c8c56001d9b4,ransomware,Mallox,2024,I386,1,6.5702410859797,EXE,RanDS_Behaviour_Activity_Dataset/dataset/4b/4bdaa5227a23c06acc8ac318bb0d83273972e67105e5e37085c0c8c56001d9b4.json,raw_reports/ransomware/4bdaa5227a23c06acc8ac318bb0d83273972e67105e5e37085c0c8c56001d9b4.json,2612,16,1.0,79,0.03024502297090352,1.0,6,0,1.0
1295,4bdda49e98eae3912a4309ed3a0f7e861a83af656dbf91122c673e87f825ae45,ransomware,Blocker,2023,I386,1,6.7452249223903,EXE,RanDS_Behaviour_Activity_Dataset/dataset/4b/4bdda49e98eae3912a4309ed3a0f7e861a83af656dbf91122c673e87f825ae45.json,raw_reports/ransomware/4bdda49e98eae3912a4309ed3a0f7e861a83af656dbf91122c673e87f825ae45.json,1073,15,1.0,57,0.05312208760484623,1.0,7,0,1.0
1296,4c1bd159756d325a030c49d4b4de97fa9050d3cfc6dc30a3e4e12609a17c20ec,ransomware,Disabler,2023,I386,1,7.9368911626155,EXE,RanDS_Behaviour_Activity_Dataset/dataset/4c/4c1bd159756d325a030c49d4b4de97fa9050d3cfc6dc30a3e4e12609a17c20ec.json,raw_reports/ransomware/4c1bd159756d325a030c49d4b4de97fa9050d3cfc6dc30a3e4e12609a17c20ec.json,308,13,1.0,19,0.06168831168831169,1.0,7,0,1.0
1297,4c46d20c20b358b807fcf9908257f8d95fe38d596316e7106436b6f58afc9255,ransomware,MSIL,2021,I386,1,7.5425317629884,EXE,RanDS_Behaviour_Activity_Dataset/dataset/4c/4c46d20c20b358b807fcf9908257f8d95fe38d596316e7106436b6f58afc9255.json,raw_reports/ransomware/4c46d20c20b358b807fcf9908257f8d95fe38d596316e7106436b6f58afc9255.json,1044,14,1.0,38,0.03639846743295019,1.0,5,0,1.0
1298,4cbac922af3cfaba5fa7a3251bd05337bffd9ed0ada77c55bb4f78a041f4ebf2,ransomware,HLLP,2022,I386,0,6.4370692944838,EXE,RanDS_Behaviour_Activity_Dataset/dataset/4c/4cbac922af3cfaba5fa7a3251bd05337bffd9ed0ada77c55bb4f78a041f4ebf2.json,raw_reports/ransomware/4cbac922af3cfaba5fa7a3251bd05337bffd9ed0ada77c55bb4f78a041f4ebf2.json,2119,14,1.0,2,0.0009438414346389807,1.0,8,0,1.0
1299,4db67a2e8e169da6b6f7a06f44251204cdb13a6a4d495313e3116e9f1e39777e,ransomware,MSIL,2022,I386,1,7.3266894035319,EXE,RanDS_Behaviour_Activity_Dataset/dataset/4d/4db67a2e8e169da6b6f7a06f44251204cdb13a6a4d495313e3116e9f1e39777e.json,raw_reports/ransomware/4db67a2e8e169da6b6f7a06f44251204cdb13a6a4d495313e3116e9f1e39777e.json,317,15,1.0,27,0.08517350157728706,1.0,3,0,1.0
1300,4e3f6c9c586bb6b951f36ccbbbc6a9c16f6500d5a78b5f85e58af445b9746ce3,ransomware,Fragtor,2023,I386,1,7.913126091844,EXE,RanDS_Behaviour_Activity_Dataset/dataset/4e/4e3f6c9c586bb6b951f36ccbbbc6a9c16f6500d5a78b5f85e58af445b9746ce3.json,raw_reports/ransomware/4e3f6c9c586bb6b951f36ccbbbc6a9c16f6500d5a78b5f85e58af445b9746ce3.json,1348,16,1.0,77,0.05712166172106825,1.0,7,0,1.0
1301,4e7c64fcdd545844b34fd2d1f6eb6a39138d6e5245dc400ab51d0c4abff8d57c,ransomware,MSIL,2023,I386,0,6.0898596673822,EXE,RanDS_Behaviour_Activity_Dataset/dataset/4e/4e7c64fcdd545844b34fd2d1f6eb6a39138d6e5245dc400ab51d0c4abff8d57c.json,raw_reports/ransomware/4e7c64fcdd545844b34fd2d1f6eb6a39138d6e5245dc400ab51d0c4abff8d57c.json,763,12,1.0,20,0.02621231979030144,1.0,6,0,1.0
1302,4ea6d4c6f0347df77aac4a572b93e6f710dda9908f1ddb3004c3c9feb2e58dee,ransomware,Disabler,2023,I386,1,7.880080821424,EXE,RanDS_Behaviour_Activity_Dataset/dataset/4e/4ea6d4c6f0347df77aac4a572b93e6f710dda9908f1ddb3004c3c9feb2e58dee.json,raw_reports/ransomware/4ea6d4c6f0347df77aac4a572b93e6f710dda9908f1ddb3004c3c9feb2e58dee.json,696,14,1.0,17,0.02442528735632184,1.0,6,0,1.0
1303,4ec72ade6ecabf21ff6017e1a05fb1ddb74579db01ffbc4e80c9f2c6efc5b5cc,ransomware,MSIL,2013,I386,1,7.554723180931,EXE,RanDS_Behaviour_Activity_Dataset/dataset/4e/4ec72ade6ecabf21ff6017e1a05fb1ddb74579db01ffbc4e80c9f2c6efc5b5cc.json,raw_reports/ransomware/4ec72ade6ecabf21ff6017e1a05fb1ddb74579db01ffbc4e80c9f2c6efc5b5cc.json,279,8,1.0,0,0.0,0.3333333333333333,2,6,1.0
1304,4edc7bd5529243f37c38c17a252448c2b604eb4d2728adf102566c3feb8300d6,ransomware,RedLineStealer,2022,I386,1,6.6824282038641,EXE,RanDS_Behaviour_Activity_Dataset/dataset/4e/4edc7bd5529243f37c38c17a252448c2b604eb4d2728adf102566c3feb8300d6.json,raw_reports/ransomware/4edc7bd5529243f37c38c17a252448c2b604eb4d2728adf102566c3feb8300d6.json,210,12,1.0,9,0.04285714285714286,1.0,8,0,1.0
1305,4f607c2791f6a633af4059781a8a89dd6fbab4512b56041f0961b178afa2a6d7,ransomware,MSIL,2023,I386,1,7.807966012604,EXE,RanDS_Behaviour_Activity_Dataset/dataset/4f/4f607c2791f6a633af4059781a8a89dd6fbab4512b56041f0961b178afa2a6d7.json,raw_reports/ransomware/4f607c2791f6a633af4059781a8a89dd6fbab4512b56041f0961b178afa2a6d7.json,417,14,1.0,17,0.0407673860911271,1.0,6,0,1.0
1306,4fb637c4caacb8d3ea6a9db3b0d06cc8a9b5b0f23429dab7d0697053a55aa0dc,ransomware,MSIL,2025,I386,1,7.802883933044,EXE,RanDS_Behaviour_Activity_Dataset/dataset/4f/4fb637c4caacb8d3ea6a9db3b0d06cc8a9b5b0f23429dab7d0697053a55aa0dc.json,raw_reports/ransomware/4fb637c4caacb8d3ea6a9db3b0d06cc8a9b5b0f23429dab7d0697053a55aa0dc.json,1261,15,1.0,56,0.04440919904837431,1.0,6,0,1.0
1307,4fbf4330abcff7ece130854075318b7b9e763e8bff5daf10b2ae1ed3af6f118a,ransomware,EEIA,2020,Amd64,1,7.9072009465985,EXE,RanDS_Behaviour_Activity_Dataset/dataset/4f/4fbf4330abcff7ece130854075318b7b9e763e8bff5daf10b2ae1ed3af6f118a.json,raw_reports/ransomware/4fbf4330abcff7ece130854075318b7b9e763e8bff5daf10b2ae1ed3af6f118a.json,166,12,1.0,21,0.12650602409638553,1.0,3,0,1.0
1308,5005f4dd86b2bf19ea984feec50b9fe489967af0311e851727912e20920ea414,ransomware,Bladabindi,2025,I386,0,5.765630931771,EXE,RanDS_Behaviour_Activity_Dataset/dataset/50/5005f4dd86b2bf19ea984feec50b9fe489967af0311e851727912e20920ea414.json,raw_reports/ransomware/5005f4dd86b2bf19ea984feec50b9fe489967af0311e851727912e20920ea414.json,1090,15,1.0,26,0.023853211009174313,1.0,7,0,1.0
1309,5022855a7270c6fb9edf55d8b977f3613c6d0701c6f80d44f24c3c9aec65bd14,ransomware,Lamer,2021,I386,0,6.1277576478259,EXE,RanDS_Behaviour_Activity_Dataset/dataset/50/5022855a7270c6fb9edf55d8b977f3613c6d0701c6f80d44f24c3c9aec65bd14.json,raw_reports/ransomware/5022855a7270c6fb9edf55d8b977f3613c6d0701c6f80d44f24c3c9aec65bd14.json,3059,15,1.0,17,0.005557371690094802,1.0,6,0,1.0
1310,503bbf260ea79f89759407c25022fd140e0708f64aa0231627f27f49f07ed9e5,ransomware,ConvAgent,2021,I386,1,7.9874908196064,EXE,RanDS_Behaviour_Activity_Dataset/dataset/50/503bbf260ea79f89759407c25022fd140e0708f64aa0231627f27f49f07ed9e5.json,raw_reports/ransomware/503bbf260ea79f89759407c25022fd140e0708f64aa0231627f27f49f07ed9e5.json,239,12,1.0,36,0.1506276150627615,1.0,2,0,1.0
1311,5043039e3d43db3f6843396920f4df7b3c993ec13a40c65869e99eb733358a2a,ransomware,Blocker,2021,I386,1,7.9834630380087,EXE,RanDS_Behaviour_Activity_Dataset/dataset/50/5043039e3d43db3f6843396920f4df7b3c993ec13a40c65869e99eb733358a2a.json,raw_reports/ransomware/5043039e3d43db3f6843396920f4df7b3c993ec13a40c65869e99eb733358a2a.json,452,13,1.0,42,0.09292035398230089,1.0,3,0,1.0
1312,505bdc58e0f6d01a12841103d926774e34e4ee57c2440e2c1bbafd9637ab5475,ransomware,MSIL,2021,I386,0,4.5529018454343,EXE,RanDS_Behaviour_Activity_Dataset/dataset/50/505bdc58e0f6d01a12841103d926774e34e4ee57c2440e2c1bbafd9637ab5475.json,raw_reports/ransomware/505bdc58e0f6d01a12841103d926774e34e4ee57c2440e2c1bbafd9637ab5475.json,286,11,1.0,36,0.1258741258741259,1.0,3,0,NA
1313,50ad752ff458e07ca861191be5b28bbd2df1d427d99bdee914b948c8ae8670e5,ransomware,ConvAgent,2021,I386,1,7.4787148433049,EXE,RanDS_Behaviour_Activity_Dataset/dataset/50/50ad752ff458e07ca861191be5b28bbd2df1d427d99bdee914b948c8ae8670e5.json,raw_reports/ransomware/50ad752ff458e07ca861191be5b28bbd2df1d427d99bdee914b948c8ae8670e5.json,444,12,1.0,43,0.09684684684684684,1.0,4,0,1.0
1314,50b29f921683e704827a4675c82612894867a47764a4e7cfba0a2e0288363823,ransomware,MSIL,2025,I386,1,7.6649056350072,EXE,RanDS_Behaviour_Activity_Dataset/dataset/50/50b29f921683e704827a4675c82612894867a47764a4e7cfba0a2e0288363823.json,raw_reports/ransomware/50b29f921683e704827a4675c82612894867a47764a4e7cfba0a2e0288363823.json,1250,15,1.0,54,0.0432,1.0,7,0,1.0
1315,50d86399b2c0ef31028a4411234fd24a84b459070e5db3fb595d1f0ef47327d6,ransomware,Meterpreter,2021,Amd64,1,6.7933679275803,EXE,RanDS_Behaviour_Activity_Dataset/dataset/50/50d86399b2c0ef31028a4411234fd24a84b459070e5db3fb595d1f0ef47327d6.json,raw_reports/ransomware/50d86399b2c0ef31028a4411234fd24a84b459070e5db3fb595d1f0ef47327d6.json,514,10,1.0,38,0.07392996108949416,1.0,4,0,1.0
1316,50e7be9654710bc245e54d71c9992052af681f9f7002bda7232474cc7eefcfcd,ransomware,MSIL,2025,I386,1,7.5587920248099,EXE,RanDS_Behaviour_Activity_Dataset/dataset/50/50e7be9654710bc245e54d71c9992052af681f9f7002bda7232474cc7eefcfcd.json,raw_reports/ransomware/50e7be9654710bc245e54d71c9992052af681f9f7002bda7232474cc7eefcfcd.json,945,15,1.0,46,0.04867724867724868,1.0,5,0,1.0
1317,50f213324308d7628f1708c4cb7c6242bb15ed45f1828f459703bfd692d007a0,ransomware,MSIL,2024,I386,1,7.9494552132495,EXE,RanDS_Behaviour_Activity_Dataset/dataset/50/50f213324308d7628f1708c4cb7c6242bb15ed45f1828f459703bfd692d007a0.json,raw_reports/ransomware/50f213324308d7628f1708c4cb7c6242bb15ed45f1828f459703bfd692d007a0.json,1162,14,1.0,81,0.06970740103270223,1.0,8,0,1.0
1318,50fb163dd8e037bd8380f0704f7163161e2a1b292d5726c18ebe1b47a5c3c7c0,ransomware,Loki,2021,I386,1,7.6324463694931,EXE,RanDS_Behaviour_Activity_Dataset/dataset/50/50fb163dd8e037bd8380f0704f7163161e2a1b292d5726c18ebe1b47a5c3c7c0.json,raw_reports/ransomware/50fb163dd8e037bd8380f0704f7163161e2a1b292d5726c18ebe1b47a5c3c7c0.json,1013,15,1.0,61,0.060217176702862786,1.0,7,0,1.0
1319,5133635c91cccd800494da2cab5b2db1060fe7668fe4e730cb160a35d1218c6f,ransomware,MSIL,2024,I386,1,7.4242535665261,EXE,RanDS_Behaviour_Activity_Dataset/dataset/51/5133635c91cccd800494da2cab5b2db1060fe7668fe4e730cb160a35d1218c6f.json,raw_reports/ransomware/5133635c91cccd800494da2cab5b2db1060fe7668fe4e730cb160a35d1218c6f.json,546,13,1.0,20,0.03663003663003663,1.0,3,0,1.0
1320,517b7a6e5ff57790304577097c24ec1d41da2d460bde72216b6afdbb7701f7f1,ransomware,Disabler,2023,I386,1,7.8304419433776,EXE,RanDS_Behaviour_Activity_Dataset/dataset/51/517b7a6e5ff57790304577097c24ec1d41da2d460bde72216b6afdbb7701f7f1.json,raw_reports/ransomware/517b7a6e5ff57790304577097c24ec1d41da2d460bde72216b6afdbb7701f7f1.json,413,13,1.0,78,0.18886198547215496,1.0,5,0,1.0
1321,519f3ceedba4471f3d5178451c1007911145fb6eaf4e259a2c29b8e3483dabb1,ransomware,AsyncRAT,2024,I386,0,5.3953207058416,EXE,RanDS_Behaviour_Activity_Dataset/dataset/51/519f3ceedba4471f3d5178451c1007911145fb6eaf4e259a2c29b8e3483dabb1.json,raw_reports/ransomware/519f3ceedba4471f3d5178451c1007911145fb6eaf4e259a2c29b8e3483dabb1.json,1176,15,1.0,35,0.02976190476190476,1.0,7,0,1.0
1322,51f2e989a2b72b33cd952e90f1160b343295d5321609f97716f5be0ced84e470,ransomware,RedLineStealer,2023,I386,0,5.8830876406419,EXE,RanDS_Behaviour_Activity_Dataset/dataset/51/51f2e989a2b72b33cd952e90f1160b343295d5321609f97716f5be0ced84e470.json,raw_reports/ransomware/51f2e989a2b72b33cd952e90f1160b343295d5321609f97716f5be0ced84e470.json,77,14,1.0,18,0.23376623376623376,1.0,3,0,1.0
1323,52341845714009e4e2941a1c6aff9a489ee033ca8231fc14a4d39c1aea5bf0b2,ransomware,Razy,2011,I386,0,5.6233767705125,EXE,RanDS_Behaviour_Activity_Dataset/dataset/52/52341845714009e4e2941a1c6aff9a489ee033ca8231fc14a4d39c1aea5bf0b2.json,raw_reports/ransomware/52341845714009e4e2941a1c6aff9a489ee033ca8231fc14a4d39c1aea5bf0b2.json,353,12,1.0,1,0.0028328611898017,1.0,5,0,1.0
1324,533672da9d276012ebab3ce9f4cd09a7f537f65c6e4b63d43f0c1697e2f5e48d,ransomware,DarkSide,2021,I386,0,6.2558802271281,EXE,RanDS_Behaviour_Activity_Dataset/dataset/53/533672da9d276012ebab3ce9f4cd09a7f537f65c6e4b63d43f0c1697e2f5e48d.json,raw_reports/ransomware/533672da9d276012ebab3ce9f4cd09a7f537f65c6e4b63d43f0c1697e2f5e48d.json,3821,16,1.0,129,0.03376079560324522,1.0,8,0,1.0
1325,53762e2b21d797552fa35696a4e07fec75840070aebfcf27ae44a5c1c351843a,ransomware,Poison,2020,I386,1,7.5563741453878,EXE,RanDS_Behaviour_Activity_Dataset/dataset/53/53762e2b21d797552fa35696a4e07fec75840070aebfcf27ae44a5c1c351843a.json,raw_reports/ransomware/53762e2b21d797552fa35696a4e07fec75840070aebfcf27ae44a5c1c351843a.json,658,14,1.0,3,0.004559270516717325,1.0,5,0,1.0
1326,5453d518a08515c4f08ebb09601a925f6164e22db494ce1785e70f00d61f8589,ransomware,Bladabindi,2023,I386,0,5.531989828163,EXE,RanDS_Behaviour_Activity_Dataset/dataset/54/5453d518a08515c4f08ebb09601a925f6164e22db494ce1785e70f00d61f8589.json,raw_reports/ransomware/5453d518a08515c4f08ebb09601a925f6164e22db494ce1785e70f00d61f8589.json,217,11,1.0,7,0.03225806451612903,1.0,2,0,1.0
1327,5472b936bf1bff3eb96ccf9f9426b55ddd3a31973991c970438bef00e034e430,ransomware,MSIL,2021,I386,1,7.8600264795863,EXE,RanDS_Behaviour_Activity_Dataset/dataset/54/5472b936bf1bff3eb96ccf9f9426b55ddd3a31973991c970438bef00e034e430.json,raw_reports/ransomware/5472b936bf1bff3eb96ccf9f9426b55ddd3a31973991c970438bef00e034e430.json,1173,16,1.0,52,0.0443307757885763,1.0,6,0,1.0
1328,5483855fa7b548203e9ccc3022b51151afc719a0a1df371dcebce3d5461af2b3,ransomware,MSIL,2021,I386,1,7.4328444833791,EXE,RanDS_Behaviour_Activity_Dataset/dataset/54/5483855fa7b548203e9ccc3022b51151afc719a0a1df371dcebce3d5461af2b3.json,raw_reports/ransomware/5483855fa7b548203e9ccc3022b51151afc719a0a1df371dcebce3d5461af2b3.json,1428,16,1.0,43,0.03011204481792717,1.0,7,0,1.0
1329,54c9d13d54b97009c3f509851a8c5e81cfadda67aca1ebfb085d47fa71ee410f,ransomware,MSIL,2021,I386,1,6.927498159255,EXE,RanDS_Behaviour_Activity_Dataset/dataset/54/54c9d13d54b97009c3f509851a8c5e81cfadda67aca1ebfb085d47fa71ee410f.json,raw_reports/ransomware/54c9d13d54b97009c3f509851a8c5e81cfadda67aca1ebfb085d47fa71ee410f.json,996,14,1.0,37,0.03714859437751004,1.0,6,0,1.0
1330,54e5479fb70356529f333b158e5d1ba9a54bdd6890d33694c2779a6b32c4992c,ransomware,ConvAgent,2021,Amd64,0,4.7337871380892,EXE,RanDS_Behaviour_Activity_Dataset/dataset/54/54e5479fb70356529f333b158e5d1ba9a54bdd6890d33694c2779a6b32c4992c.json,raw_reports/ransomware/54e5479fb70356529f333b158e5d1ba9a54bdd6890d33694c2779a6b32c4992c.json,145,11,1.0,43,0.296551724137931,1.0,4,0,1.0
1331,5530ff47d492c4b6ed90750e9eb25b3342450b572a78868492a40e60a982920c,ransomware,MSIL,2023,I386,0,5.7167208705865,EXE,RanDS_Behaviour_Activity_Dataset/dataset/55/5530ff47d492c4b6ed90750e9eb25b3342450b572a78868492a40e60a982920c.json,raw_reports/ransomware/5530ff47d492c4b6ed90750e9eb25b3342450b572a78868492a40e60a982920c.json,1126,14,1.0,26,0.023090586145648313,1.0,7,0,1.0
1332,554abc5a7bd4db2017ff789017e2a440fd8b9e580346146dce336b20b0c42c5c,ransomware,Bladabindi,2022,I386,0,4.550232789216,EXE,RanDS_Behaviour_Activity_Dataset/dataset/55/554abc5a7bd4db2017ff789017e2a440fd8b9e580346146dce336b20b0c42c5c.json,raw_reports/ransomware/554abc5a7bd4db2017ff789017e2a440fd8b9e580346146dce336b20b0c42c5c.json,876,14,1.0,23,0.026255707762557076,1.0,7,0,1.0
1333,555133c96615884f7d3eb42ac0d8422357e52a1f721441f492bf37950e655a91,ransomware,MSIL,2020,I386,1,7.4125715600372,EXE,RanDS_Behaviour_Activity_Dataset/dataset/55/555133c96615884f7d3eb42ac0d8422357e52a1f721441f492bf37950e655a91.json,raw_reports/ransomware/555133c96615884f7d3eb42ac0d8422357e52a1f721441f492bf37950e655a91.json,943,11,1.0,0,0.0,1.0,3,0,1.0
1334,55712c0eaae89ec89fde46ff7449df5ba9960dd8a20cbb8443971ef849b6dca4,ransomware,LockBit,2022,I386,1,6.8007184653297,EXE,RanDS_Behaviour_Activity_Dataset/dataset/55/55712c0eaae89ec89fde46ff7449df5ba9960dd8a20cbb8443971ef849b6dca4.json,raw_reports/ransomware/55712c0eaae89ec89fde46ff7449df5ba9960dd8a20cbb8443971ef849b6dca4.json,514,14,1.0,12,0.023346303501945526,1.0,5,0,1.0
1335,5578d702c7fd246e11f71c4edb27b316ca267c6161effab324c9f6e6260bc9e5,ransomware,Teerac,2014,I386,1,7.5813551379381,EXE,RanDS_Behaviour_Activity_Dataset/dataset/55/5578d702c7fd246e11f71c4edb27b316ca267c6161effab324c9f6e6260bc9e5.json,raw_reports/ransomware/5578d702c7fd246e11f71c4edb27b316ca267c6161effab324c9f6e6260bc9e5.json,2077,16,1.0,12,0.005777563793933558,1.0,9,0,1.0
1336,5587f8e63a120a27fb269ce2af2d0e07d04d7801aff5f28d127a76dec9b216dc,ransomware,Alien,2025,I386,0,4.3421288988348,EXE,RanDS_Behaviour_Activity_Dataset/dataset/55/5587f8e63a120a27fb269ce2af2d0e07d04d7801aff5f28d127a76dec9b216dc.json,raw_reports/ransomware/5587f8e63a120a27fb269ce2af2d0e07d04d7801aff5f28d127a76dec9b216dc.json,1192,14,1.0,36,0.030201342281879196,1.0,7,0,1.0
1337,55926e8f3e48c5cc5a1e6279045a5ae39c26dcc79e84411d34f7b2158042a843,ransomware,BlackMatter,2022,I386,1,6.9426405864262,EXE,RanDS_Behaviour_Activity_Dataset/dataset/55/55926e8f3e48c5cc5a1e6279045a5ae39c26dcc79e84411d34f7b2158042a843.json,raw_reports/ransomware/55926e8f3e48c5cc5a1e6279045a5ae39c26dcc79e84411d34f7b2158042a843.json,3818,15,1.0,300,0.0785751702462022,1.0,5,0,1.0
1338,559fffc77e256b98a20d93b97ca97723abb698345996839821f4bbbe66433bf6,ransomware,MSIL,2021,I386,0,4.9675236541969,EXE,RanDS_Behaviour_Activity_Dataset/dataset/55/559fffc77e256b98a20d93b97ca97723abb698345996839821f4bbbe66433bf6.json,raw_reports/ransomware/559fffc77e256b98a20d93b97ca97723abb698345996839821f4bbbe66433bf6.json,819,12,1.0,9,0.01098901098901099,1.0,4,0,1.0
1339,55cdd1f4a37b2dea93e0e75eee33f04efd37f3c576395e1168baf030d243386c,ransomware,MSIL,2022,I386,1,6.9636787230263,EXE,RanDS_Behaviour_Activity_Dataset/dataset/55/55cdd1f4a37b2dea93e0e75eee33f04efd37f3c576395e1168baf030d243386c.json,raw_reports/ransomware/55cdd1f4a37b2dea93e0e75eee33f04efd37f3c576395e1168baf030d243386c.json,778,13,1.0,37,0.04755784061696658,1.0,5,0,1.0
1340,55f3d17f0bab350032e410b1641d63ee3e4a83a87201c1f66f415b71ada380e4,ransomware,Loki,2023,I386,1,7.6690528430721,EXE,RanDS_Behaviour_Activity_Dataset/dataset/55/55f3d17f0bab350032e410b1641d63ee3e4a83a87201c1f66f415b71ada380e4.json,raw_reports/ransomware/55f3d17f0bab350032e410b1641d63ee3e4a83a87201c1f66f415b71ada380e4.json,125,8,1.0,7,0.056,0.7777777777777778,3,2,1.0
1341,560599c1881e83810ac62f086df752008a76f1a955482404a233c3bef95ce2bb,ransomware,MSIL,2024,I386,1,7.8610663118504,EXE,RanDS_Behaviour_Activity_Dataset/dataset/56/560599c1881e83810ac62f086df752008a76f1a955482404a233c3bef95ce2bb.json,raw_reports/ransomware/560599c1881e83810ac62f086df752008a76f1a955482404a233c3bef95ce2bb.json,1054,15,1.0,22,0.020872865275142316,1.0,6,0,1.0
1342,560a905bdddb515f9df6b69d30838a8c2751e35cfa4cf4a1876bc8a5a9e6f1ad,ransomware,Dridex,2021,Amd64,0,3.9382077169528,DLL,RanDS_Behaviour_Activity_Dataset/dataset/56/560a905bdddb515f9df6b69d30838a8c2751e35cfa4cf4a1876bc8a5a9e6f1ad.json,raw_reports/ransomware/560a905bdddb515f9df6b69d30838a8c2751e35cfa4cf4a1876bc8a5a9e6f1ad.json,661,14,1.0,41,0.06202723146747353,1.0,6,0,1.0
1343,560aba847a47f07ccaaeded06dd799b134ef537d3b5239ae60df9c340d60ee33,ransomware,MSIL,2024,I386,1,6.6975993805519,EXE,RanDS_Behaviour_Activity_Dataset/dataset/56/560aba847a47f07ccaaeded06dd799b134ef537d3b5239ae60df9c340d60ee33.json,raw_reports/ransomware/560aba847a47f07ccaaeded06dd799b134ef537d3b5239ae60df9c340d60ee33.json,563,12,1.0,7,0.012433392539964476,1.0,3,0,1.0
1344,561e7c6035aeb4022284f061e3fc9212636fffe2a6b50c54132fd67b7801f94c,ransomware,MSIL,2020,I386,1,7.8346553058948,EXE,RanDS_Behaviour_Activity_Dataset/dataset/56/561e7c6035aeb4022284f061e3fc9212636fffe2a6b50c54132fd67b7801f94c.json,raw_reports/ransomware/561e7c6035aeb4022284f061e3fc9212636fffe2a6b50c54132fd67b7801f94c.json,885,11,1.0,0,0.0,1.0,5,0,1.0
1345,5625e5bd375d6e8a6584b960c3e152623ad56531937c26d38132253dce03311f,ransomware,MSIL,2020,I386,1,7.2564534392051,EXE,RanDS_Behaviour_Activity_Dataset/dataset/56/5625e5bd375d6e8a6584b960c3e152623ad56531937c26d38132253dce03311f.json,raw_reports/ransomware/5625e5bd375d6e8a6584b960c3e152623ad56531937c26d38132253dce03311f.json,1310,16,1.0,5,0.003816793893129771,1.0,8,0,1.0
1346,563dcda94b0f745da7217a8dd0f828d6fc6955b0cf3ded69ec462ac3890206e9,ransomware,ConvAgent,2025,I386,1,7.948108551292,EXE,RanDS_Behaviour_Activity_Dataset/dataset/56/563dcda94b0f745da7217a8dd0f828d6fc6955b0cf3ded69ec462ac3890206e9.json,raw_reports/ransomware/563dcda94b0f745da7217a8dd0f828d6fc6955b0cf3ded69ec462ac3890206e9.json,1096,15,1.0,23,0.020985401459854013,1.0,7,0,1.0
1347,563f71f6eabcc076a566cdde5791e6944d6b1945d340bbc42a753399b120284b,ransomware,Disabler,2023,I386,1,7.95196216107,EXE,RanDS_Behaviour_Activity_Dataset/dataset/56/563f71f6eabcc076a566cdde5791e6944d6b1945d340bbc42a753399b120284b.json,raw_reports/ransomware/563f71f6eabcc076a566cdde5791e6944d6b1945d340bbc42a753399b120284b.json,332,12,1.0,19,0.0572289156626506,1.0,6,0,1.0
1348,56400f8cd7a557ac57139d64159c700bc3fde53484f1fd4ee9a250bc2bf358c6,ransomware,Vilsel,2013,I386,0,4.1672887079371,EXE,RanDS_Behaviour_Activity_Dataset/dataset/56/56400f8cd7a557ac57139d64159c700bc3fde53484f1fd4ee9a250bc2bf358c6.json,raw_reports/ransomware/56400f8cd7a557ac57139d64159c700bc3fde53484f1fd4ee9a250bc2bf358c6.json,939,10,1.0,0,0.0,0.8888888888888888,4,1,1.0
1349,564bd0f43bdb80a0b55c3dc191a9045bf4975bba1dbf66e6ad378e46f8bd04df,ransomware,MSIL,2023,I386,0,3.7853858014519,EXE,RanDS_Behaviour_Activity_Dataset/dataset/56/564bd0f43bdb80a0b55c3dc191a9045bf4975bba1dbf66e6ad378e46f8bd04df.json,raw_reports/ransomware/564bd0f43bdb80a0b55c3dc191a9045bf4975bba1dbf66e6ad378e46f8bd04df.json,1193,15,1.0,8,0.006705783738474434,1.0,5,0,1.0
1350,565f1c124c463e07f03cd0271718b8ff9443f87934327cb29233253c43df7419,ransomware,Loki,2024,I386,1,7.4253870797472,EXE,RanDS_Behaviour_Activity_Dataset/dataset/56/565f1c124c463e07f03cd0271718b8ff9443f87934327cb29233253c43df7419.json,raw_reports/ransomware/565f1c124c463e07f03cd0271718b8ff9443f87934327cb29233253c43df7419.json,902,15,1.0,23,0.025498891352549888,1.0,6,0,1.0
1351,56608ce3c12c4502fcab65948d4e2bb6c49809d76901c05faea38ad75ef56f21,ransomware,MSIL,2024,I386,0,5.4132357806285,EXE,RanDS_Behaviour_Activity_Dataset/dataset/56/56608ce3c12c4502fcab65948d4e2bb6c49809d76901c05faea38ad75ef56f21.json,raw_reports/ransomware/56608ce3c12c4502fcab65948d4e2bb6c49809d76901c05faea38ad75ef56f21.json,768,14,1.0,19,0.024739583333333332,1.0,4,0,1.0
1352,566ef5484da0a93c87dd0cb0a950a7cff4ab013175289cd5fccf9dd7ea430739,ransomware,Akira,2024,Amd64,0,6.4372667311361,EXE,RanDS_Behaviour_Activity_Dataset/dataset/56/566ef5484da0a93c87dd0cb0a950a7cff4ab013175289cd5fccf9dd7ea430739.json,raw_reports/ransomware/566ef5484da0a93c87dd0cb0a950a7cff4ab013175289cd5fccf9dd7ea430739.json,1632,14,1.0,20,0.012254901960784314,1.0,9,0,1.0
1353,567c13216b9691970b9fc873ee7abe87ded5b61cea63d1d4b6d6f4c2fee5c711,ransomware,Loki,2022,I386,1,7.1974274838216,EXE,RanDS_Behaviour_Activity_Dataset/dataset/56/567c13216b9691970b9fc873ee7abe87ded5b61cea63d1d4b6d6f4c2fee5c711.json,raw_reports/ransomware/567c13216b9691970b9fc873ee7abe87ded5b61cea63d1d4b6d6f4c2fee5c711.json,437,12,1.0,13,0.029748283752860413,1.0,4,0,1.0
1354,567deb123c5d32e9af005cc681340d95fce92e73cf198db892c0d2b9b0e2a38f,ransomware,MSIL,2022,I386,1,7.7732988997071,EXE,RanDS_Behaviour_Activity_Dataset/dataset/56/567deb123c5d32e9af005cc681340d95fce92e73cf198db892c0d2b9b0e2a38f.json,raw_reports/ransomware/567deb123c5d32e9af005cc681340d95fce92e73cf198db892c0d2b9b0e2a38f.json,28,5,0.625,6,0.21428571428571427,0.7777777777777778,3,2,1.0
1355,568b282c68a46447e963a3570af1c8632519824c01b75521e8be7b52e1089398,ransomware,Disabler,2023,I386,1,7.9200870941835,EXE,RanDS_Behaviour_Activity_Dataset/dataset/56/568b282c68a46447e963a3570af1c8632519824c01b75521e8be7b52e1089398.json,raw_reports/ransomware/568b282c68a46447e963a3570af1c8632519824c01b75521e8be7b52e1089398.json,925,13,1.0,19,0.02054054054054054,1.0,6,0,1.0
1356,568b89691ba7dcaec088117743207b04ae82aa9de4888e74397a4c59b76180fa,ransomware,STOP,2022,I386,1,6.8281473918152,EXE,RanDS_Behaviour_Activity_Dataset/dataset/56/568b89691ba7dcaec088117743207b04ae82aa9de4888e74397a4c59b76180fa.json,raw_reports/ransomware/568b89691ba7dcaec088117743207b04ae82aa9de4888e74397a4c59b76180fa.json,524,14,1.0,16,0.030534351145038167,1.0,5,0,1.0
1357,56915893fe760c8c3b33595771048deefcb23bc8be505cc3237b023eb7815924,ransomware,MSIL,2023,I386,0,5.5952600972907,EXE,RanDS_Behaviour_Activity_Dataset/dataset/56/56915893fe760c8c3b33595771048deefcb23bc8be505cc3237b023eb7815924.json,raw_reports/ransomware/56915893fe760c8c3b33595771048deefcb23bc8be505cc3237b023eb7815924.json,504,13,1.0,18,0.03571428571428571,1.0,4,0,1.0
1358,56ae4932aafb8ed85c51038e2f003e829addf08a197890c8989bf0bdc51e7f49,ransomware,Loki,2021,I386,0,6.0046123526881,EXE,RanDS_Behaviour_Activity_Dataset/dataset/56/56ae4932aafb8ed85c51038e2f003e829addf08a197890c8989bf0bdc51e7f49.json,raw_reports/ransomware/56ae4932aafb8ed85c51038e2f003e829addf08a197890c8989bf0bdc51e7f49.json,840,16,1.0,57,0.06785714285714285,1.0,8,0,1.0
1359,56d246fb29d8911f90cb7091debdfe09aa4097c19763286a2cb25d84e6ad7783,ransomware,Poison,2013,I386,0,5.3906326488915,EXE,RanDS_Behaviour_Activity_Dataset/dataset/56/56d246fb29d8911f90cb7091debdfe09aa4097c19763286a2cb25d84e6ad7783.json,raw_reports/ransomware/56d246fb29d8911f90cb7091debdfe09aa4097c19763286a2cb25d84e6ad7783.json,272,10,1.0,0,0.0,1.0,2,0,1.0
1360,56d3ec75bec33d4b0ef4cef57f66dae9d64cf5d6eacb8c3caec3f0b745606f24,ransomware,MSIL,2022,I386,0,5.252721564507,EXE,RanDS_Behaviour_Activity_Dataset/dataset/56/56d3ec75bec33d4b0ef4cef57f66dae9d64cf5d6eacb8c3caec3f0b745606f24.json,raw_reports/ransomware/56d3ec75bec33d4b0ef4cef57f66dae9d64cf5d6eacb8c3caec3f0b745606f24.json,1118,14,1.0,26,0.023255813953488372,1.0,7,0,1.0
1361,56dbfb10e07e622006233e2ca432e9b289e276470e18ab3efe037a1c17c40d5d,ransomware,Disabler,2023,I386,1,7.7450360177923,EXE,RanDS_Behaviour_Activity_Dataset/dataset/56/56dbfb10e07e622006233e2ca432e9b289e276470e18ab3efe037a1c17c40d5d.json,raw_reports/ransomware/56dbfb10e07e622006233e2ca432e9b289e276470e18ab3efe037a1c17c40d5d.json,358,14,1.0,13,0.036312849162011177,1.0,5,0,1.0
1362,56e27be3324cc34a312c24f8058303d05afaf7174dbe66daea11b0b204efdc08,ransomware,CrypShed,2016,I386,1,7.9341784824284,EXE,RanDS_Behaviour_Activity_Dataset/dataset/56/56e27be3324cc34a312c24f8058303d05afaf7174dbe66daea11b0b204efdc08.json,raw_reports/ransomware/56e27be3324cc34a312c24f8058303d05afaf7174dbe66daea11b0b204efdc08.json,119,10,1.0,0,0.0,1.0,3,0,1.0
1363,56ea2ba9c4f774df7a192e9cea36b06232cfaf442aea47d93d3bc0e5a545c341,ransomware,MSIL,2023,I386,0,5.5226622711424,EXE,RanDS_Behaviour_Activity_Dataset/dataset/56/56ea2ba9c4f774df7a192e9cea36b06232cfaf442aea47d93d3bc0e5a545c341.json,raw_reports/ransomware/56ea2ba9c4f774df7a192e9cea36b06232cfaf442aea47d93d3bc0e5a545c341.json,879,15,1.0,14,0.015927189988623434,1.0,5,0,1.0
1364,56ecdcec8dd5812ec6b64a37296ae61cf7c5a73824fb89329a7752eaeb0bd4f0,ransomware,XWorm,2024,I386,1,7.9502740521732,EXE,RanDS_Behaviour_Activity_Dataset/dataset/56/56ecdcec8dd5812ec6b64a37296ae61cf7c5a73824fb89329a7752eaeb0bd4f0.json,raw_reports/ransomware/56ecdcec8dd5812ec6b64a37296ae61cf7c5a73824fb89329a7752eaeb0bd4f0.json,1259,16,1.0,40,0.03177124702144559,1.0,7,0,1.0
1365,570170dbb9f7dfdc324283240ccc3cf7c329744038b785252e61d6f1774542ee,ransomware,Loki,2023,I386,1,6.752172703301,EXE,RanDS_Behaviour_Activity_Dataset/dataset/57/570170dbb9f7dfdc324283240ccc3cf7c329744038b785252e61d6f1774542ee.json,raw_reports/ransomware/570170dbb9f7dfdc324283240ccc3cf7c329744038b785252e61d6f1774542ee.json,640,16,1.0,118,0.184375,1.0,5,0,1.0
1366,5702c9d4ee00cb84e25b3c6efefc97ed2179128461c28f2fb775090d069aa771,ransomware,MSIL,2021,I386,0,4.9829662903652,EXE,RanDS_Behaviour_Activity_Dataset/dataset/57/5702c9d4ee00cb84e25b3c6efefc97ed2179128461c28f2fb775090d069aa771.json,raw_reports/ransomware/5702c9d4ee00cb84e25b3c6efefc97ed2179128461c28f2fb775090d069aa771.json,123,7,0.875,4,0.032520325203252036,0.6666666666666666,2,3,NA
1367,5704c33d0ca46764be7400992b40841ca391e9f68e0fde1394c2dde6e2fb8583,ransomware,STOP,2023,I386,1,7.7301973264219,EXE,RanDS_Behaviour_Activity_Dataset/dataset/57/5704c33d0ca46764be7400992b40841ca391e9f68e0fde1394c2dde6e2fb8583.json,raw_reports/ransomware/5704c33d0ca46764be7400992b40841ca391e9f68e0fde1394c2dde6e2fb8583.json,1242,16,1.0,105,0.08454106280193237,1.0,7,0,1.0
1368,57450c07d8e466a369ce281cafd3b3a2414feb16df34bf18767fa98d728730c9,ransomware,ConvAgent,2021,I386,1,7.4351452307174,EXE,RanDS_Behaviour_Activity_Dataset/dataset/57/57450c07d8e466a369ce281cafd3b3a2414feb16df34bf18767fa98d728730c9.json,raw_reports/ransomware/57450c07d8e466a369ce281cafd3b3a2414feb16df34bf18767fa98d728730c9.json,713,14,1.0,34,0.047685834502103785,1.0,5,0,1.0
1369,574cc0f7dba4aaf80a1a4203de4dbdbae78ef4ca43dbb3aee7af143644a00771,ransomware,Razy,2021,I386,1,7.281661215314,EXE,RanDS_Behaviour_Activity_Dataset/dataset/57/574cc0f7dba4aaf80a1a4203de4dbdbae78ef4ca43dbb3aee7af143644a00771.json,raw_reports/ransomware/574cc0f7dba4aaf80a1a4203de4dbdbae78ef4ca43dbb3aee7af143644a00771.json,579,14,1.0,32,0.055267702936096716,1.0,4,0,1.0
1370,5755894916d19169d0c64c0c5fe16ce6704be3a5afe4e477d9093b0162033eb1,ransomware,MyDoom,2009,I386,1,7.6927028967281,EXE,RanDS_Behaviour_Activity_Dataset/dataset/57/5755894916d19169d0c64c0c5fe16ce6704be3a5afe4e477d9093b0162033eb1.json,raw_reports/ransomware/5755894916d19169d0c64c0c5fe16ce6704be3a5afe4e477d9093b0162033eb1.json,354,9,1.0,0,0.0,0.7777777777777778,3,2,1.0
1371,575da6604754c07c051feeffe25d9b88dfdbb656b95d257cfce4f6fc3c98f3b5,ransomware,MSIL,2018,I386,0,4.1133725272082,EXE,RanDS_Behaviour_Activity_Dataset/dataset/57/575da6604754c07c051feeffe25d9b88dfdbb656b95d257cfce4f6fc3c98f3b5.json,raw_reports/ransomware/575da6604754c07c051feeffe25d9b88dfdbb656b95d257cfce4f6fc3c98f3b5.json,199,9,1.0,34,0.1708542713567839,0.8888888888888888,2,1,NA
1372,575e8f3c11e849517340c54d016dd1b82936f844b7a107134bf175cdd3c40618,ransomware,Loki,2023,I386,1,7.804898351337,EXE,RanDS_Behaviour_Activity_Dataset/dataset/57/575e8f3c11e849517340c54d016dd1b82936f844b7a107134bf175cdd3c40618.json,raw_reports/ransomware/575e8f3c11e849517340c54d016dd1b82936f844b7a107134bf175cdd3c40618.json,123,12,1.0,14,0.11382113821138211,1.0,5,0,1.0
1373,576d2a66e9f1e12aba4307993d4789006cf040a221532cdd810b86bcd206e29f,ransomware,Loki,2021,I386,0,6.2010264941785,EXE,RanDS_Behaviour_Activity_Dataset/dataset/57/576d2a66e9f1e12aba4307993d4789006cf040a221532cdd810b86bcd206e29f.json,raw_reports/ransomware/576d2a66e9f1e12aba4307993d4789006cf040a221532cdd810b86bcd206e29f.json,857,13,1.0,37,0.043173862310385065,1.0,3,0,1.0
1374,576d63bf309d5fb80b9d2683b21b8257d60dd2a8fa4974982d38ebface89fc47,ransomware,Jalapeno,2024,I386,0,5.9818043016282,EXE,RanDS_Behaviour_Activity_Dataset/dataset/57/576d63bf309d5fb80b9d2683b21b8257d60dd2a8fa4974982d38ebface89fc47.json,raw_reports/ransomware/576d63bf309d5fb80b9d2683b21b8257d60dd2a8fa4974982d38ebface89fc47.json,687,13,1.0,26,0.03784570596797671,1.0,7,0,1.0
1375,5773f13623a4ad0df088fc49fab9f96b25831d9a47750bf868e8aa984414cf3b,ransomware,MSIL,2021,I386,1,7.3649857517332,EXE,RanDS_Behaviour_Activity_Dataset/dataset/57/5773f13623a4ad0df088fc49fab9f96b25831d9a47750bf868e8aa984414cf3b.json,raw_reports/ransomware/5773f13623a4ad0df088fc49fab9f96b25831d9a47750bf868e8aa984414cf3b.json,1028,13,1.0,12,0.011673151750972763,1.0,4,0,1.0
1376,5798b364c4e52617139b80bd7bf766d72347279160be804e5296b35986330128,ransomware,MSIL,2021,I386,0,6.395678088128,EXE,RanDS_Behaviour_Activity_Dataset/dataset/57/5798b364c4e52617139b80bd7bf766d72347279160be804e5296b35986330128.json,raw_reports/ransomware/5798b364c4e52617139b80bd7bf766d72347279160be804e5296b35986330128.json,496,14,1.0,27,0.05443548387096774,1.0,4,0,1.0
1377,579decb14fc21f6ab8e520a2eacb56ffc1bc573df67356fc6cedc108bd8cea8e,ransomware,MSIL,2023,I386,0,6.1636264784919,EXE,RanDS_Behaviour_Activity_Dataset/dataset/57/579decb14fc21f6ab8e520a2eacb56ffc1bc573df67356fc6cedc108bd8cea8e.json,raw_reports/ransomware/579decb14fc21f6ab8e520a2eacb56ffc1bc573df67356fc6cedc108bd8cea8e.json,1327,13,1.0,18,0.013564431047475508,1.0,6,0,1.0
1378,579fea27ff7c25b136944e2546abb20e8e950c190cd0c96c1af1854ed416c3fa,ransomware,Cerber,2011,I386,1,6.5490218017038,EXE,RanDS_Behaviour_Activity_Dataset/dataset/57/579fea27ff7c25b136944e2546abb20e8e950c190cd0c96c1af1854ed416c3fa.json,raw_reports/ransomware/579fea27ff7c25b136944e2546abb20e8e950c190cd0c96c1af1854ed416c3fa.json,39,7,0.875,0,0.0,0.5555555555555556,1,4,1.0
1379,57a4244a8e2bdb2428fb0801c42f6c78af7ec0ef1b23bd558e01ecb61a1104b1,ransomware,Alien,2024,I386,1,7.8612673284398,EXE,RanDS_Behaviour_Activity_Dataset/dataset/57/57a4244a8e2bdb2428fb0801c42f6c78af7ec0ef1b23bd558e01ecb61a1104b1.json,raw_reports/ransomware/57a4244a8e2bdb2428fb0801c42f6c78af7ec0ef1b23bd558e01ecb61a1104b1.json,1171,15,1.0,19,0.016225448334756618,1.0,8,0,1.0
1380,57b9871844a5ed0eb9dac7bd53e80cc6791aadb6e81d74cbcd793ecdd7acf75e,ransomware,Poison,2021,I386,0,4.3217198243887,EXE,RanDS_Behaviour_Activity_Dataset/dataset/57/57b9871844a5ed0eb9dac7bd53e80cc6791aadb6e81d74cbcd793ecdd7acf75e.json,raw_reports/ransomware/57b9871844a5ed0eb9dac7bd53e80cc6791aadb6e81d74cbcd793ecdd7acf75e.json,350,14,1.0,52,0.14857142857142858,1.0,5,0,1.0
1381,57bb37f739400f1fbd0e96ffddf4c85e5c0c5eadad50cc9315dffed750e9fe7a,ransomware,Loki,2022,I386,1,7.6054861534945,EXE,RanDS_Behaviour_Activity_Dataset/dataset/57/57bb37f739400f1fbd0e96ffddf4c85e5c0c5eadad50cc9315dffed750e9fe7a.json,raw_reports/ransomware/57bb37f739400f1fbd0e96ffddf4c85e5c0c5eadad50cc9315dffed750e9fe7a.json,506,13,1.0,14,0.02766798418972332,1.0,3,0,1.0
1382,57bba66b367fafa76fe079cfeef39111e8847b47edc05cac82941b84fe4c9cc5,ransomware,Locky,2011,I386,1,7.6714061712028,EXE,RanDS_Behaviour_Activity_Dataset/dataset/57/57bba66b367fafa76fe079cfeef39111e8847b47edc05cac82941b84fe4c9cc5.json,raw_reports/ransomware/57bba66b367fafa76fe079cfeef39111e8847b47edc05cac82941b84fe4c9cc5.json,65,5,0.625,0,0.0,0.1111111111111111,1,8,NA
1383,57f9c41cfbb8ee42ff63b127153994f6152ba0a3931b348208e00f2f46eb832a,ransomware,Dridex,2021,I386,1,7.3594780792157,DLL,RanDS_Behaviour_Activity_Dataset/dataset/57/57f9c41cfbb8ee42ff63b127153994f6152ba0a3931b348208e00f2f46eb832a.json,raw_reports/ransomware/57f9c41cfbb8ee42ff63b127153994f6152ba0a3931b348208e00f2f46eb832a.json,123,7,0.875,35,0.2845528455284553,0.7777777777777778,3,2,1.0
1384,58215107f6e87ad9b3ebe4ce23aaa91b562c99f307a19ce719179b2d27aaef56,ransomware,MSIL,2022,I386,1,7.6374831229934,EXE,RanDS_Behaviour_Activity_Dataset/dataset/58/58215107f6e87ad9b3ebe4ce23aaa91b562c99f307a19ce719179b2d27aaef56.json,raw_reports/ransomware/58215107f6e87ad9b3ebe4ce23aaa91b562c99f307a19ce719179b2d27aaef56.json,768,14,1.0,31,0.040364583333333336,1.0,7,0,1.0
1385,582757293348d382046505c2bac4cdd2e2adc48442e9d25f8740438fb652aa7f,ransomware,Disabler,2023,I386,1,7.8477552881803,EXE,RanDS_Behaviour_Activity_Dataset/dataset/58/582757293348d382046505c2bac4cdd2e2adc48442e9d25f8740438fb652aa7f.json,raw_reports/ransomware/582757293348d382046505c2bac4cdd2e2adc48442e9d25f8740438fb652aa7f.json,1392,15,1.0,23,0.016522988505747127,1.0,7,0,1.0
1386,5827d53c05670c0d0f65d0ce989000b410cfbfb5a9831107d8dfbb13280501cb,ransomware,MSIL,2024,I386,1,7.9702905446477,EXE,RanDS_Behaviour_Activity_Dataset/dataset/58/5827d53c05670c0d0f65d0ce989000b410cfbfb5a9831107d8dfbb13280501cb.json,raw_reports/ransomware/5827d53c05670c0d0f65d0ce989000b410cfbfb5a9831107d8dfbb13280501cb.json,1301,14,1.0,69,0.053036126056879324,1.0,9,0,1.0
1387,582f36c987011e5bd27f0ce41e208c492116d26d834144bd022bbb5e172424cf,ransomware,MSIL,2022,I386,1,7.7831946183852,EXE,RanDS_Behaviour_Activity_Dataset/dataset/58/582f36c987011e5bd27f0ce41e208c492116d26d834144bd022bbb5e172424cf.json,raw_reports/ransomware/582f36c987011e5bd27f0ce41e208c492116d26d834144bd022bbb5e172424cf.json,1268,16,1.0,56,0.04416403785488959,1.0,6,0,1.0
1388,5836fb2613a6b03c987169e1675361945555551cf2fd9ac0a42436a3d6e2b1f4,ransomware,MSIL,2021,I386,0,4.8178116651723,EXE,RanDS_Behaviour_Activity_Dataset/dataset/58/5836fb2613a6b03c987169e1675361945555551cf2fd9ac0a42436a3d6e2b1f4.json,raw_reports/ransomware/5836fb2613a6b03c987169e1675361945555551cf2fd9ac0a42436a3d6e2b1f4.json,179,9,1.0,34,0.18994413407821228,0.8888888888888888,2,1,NA
1389,5846ba3907ffe7a37e92ec7154c723b79ffe6b5b555912c70088e8cddccc1e93,ransomware,MSIL,2024,I386,0,4.3077426679463,EXE,RanDS_Behaviour_Activity_Dataset/dataset/58/5846ba3907ffe7a37e92ec7154c723b79ffe6b5b555912c70088e8cddccc1e93.json,raw_reports/ransomware/5846ba3907ffe7a37e92ec7154c723b79ffe6b5b555912c70088e8cddccc1e93.json,715,13,1.0,26,0.03636363636363636,1.0,6,0,1.0
1390,584aa096de8794dafd99fc9b2351c1aacb772dfd39a7b85dc93d39bf3066121a,ransomware,MSIL,2025,I386,1,7.791479446302,EXE,RanDS_Behaviour_Activity_Dataset/dataset/58/584aa096de8794dafd99fc9b2351c1aacb772dfd39a7b85dc93d39bf3066121a.json,raw_reports/ransomware/584aa096de8794dafd99fc9b2351c1aacb772dfd39a7b85dc93d39bf3066121a.json,612,14,1.0,31,0.05065359477124183,1.0,5,0,1.0
1391,5860ddc428ffa900258207e9c385f843a3472f2fbf252d2f6357d458646cf362,ransomware,Marte,2017,I386,1,6.7188615804257,DLL,RanDS_Behaviour_Activity_Dataset/dataset/58/5860ddc428ffa900258207e9c385f843a3472f2fbf252d2f6357d458646cf362.json,raw_reports/ransomware/5860ddc428ffa900258207e9c385f843a3472f2fbf252d2f6357d458646cf362.json,723,14,1.0,21,0.029045643153526972,1.0,7,0,1.0
1392,5865c5eed65de944f54a8977edc4928404c021ebb2d1b3b8431aaaab3236c8d8,ransomware,Fragtor,2022,I386,1,6.506805687613,EXE,RanDS_Behaviour_Activity_Dataset/dataset/58/5865c5eed65de944f54a8977edc4928404c021ebb2d1b3b8431aaaab3236c8d8.json,raw_reports/ransomware/5865c5eed65de944f54a8977edc4928404c021ebb2d1b3b8431aaaab3236c8d8.json,199,12,1.0,21,0.10552763819095477,1.0,3,0,1.0
1393,5866f921e4e7d2eef8693f9fefb19ccd46224c02bb46dd51639d8680de185a40,ransomware,Fragtor,2022,I386,1,7.914071775317,EXE,RanDS_Behaviour_Activity_Dataset/dataset/58/5866f921e4e7d2eef8693f9fefb19ccd46224c02bb46dd51639d8680de185a40.json,raw_reports/ransomware/5866f921e4e7d2eef8693f9fefb19ccd46224c02bb46dd51639d8680de185a40.json,672,14,1.0,14,0.020833333333333332,1.0,5,0,1.0
1394,5869e67a2bae38141bcff572a8b21f30f61edcc4481e4ff5aa6d66dcf3ad98fa,ransomware,STOP,2022,I386,1,6.96223657387,EXE,RanDS_Behaviour_Activity_Dataset/dataset/58/5869e67a2bae38141bcff572a8b21f30f61edcc4481e4ff5aa6d66dcf3ad98fa.json,raw_reports/ransomware/5869e67a2bae38141bcff572a8b21f30f61edcc4481e4ff5aa6d66dcf3ad98fa.json,1189,14,1.0,36,0.030277544154751892,1.0,6,0,1.0
1395,586d4807fdaf4d060a7449c9b8ac1c692b9562fff037bb769feadc3ad048cb85,ransomware,STOP,2021,I386,1,7.0088715184189,EXE,RanDS_Behaviour_Activity_Dataset/dataset/58/586d4807fdaf4d060a7449c9b8ac1c692b9562fff037bb769feadc3ad048cb85.json,raw_reports/ransomware/586d4807fdaf4d060a7449c9b8ac1c692b9562fff037bb769feadc3ad048cb85.json,821,14,1.0,40,0.048721071863580996,1.0,4,0,1.0
1396,5874159ac61ab0349f29c8336c6d31d27c4df181318942ace320f4a6c6d24abe,ransomware,LockBit,2024,Amd64,0,6.374363886872,EXE,RanDS_Behaviour_Activity_Dataset/dataset/58/5874159ac61ab0349f29c8336c6d31d27c4df181318942ace320f4a6c6d24abe.json,raw_reports/ransomware/5874159ac61ab0349f29c8336c6d31d27c4df181318942ace320f4a6c6d24abe.json,1709,15,1.0,9,0.0052662375658279695,1.0,7,0,1.0
1397,587fdd9e4f866a1768042c56d17b641d3e81e5c62f56b33fd174e6dcc167ca8c,ransomware,Razy,2021,I386,0,6.162085528582,EXE,RanDS_Behaviour_Activity_Dataset/dataset/58/587fdd9e4f866a1768042c56d17b641d3e81e5c62f56b33fd174e6dcc167ca8c.json,raw_reports/ransomware/587fdd9e4f866a1768042c56d17b641d3e81e5c62f56b33fd174e6dcc167ca8c.json,301,12,1.0,9,0.029900332225913623,1.0,5,0,1.0
1398,589c6e11714a0e5474db216062806ad191cdaa9b9b9c4c46bc236cb35a6a5065,ransomware,Marsilia,2024,I386,0,4.9783868103896,EXE,RanDS_Behaviour_Activity_Dataset/dataset/58/589c6e11714a0e5474db216062806ad191cdaa9b9b9c4c46bc236cb35a6a5065.json,raw_reports/ransomware/589c6e11714a0e5474db216062806ad191cdaa9b9b9c4c46bc236cb35a6a5065.json,1039,13,1.0,27,0.02598652550529355,1.0,6,0,1.0
1399,58c06312c4b8a6e6e68873da9afe2a79a486e16a2d764f7268880ae27bf0d8be,ransomware,MSIL,2023,I386,1,7.0664562720701,EXE,RanDS_Behaviour_Activity_Dataset/dataset/58/58c06312c4b8a6e6e68873da9afe2a79a486e16a2d764f7268880ae27bf0d8be.json,raw_reports/ransomware/58c06312c4b8a6e6e68873da9afe2a79a486e16a2d764f7268880ae27bf0d8be.json,289,12,1.0,66,0.22837370242214533,1.0,9,0,1.0
1400,58cdcd2f49080d4471ffd169eb6cfe86f9efae01e45423492d0e31a4db510d60,ransomware,MSIL,2024,I386,1,7.7718350782285,EXE,RanDS_Behaviour_Activity_Dataset/dataset/58/58cdcd2f49080d4471ffd169eb6cfe86f9efae01e45423492d0e31a4db510d60.json,raw_reports/ransomware/58cdcd2f49080d4471ffd169eb6cfe86f9efae01e45423492d0e31a4db510d60.json,150,12,1.0,12,0.08,1.0,4,0,1.0
1401,58dc9bfd9fb920e5e2359eb448df941c36eafa44b63b3d47466eff2f1a91b62d,ransomware,Loki,2020,I386,1,7.9321367017808,EXE,RanDS_Behaviour_Activity_Dataset/dataset/58/58dc9bfd9fb920e5e2359eb448df941c36eafa44b63b3d47466eff2f1a91b62d.json,raw_reports/ransomware/58dc9bfd9fb920e5e2359eb448df941c36eafa44b63b3d47466eff2f1a91b62d.json,1269,14,1.0,19,0.014972419227738377,1.0,6,0,1.0
1402,58ddbeea7b180300f5c46a5aee7ee941e77d2a1667f0e2bc13ee869259a9f3ca,ransomware,Loki,2023,I386,1,6.7981252377582,EXE,RanDS_Behaviour_Activity_Dataset/dataset/58/58ddbeea7b180300f5c46a5aee7ee941e77d2a1667f0e2bc13ee869259a9f3ca.json,raw_reports/ransomware/58ddbeea7b180300f5c46a5aee7ee941e77d2a1667f0e2bc13ee869259a9f3ca.json,413,16,1.0,33,0.07990314769975787,1.0,5,0,1.0
1403,58e13e37e2d8484bda8ba700999ad4e78b88ef3f0dd980747e30533849a17135,ransomware,MSIL,2022,I386,0,5.7819197837795,EXE,RanDS_Behaviour_Activity_Dataset/dataset/58/58e13e37e2d8484bda8ba700999ad4e78b88ef3f0dd980747e30533849a17135.json,raw_reports/ransomware/58e13e37e2d8484bda8ba700999ad4e78b88ef3f0dd980747e30533849a17135.json,2416,15,1.0,21,0.00869205298013245,1.0,6,0,1.0
1404,58ec635cd8dfc1b5849a4e79bff47cdfd2e85b81fbfca65992ec2d1d87032efb,ransomware,MSIL,2023,I386,1,7.9351108059068,EXE,RanDS_Behaviour_Activity_Dataset/dataset/58/58ec635cd8dfc1b5849a4e79bff47cdfd2e85b81fbfca65992ec2d1d87032efb.json,raw_reports/ransomware/58ec635cd8dfc1b5849a4e79bff47cdfd2e85b81fbfca65992ec2d1d87032efb.json,1018,14,1.0,13,0.012770137524557957,1.0,4,0,1.0
1405,58f8f4e8795ca219432159ed6501fb7c6d933f3d713d35b7ca1ebf01dc2a0209,ransomware,Jalapeno,2023,I386,0,3.7681193909589,EXE,RanDS_Behaviour_Activity_Dataset/dataset/58/58f8f4e8795ca219432159ed6501fb7c6d933f3d713d35b7ca1ebf01dc2a0209.json,raw_reports/ransomware/58f8f4e8795ca219432159ed6501fb7c6d933f3d713d35b7ca1ebf01dc2a0209.json,2598,16,1.0,209,0.0804464973056197,1.0,9,0,1.0
1406,58fa191f38b25cab67921a0f3c0aba75e5254ca139733df9dca6eec26fae1377,ransomware,Loki,2020,I386,1,7.0753901873464,EXE,RanDS_Behaviour_Activity_Dataset/dataset/58/58fa191f38b25cab67921a0f3c0aba75e5254ca139733df9dca6eec26fae1377.json,raw_reports/ransomware/58fa191f38b25cab67921a0f3c0aba75e5254ca139733df9dca6eec26fae1377.json,908,15,1.0,6,0.006607929515418502,1.0,7,0,1.0
1407,590d2b464c4ff5528159353627cf8557746d5226fcaf8fadc6ba6930f8682015,ransomware,STOP,2022,I386,1,6.943640355329,EXE,RanDS_Behaviour_Activity_Dataset/dataset/59/590d2b464c4ff5528159353627cf8557746d5226fcaf8fadc6ba6930f8682015.json,raw_reports/ransomware/590d2b464c4ff5528159353627cf8557746d5226fcaf8fadc6ba6930f8682015.json,65,12,1.0,13,0.2,1.0,3,0,1.0
1408,590e47944ef0597bf1ff1d41656859b776e7031a4611cbf22d619002cbe49312,ransomware,Spora,2025,Amd64,0,6.1765444075463,EXE,RanDS_Behaviour_Activity_Dataset/dataset/59/590e47944ef0597bf1ff1d41656859b776e7031a4611cbf22d619002cbe49312.json,raw_reports/ransomware/590e47944ef0597bf1ff1d41656859b776e7031a4611cbf22d619002cbe49312.json,295,12,1.0,11,0.03728813559322034,1.0,5,0,1.0
1409,5921bb1eb931d6ed64b91061b099123e31be59f16b310f96c2fbacf4bb7023e8,ransomware,MSIL,2023,I386,1,7.9990224923164,EXE,RanDS_Behaviour_Activity_Dataset/dataset/59/5921bb1eb931d6ed64b91061b099123e31be59f16b310f96c2fbacf4bb7023e8.json,raw_reports/ransomware/5921bb1eb931d6ed64b91061b099123e31be59f16b310f96c2fbacf4bb7023e8.json,2389,15,1.0,69,0.02888237756383424,1.0,9,0,1.0
1410,5930cfa7dd5664e104c299fce83451021349922b6b02774235eae6bd14fad464,ransomware,MSIL,2021,I386,1,7.6525618568624,EXE,RanDS_Behaviour_Activity_Dataset/dataset/59/5930cfa7dd5664e104c299fce83451021349922b6b02774235eae6bd14fad464.json,raw_reports/ransomware/5930cfa7dd5664e104c299fce83451021349922b6b02774235eae6bd14fad464.json,516,13,1.0,45,0.0872093023255814,1.0,5,0,1.0
1411,59315e15b70ffcb7d7aa98a2e8694798e2913e672abe4167840df9c4fd898145,ransomware,MSIL,2023,I386,1,7.6915631021889,EXE,RanDS_Behaviour_Activity_Dataset/dataset/59/59315e15b70ffcb7d7aa98a2e8694798e2913e672abe4167840df9c4fd898145.json,raw_reports/ransomware/59315e15b70ffcb7d7aa98a2e8694798e2913e672abe4167840df9c4fd898145.json,1050,16,1.0,143,0.1361904761904762,1.0,8,0,1.0
1412,5933dcc6e1411448bf62c554b4ff7b437665bcd8ad3ee37ed30253d6603d1e98,ransomware,MSIL,2024,I386,1,7.873144449733,EXE,RanDS_Behaviour_Activity_Dataset/dataset/59/5933dcc6e1411448bf62c554b4ff7b437665bcd8ad3ee37ed30253d6603d1e98.json,raw_reports/ransomware/5933dcc6e1411448bf62c554b4ff7b437665bcd8ad3ee37ed30253d6603d1e98.json,872,15,1.0,46,0.052752293577981654,1.0,6,0,1.0
1413,5947306dc85978c8f42b172daf3b02f488c6465a3e57e45bb33a897c6112026f,ransomware,MSIL,2021,I386,1,7.3478775712809,EXE,RanDS_Behaviour_Activity_Dataset/dataset/59/5947306dc85978c8f42b172daf3b02f488c6465a3e57e45bb33a897c6112026f.json,raw_reports/ransomware/5947306dc85978c8f42b172daf3b02f488c6465a3e57e45bb33a897c6112026f.json,386,13,1.0,36,0.09326424870466321,1.0,5,0,1.0
1414,5953dc35604984f77c9ec3fdbba8725db7264bcb16f07e7eff5299443c9efe6d,ransomware,MSIL,2021,I386,1,7.7136918584865,EXE,RanDS_Behaviour_Activity_Dataset/dataset/59/5953dc35604984f77c9ec3fdbba8725db7264bcb16f07e7eff5299443c9efe6d.json,raw_reports/ransomware/5953dc35604984f77c9ec3fdbba8725db7264bcb16f07e7eff5299443c9efe6d.json,726,12,1.0,41,0.05647382920110193,1.0,4,0,1.0
1415,59c7c188cb5c6e77646b917c6be75aa8ae3a32adcba566a21d4061f3a17e0f39,ransomware,Loki,2021,I386,1,7.3775538697827,EXE,RanDS_Behaviour_Activity_Dataset/dataset/59/59c7c188cb5c6e77646b917c6be75aa8ae3a32adcba566a21d4061f3a17e0f39.json,raw_reports/ransomware/59c7c188cb5c6e77646b917c6be75aa8ae3a32adcba566a21d4061f3a17e0f39.json,920,16,1.0,57,0.06195652173913044,1.0,6,0,1.0
1416,5a3450dd066222ae8017e223cc22861ac06ec7a40209f293b22174d491af129f,ransomware,Zeppelin,2022,I386,1,7.2859414150793,EXE,RanDS_Behaviour_Activity_Dataset/dataset/5a/5a3450dd066222ae8017e223cc22861ac06ec7a40209f293b22174d491af129f.json,raw_reports/ransomware/5a3450dd066222ae8017e223cc22861ac06ec7a40209f293b22174d491af129f.json,102,9,1.0,2,0.0196078431372549,1.0,3,0,1.0
1417,5a4b33d906d084990e92fb7556609e492b878d2e69edce8eecfa409aeea80498,ransomware,Bladabindi,2024,I386,0,5.7385479737371,EXE,RanDS_Behaviour_Activity_Dataset/dataset/5a/5a4b33d906d084990e92fb7556609e492b878d2e69edce8eecfa409aeea80498.json,raw_reports/ransomware/5a4b33d906d084990e92fb7556609e492b878d2e69edce8eecfa409aeea80498.json,816,14,1.0,19,0.023284313725490197,1.0,6,0,1.0
1418,5a5976b32040e3bce487b8afdfa60ffb87a810b3b65aabb42ee1e66300f0b0af,ransomware,Loki,2020,I386,1,7.6190266565824,EXE,RanDS_Behaviour_Activity_Dataset/dataset/5a/5a5976b32040e3bce487b8afdfa60ffb87a810b3b65aabb42ee1e66300f0b0af.json,raw_reports/ransomware/5a5976b32040e3bce487b8afdfa60ffb87a810b3b65aabb42ee1e66300f0b0af.json,1312,15,1.0,38,0.028963414634146343,1.0,5,0,1.0
1419,5b8ea5f56d68898aaebc5f302bdc6d61a708456ebc2188c675d5b64038d4dd9d,ransomware,Loki,2023,I386,1,7.8807228831487,EXE,RanDS_Behaviour_Activity_Dataset/dataset/5b/5b8ea5f56d68898aaebc5f302bdc6d61a708456ebc2188c675d5b64038d4dd9d.json,raw_reports/ransomware/5b8ea5f56d68898aaebc5f302bdc6d61a708456ebc2188c675d5b64038d4dd9d.json,1414,14,1.0,28,0.019801980198019802,1.0,7,0,1.0
1420,5b9473707bd19f72dcd7edd0752855da0e4b1181c6f931d2d624877233ea5f4a,ransomware,Loki,2022,I386,1,7.1367925198163,EXE,RanDS_Behaviour_Activity_Dataset/dataset/5b/5b9473707bd19f72dcd7edd0752855da0e4b1181c6f931d2d624877233ea5f4a.json,raw_reports/ransomware/5b9473707bd19f72dcd7edd0752855da0e4b1181c6f931d2d624877233ea5f4a.json,607,14,1.0,21,0.03459637561779242,1.0,7,0,1.0
1421,5bf5b424ba0cedbcf47b4ea6830071903ffec54b3e84900bce043ebc3b7e11ec,ransomware,Loki,2022,I386,1,7.318910587165,EXE,RanDS_Behaviour_Activity_Dataset/dataset/5b/5bf5b424ba0cedbcf47b4ea6830071903ffec54b3e84900bce043ebc3b7e11ec.json,raw_reports/ransomware/5bf5b424ba0cedbcf47b4ea6830071903ffec54b3e84900bce043ebc3b7e11ec.json,441,13,1.0,11,0.024943310657596373,1.0,4,0,1.0
1422,5c4150bcd76286fc146426b16eae5c0ec7b5e539a6e1d010caa2ddb88e3fa8c0,ransomware,Loki,2023,I386,1,7.3956832387094,EXE,RanDS_Behaviour_Activity_Dataset/dataset/5c/5c4150bcd76286fc146426b16eae5c0ec7b5e539a6e1d010caa2ddb88e3fa8c0.json,raw_reports/ransomware/5c4150bcd76286fc146426b16eae5c0ec7b5e539a6e1d010caa2ddb88e3fa8c0.json,529,13,1.0,15,0.02835538752362949,1.0,4,0,1.0
1423,5c9dbae0453d3766df5234b197a8ea07d84470bd34568703f47a7f885643e5eb,ransomware,Loki,2022,I386,1,7.9303930846776,EXE,RanDS_Behaviour_Activity_Dataset/dataset/5c/5c9dbae0453d3766df5234b197a8ea07d84470bd34568703f47a7f885643e5eb.json,raw_reports/ransomware/5c9dbae0453d3766df5234b197a8ea07d84470bd34568703f47a7f885643e5eb.json,1239,16,1.0,17,0.013720742534301856,1.0,6,0,1.0
1424,5c9f3e1f65c7edc331ca8820f27c36ea2e1e6099209a7b897ada52e7313c1bf5,ransomware,WinLock,2011,I386,1,7.9107153492074,EXE,RanDS_Behaviour_Activity_Dataset/dataset/5c/5c9f3e1f65c7edc331ca8820f27c36ea2e1e6099209a7b897ada52e7313c1bf5.json,raw_reports/ransomware/5c9f3e1f65c7edc331ca8820f27c36ea2e1e6099209a7b897ada52e7313c1bf5.json,897,11,1.0,0,0.0,1.0,5,0,1.0
1425,5ce4beb2ddb57b33a3c68160801b7db014bf4d90dc3770ff73f0ce7faa5173f0,ransomware,Loki,2022,I386,1,7.288322864549,EXE,RanDS_Behaviour_Activity_Dataset/dataset/5c/5ce4beb2ddb57b33a3c68160801b7db014bf4d90dc3770ff73f0ce7faa5173f0.json,raw_reports/ransomware/5ce4beb2ddb57b33a3c68160801b7db014bf4d90dc3770ff73f0ce7faa5173f0.json,90,5,0.625,13,0.14444444444444443,0.7777777777777778,2,2,1.0
1426,5d233094efc8edf7748c21573ff9abfce44db3b610c6142b04f5c9e1c736c777,ransomware,GandCrab,2021,I386,0,6.4901325415699,EXE,RanDS_Behaviour_Activity_Dataset/dataset/5d/5d233094efc8edf7748c21573ff9abfce44db3b610c6142b04f5c9e1c736c777.json,raw_reports/ransomware/5d233094efc8edf7748c21573ff9abfce44db3b610c6142b04f5c9e1c736c777.json,412,13,1.0,10,0.024271844660194174,1.0,4,0,1.0
1427,5d56eaf70900f97a2bf74439d60fedb28c44b4c424336b1e5fa245a940fa7b7a,ransomware,LockBit,2023,I386,1,6.7562383273818,EXE,RanDS_Behaviour_Activity_Dataset/dataset/5d/5d56eaf70900f97a2bf74439d60fedb28c44b4c424336b1e5fa245a940fa7b7a.json,raw_reports/ransomware/5d56eaf70900f97a2bf74439d60fedb28c44b4c424336b1e5fa245a940fa7b7a.json,218,16,1.0,27,0.12385321100917432,1.0,7,0,1.0
1428,5ddec8118b1cafd72d1a28420cc8e7979a3c75d5847c1148358be9a454261aa2,ransomware,Loki,2023,I386,1,7.2632863527367,EXE,RanDS_Behaviour_Activity_Dataset/dataset/5d/5ddec8118b1cafd72d1a28420cc8e7979a3c75d5847c1148358be9a454261aa2.json,raw_reports/ransomware/5ddec8118b1cafd72d1a28420cc8e7979a3c75d5847c1148358be9a454261aa2.json,633,13,1.0,18,0.02843601895734597,1.0,5,0,1.0
1429,5ee821467a11f10fff154dea1df3b674053d0927415c21b50d71cc89c84af517,ransomware,LockBit,2022,I386,1,7.0372936013232,EXE,RanDS_Behaviour_Activity_Dataset/dataset/5e/5ee821467a11f10fff154dea1df3b674053d0927415c21b50d71cc89c84af517.json,raw_reports/ransomware/5ee821467a11f10fff154dea1df3b674053d0927415c21b50d71cc89c84af517.json,883,13,1.0,36,0.04077010192525481,1.0,5,0,1.0
1430,5f60065f39cfb14defcad05927bd60aad0f5dbca0977a88cf0afe78ff31d5c63,ransomware,Loki,2023,I386,1,7.7818568218834,EXE,RanDS_Behaviour_Activity_Dataset/dataset/5f/5f60065f39cfb14defcad05927bd60aad0f5dbca0977a88cf0afe78ff31d5c63.json,raw_reports/ransomware/5f60065f39cfb14defcad05927bd60aad0f5dbca0977a88cf0afe78ff31d5c63.json,915,11,1.0,9,0.009836065573770493,1.0,4,0,1.0
1431,5fe033abfff1805b6570d7e9b110c7cfc509aa78baa567dda7e12c6ce5d5392f,ransomware,Loki,2022,I386,1,7.9293441377258,EXE,RanDS_Behaviour_Activity_Dataset/dataset/5f/5fe033abfff1805b6570d7e9b110c7cfc509aa78baa567dda7e12c6ce5d5392f.json,raw_reports/ransomware/5fe033abfff1805b6570d7e9b110c7cfc509aa78baa567dda7e12c6ce5d5392f.json,652,15,1.0,15,0.023006134969325152,1.0,4,0,1.0
1432,5ff77cfc952a63f6c75709db72ca3ddd2b362bf416bb454957f3b8bfdbaafd50,ransomware,Loki,2020,I386,0,3.958569499453,EXE,RanDS_Behaviour_Activity_Dataset/dataset/5f/5ff77cfc952a63f6c75709db72ca3ddd2b362bf416bb454957f3b8bfdbaafd50.json,raw_reports/ransomware/5ff77cfc952a63f6c75709db72ca3ddd2b362bf416bb454957f3b8bfdbaafd50.json,1018,15,1.0,1,0.0009823182711198428,1.0,4,0,1.0
1433,602b15a3f9b76b77e35a5b738223305668110e8d0c8c432839872d0279bedbde,ransomware,Zeppelin,2022,I386,1,7.2727321412309,EXE,RanDS_Behaviour_Activity_Dataset/dataset/60/602b15a3f9b76b77e35a5b738223305668110e8d0c8c432839872d0279bedbde.json,raw_reports/ransomware/602b15a3f9b76b77e35a5b738223305668110e8d0c8c432839872d0279bedbde.json,441,13,1.0,21,0.047619047619047616,1.0,5,0,1.0
1434,603ac72cdf8403808a1ebb28be5fcbd85f347671f28587a07792e82af3f2028b,ransomware,GandCrab,2021,I386,0,6.4216215244991,EXE,RanDS_Behaviour_Activity_Dataset/dataset/60/603ac72cdf8403808a1ebb28be5fcbd85f347671f28587a07792e82af3f2028b.json,raw_reports/ransomware/603ac72cdf8403808a1ebb28be5fcbd85f347671f28587a07792e82af3f2028b.json,276,13,1.0,3,0.010869565217391304,1.0,4,0,1.0
1435,60629b77f8cf4cbdeebbb340a5f7e28e60b3111a473d3906ebe922cecc9d7dde,ransomware,Zeppelin,2023,I386,1,6.5375886243973,EXE,RanDS_Behaviour_Activity_Dataset/dataset/60/60629b77f8cf4cbdeebbb340a5f7e28e60b3111a473d3906ebe922cecc9d7dde.json,raw_reports/ransomware/60629b77f8cf4cbdeebbb340a5f7e28e60b3111a473d3906ebe922cecc9d7dde.json,1452,14,1.0,55,0.03787878787878788,1.0,7,0,1.0
1436,6066e91a9b651a9061d3f0941e6686ff476e5e84e11a51ec3bcae049d84b366b,ransomware,Medusa,2022,I386,0,6.1754131400521,EXE,RanDS_Behaviour_Activity_Dataset/dataset/60/6066e91a9b651a9061d3f0941e6686ff476e5e84e11a51ec3bcae049d84b366b.json,raw_reports/ransomware/6066e91a9b651a9061d3f0941e6686ff476e5e84e11a51ec3bcae049d84b366b.json,1755,13,1.0,21,0.011965811965811967,1.0,7,0,1.0
1437,60ccb054cf6bc70a47f0db7b47f69bfbbca97420395e31c4e3514b8d33dd5ef7,ransomware,Vebzenpak,2020,I386,0,4.3676762442254,EXE,RanDS_Behaviour_Activity_Dataset/dataset/60/60ccb054cf6bc70a47f0db7b47f69bfbbca97420395e31c4e3514b8d33dd5ef7.json,raw_reports/ransomware/60ccb054cf6bc70a47f0db7b47f69bfbbca97420395e31c4e3514b8d33dd5ef7.json,716,14,1.0,7,0.009776536312849162,1.0,6,0,1.0
1438,61b466c76ec7747cb41f23d55824acc239240ae1390e3895e031401b223fd0ac,ransomware,ConvAgent,2023,I386,0,5.8902429863944,EXE,RanDS_Behaviour_Activity_Dataset/dataset/61/61b466c76ec7747cb41f23d55824acc239240ae1390e3895e031401b223fd0ac.json,raw_reports/ransomware/61b466c76ec7747cb41f23d55824acc239240ae1390e3895e031401b223fd0ac.json,74,15,1.0,16,0.21621621621621623,1.0,3,0,1.0
1439,61c61db5ebc4d0c1bea4504adc9462abd0d100e3b3e468a3e5381193d1d6aae0,ransomware,Loki,2021,I386,1,7.026360558855,EXE,RanDS_Behaviour_Activity_Dataset/dataset/61/61c61db5ebc4d0c1bea4504adc9462abd0d100e3b3e468a3e5381193d1d6aae0.json,raw_reports/ransomware/61c61db5ebc4d0c1bea4504adc9462abd0d100e3b3e468a3e5381193d1d6aae0.json,1121,15,1.0,54,0.04817127564674398,1.0,5,0,1.0
1440,61dd6a0b2870d62f56c7fe0039d42bf5351588f927267fe7b4ee0761872a3b20,ransomware,Conti,2020,I386,0,6.3787859564811,EXE,RanDS_Behaviour_Activity_Dataset/dataset/61/61dd6a0b2870d62f56c7fe0039d42bf5351588f927267fe7b4ee0761872a3b20.json,raw_reports/ransomware/61dd6a0b2870d62f56c7fe0039d42bf5351588f927267fe7b4ee0761872a3b20.json,3258,16,1.0,145,0.044505831798649476,1.0,7,0,1.0
1441,61df65948553b5e1e385bcfa866cae9a30ace0e427ab57e455985988d30eee20,ransomware,Loki,2023,I386,0,6.4195082934081,EXE,RanDS_Behaviour_Activity_Dataset/dataset/61/61df65948553b5e1e385bcfa866cae9a30ace0e427ab57e455985988d30eee20.json,raw_reports/ransomware/61df65948553b5e1e385bcfa866cae9a30ace0e427ab57e455985988d30eee20.json,1005,15,1.0,121,0.12039800995024875,1.0,7,0,1.0
1442,62048a7edd15baca9f547d5c452629feae58d07fe7e12a8c6caf2050be6799a2,ransomware,Loki,2022,I386,1,7.1631166605281,EXE,RanDS_Behaviour_Activity_Dataset/dataset/62/62048a7edd15baca9f547d5c452629feae58d07fe7e12a8c6caf2050be6799a2.json,raw_reports/ransomware/62048a7edd15baca9f547d5c452629feae58d07fe7e12a8c6caf2050be6799a2.json,1345,16,1.0,50,0.03717472118959108,1.0,7,0,1.0
1443,622bcc303ad9f9ce3bcf7017f83f9925842ec3bf07e8098882b4b83b840900ae,ransomware,Loki,2023,I386,1,7.8072716729852,EXE,RanDS_Behaviour_Activity_Dataset/dataset/62/622bcc303ad9f9ce3bcf7017f83f9925842ec3bf07e8098882b4b83b840900ae.json,raw_reports/ransomware/622bcc303ad9f9ce3bcf7017f83f9925842ec3bf07e8098882b4b83b840900ae.json,924,15,1.0,24,0.025974025974025976,1.0,5,0,1.0
1444,625f1f793d301fca8511fab29d03e65afcb83dac229c1a1077f3fc4bfaeb8a47,ransomware,Loki,2022,I386,0,5.8897377308366,EXE,RanDS_Behaviour_Activity_Dataset/dataset/62/625f1f793d301fca8511fab29d03e65afcb83dac229c1a1077f3fc4bfaeb8a47.json,raw_reports/ransomware/625f1f793d301fca8511fab29d03e65afcb83dac229c1a1077f3fc4bfaeb8a47.json,285,15,1.0,19,0.06666666666666667,1.0,4,0,1.0
1445,627c5a2fa098a6fbcca6485b82dd12c94d7b3c86a2fd4ed0a261e6c95361751d,ransomware,GandCrab,2021,I386,0,4.7792687213738,EXE,RanDS_Behaviour_Activity_Dataset/dataset/62/627c5a2fa098a6fbcca6485b82dd12c94d7b3c86a2fd4ed0a261e6c95361751d.json,raw_reports/ransomware/627c5a2fa098a6fbcca6485b82dd12c94d7b3c86a2fd4ed0a261e6c95361751d.json,562,13,1.0,4,0.0071174377224199285,1.0,5,0,1.0
1446,62875bbcc1ccebc66490cf8aa7781b959500dec28eee481312a1da08872eb465,ransomware,Loki,2020,I386,1,7.4420480258241,EXE,RanDS_Behaviour_Activity_Dataset/dataset/62/62875bbcc1ccebc66490cf8aa7781b959500dec28eee481312a1da08872eb465.json,raw_reports/ransomware/62875bbcc1ccebc66490cf8aa7781b959500dec28eee481312a1da08872eb465.json,469,11,1.0,42,0.08955223880597014,1.0,3,0,1.0
1447,62a97283872ab50c61ba23f69349b8244519cec93a00b7ee244fe58b9a685bbe,ransomware,Loki,2024,I386,1,6.8598530551825,EXE,RanDS_Behaviour_Activity_Dataset/dataset/62/62a97283872ab50c61ba23f69349b8244519cec93a00b7ee244fe58b9a685bbe.json,raw_reports/ransomware/62a97283872ab50c61ba23f69349b8244519cec93a00b7ee244fe58b9a685bbe.json,1176,15,1.0,21,0.017857142857142856,1.0,7,0,1.0
1448,63092fdb3e3ecafec4c1d5fc954409061083c6f4c5b1583ee2ad9e8c8ac76731,ransomware,EEIA,2020,Amd64,1,7.9173557655222,EXE,RanDS_Behaviour_Activity_Dataset/dataset/63/63092fdb3e3ecafec4c1d5fc954409061083c6f4c5b1583ee2ad9e8c8ac76731.json,raw_reports/ransomware/63092fdb3e3ecafec4c1d5fc954409061083c6f4c5b1583ee2ad9e8c8ac76731.json,166,12,1.0,21,0.12650602409638553,1.0,3,0,1.0
1449,633e55e6345323a0417415fdb9cf9ac4f4fc2ef7d90a297756e4427cfada76e9,ransomware,STOP,2023,I386,1,7.7372215789313,EXE,RanDS_Behaviour_Activity_Dataset/dataset/63/633e55e6345323a0417415fdb9cf9ac4f4fc2ef7d90a297756e4427cfada76e9.json,raw_reports/ransomware/633e55e6345323a0417415fdb9cf9ac4f4fc2ef7d90a297756e4427cfada76e9.json,1189,15,1.0,44,0.03700588730025231,1.0,6,0,1.0
1450,634760dc7f6262ffa59d74ac41d35bd441fa2974c6f0c2c41e68e61ca98af787,ransomware,Blocker,2023,I386,1,7.7905500247814,EXE,RanDS_Behaviour_Activity_Dataset/dataset/63/634760dc7f6262ffa59d74ac41d35bd441fa2974c6f0c2c41e68e61ca98af787.json,raw_reports/ransomware/634760dc7f6262ffa59d74ac41d35bd441fa2974c6f0c2c41e68e61ca98af787.json,566,13,1.0,13,0.022968197879858657,1.0,7,0,1.0
1451,64709b83e44493c9daef902de750d67a7dc071da29b2a82a8e79e4d6998f0621,ransomware,Loki,2023,I386,1,7.4852135579756,EXE,RanDS_Behaviour_Activity_Dataset/dataset/64/64709b83e44493c9daef902de750d67a7dc071da29b2a82a8e79e4d6998f0621.json,raw_reports/ransomware/64709b83e44493c9daef902de750d67a7dc071da29b2a82a8e79e4d6998f0621.json,1173,14,1.0,37,0.03154305200341006,1.0,6,0,1.0
1452,647c7dc1b746bc6b9818c959528d64b8f89c391b8607f787cd0444d031dc5d22,ransomware,STOP,2022,I386,1,6.9467400861232,EXE,RanDS_Behaviour_Activity_Dataset/dataset/64/647c7dc1b746bc6b9818c959528d64b8f89c391b8607f787cd0444d031dc5d22.json,raw_reports/ransomware/647c7dc1b746bc6b9818c959528d64b8f89c391b8607f787cd0444d031dc5d22.json,71,14,1.0,11,0.15492957746478872,1.0,3,0,1.0
1453,6574de4e08f81b1f4f90ce824579d720328d2ebe5669b10449bd3b95f894b05c,ransomware,Loki,2023,I386,1,6.8661426425766,EXE,RanDS_Behaviour_Activity_Dataset/dataset/65/6574de4e08f81b1f4f90ce824579d720328d2ebe5669b10449bd3b95f894b05c.json,raw_reports/ransomware/6574de4e08f81b1f4f90ce824579d720328d2ebe5669b10449bd3b95f894b05c.json,1030,15,1.0,23,0.02233009708737864,1.0,5,0,1.0
1454,6596d65115208620501af7ca8c48a89ea5225f8e6ced26a75d4571b8268c0da0,ransomware,Loki,2020,I386,1,7.4103872033193,EXE,RanDS_Behaviour_Activity_Dataset/dataset/65/6596d65115208620501af7ca8c48a89ea5225f8e6ced26a75d4571b8268c0da0.json,raw_reports/ransomware/6596d65115208620501af7ca8c48a89ea5225f8e6ced26a75d4571b8268c0da0.json,514,14,1.0,5,0.009727626459143969,1.0,6,0,1.0
1455,65ba39146293cf0ed066f46f602590ae437f5b145fca3e6ed2a95d7a111d88e1,ransomware,LockBit,2023,I386,1,6.955335668762,EXE,RanDS_Behaviour_Activity_Dataset/dataset/65/65ba39146293cf0ed066f46f602590ae437f5b145fca3e6ed2a95d7a111d88e1.json,raw_reports/ransomware/65ba39146293cf0ed066f46f602590ae437f5b145fca3e6ed2a95d7a111d88e1.json,565,15,1.0,10,0.017699115044247787,1.0,5,0,1.0
1456,669fa8cb14463fe4d7e152c852686a8d27bfa932e8a51e8064fc26da0ef040b9,ransomware,Loki,2021,I386,1,7.6293921430596,EXE,RanDS_Behaviour_Activity_Dataset/dataset/66/669fa8cb14463fe4d7e152c852686a8d27bfa932e8a51e8064fc26da0ef040b9.json,raw_reports/ransomware/669fa8cb14463fe4d7e152c852686a8d27bfa932e8a51e8064fc26da0ef040b9.json,1156,16,1.0,49,0.04238754325259515,1.0,6,0,1.0
1457,66ed5384220ff3091903e14a54849f824fdd13ac70dc4e0127eb59c1de801fc2,ransomware,Thanos,2021,I386,0,6.2548275444517,EXE,RanDS_Behaviour_Activity_Dataset/dataset/66/66ed5384220ff3091903e14a54849f824fdd13ac70dc4e0127eb59c1de801fc2.json,raw_reports/ransomware/66ed5384220ff3091903e14a54849f824fdd13ac70dc4e0127eb59c1de801fc2.json,1936,16,1.0,18,0.009297520661157025,1.0,9,0,1.0
1458,674778347ca0eadef4eecd1baf234b896820822e5bb516925be3ba860cb312e4,ransomware,STOP,2022,I386,1,6.549878137561,EXE,RanDS_Behaviour_Activity_Dataset/dataset/67/674778347ca0eadef4eecd1baf234b896820822e5bb516925be3ba860cb312e4.json,raw_reports/ransomware/674778347ca0eadef4eecd1baf234b896820822e5bb516925be3ba860cb312e4.json,67,13,1.0,13,0.19402985074626866,1.0,3,0,1.0
1459,67628a5f04c7099346dd18957a4bc5179f5c3a07b41ca0d2a9e708dcab54d16d,ransomware,IMPS,2021,I386,0,3.9751087448217,EXE,RanDS_Behaviour_Activity_Dataset/dataset/67/67628a5f04c7099346dd18957a4bc5179f5c3a07b41ca0d2a9e708dcab54d16d.json,raw_reports/ransomware/67628a5f04c7099346dd18957a4bc5179f5c3a07b41ca0d2a9e708dcab54d16d.json,2729,14,1.0,11,0.004030780505679736,1.0,7,0,1.0
1460,68993d22252f0a6adf8a7d4a2ebf25b656536486e2681a6f34673b1fa65813df,ransomware,Loki,2020,I386,1,7.7704536307151,EXE,RanDS_Behaviour_Activity_Dataset/dataset/68/68993d22252f0a6adf8a7d4a2ebf25b656536486e2681a6f34673b1fa65813df.json,raw_reports/ransomware/68993d22252f0a6adf8a7d4a2ebf25b656536486e2681a6f34673b1fa65813df.json,1700,14,1.0,28,0.01647058823529412,1.0,7,0,1.0
1461,68a837f8646bc09c634d13045d36ee05f43f319e88c2a47295d01c47574accae,ransomware,Loki,2022,I386,1,7.7259538387817,EXE,RanDS_Behaviour_Activity_Dataset/dataset/68/68a837f8646bc09c634d13045d36ee05f43f319e88c2a47295d01c47574accae.json,raw_reports/ransomware/68a837f8646bc09c634d13045d36ee05f43f319e88c2a47295d01c47574accae.json,786,14,1.0,37,0.047073791348600506,1.0,5,0,1.0
1462,68ee120de5e3ced8f322781d78428addf813a759ce03f61c12d96ab5184f4515,ransomware,Loki,2020,I386,1,7.1497931381207,EXE,RanDS_Behaviour_Activity_Dataset/dataset/68/68ee120de5e3ced8f322781d78428addf813a759ce03f61c12d96ab5184f4515.json,raw_reports/ransomware/68ee120de5e3ced8f322781d78428addf813a759ce03f61c12d96ab5184f4515.json,689,16,1.0,16,0.023222060957910014,1.0,6,0,1.0
1463,693ec27a3ed2bcc377490b3fac75f24371fdb34b5b003fa9b81cafe82448a55b,ransomware,Loki,2022,I386,1,7.355615324595,EXE,RanDS_Behaviour_Activity_Dataset/dataset/69/693ec27a3ed2bcc377490b3fac75f24371fdb34b5b003fa9b81cafe82448a55b.json,raw_reports/ransomware/693ec27a3ed2bcc377490b3fac75f24371fdb34b5b003fa9b81cafe82448a55b.json,783,14,1.0,16,0.020434227330779056,1.0,4,0,1.0
1464,697c1f0051fe7230dd1cd8c8a23867cb69912ffe09e0d71950de153b19f41133,ransomware,Loki,2023,I386,1,7.3219535030992,EXE,RanDS_Behaviour_Activity_Dataset/dataset/69/697c1f0051fe7230dd1cd8c8a23867cb69912ffe09e0d71950de153b19f41133.json,raw_reports/ransomware/697c1f0051fe7230dd1cd8c8a23867cb69912ffe09e0d71950de153b19f41133.json,661,13,1.0,16,0.024205748865355523,1.0,4,0,1.0
1465,698be97c5a81c14f1b7d7a21065a41a694c4bf5d45fd0b4b8b8e5b1b2954e80f,ransomware,STOP,2022,I386,0,5.2920197019137,EXE,RanDS_Behaviour_Activity_Dataset/dataset/69/698be97c5a81c14f1b7d7a21065a41a694c4bf5d45fd0b4b8b8e5b1b2954e80f.json,raw_reports/ransomware/698be97c5a81c14f1b7d7a21065a41a694c4bf5d45fd0b4b8b8e5b1b2954e80f.json,558,13,1.0,18,0.03225806451612903,1.0,5,0,1.0
1466,6a174de30b804935abfc45436d39e312dd301136f16d6baff335f162ee551aa2,ransomware,GandCrab,2021,I386,0,6.459298295169,EXE,RanDS_Behaviour_Activity_Dataset/dataset/6a/6a174de30b804935abfc45436d39e312dd301136f16d6baff335f162ee551aa2.json,raw_reports/ransomware/6a174de30b804935abfc45436d39e312dd301136f16d6baff335f162ee551aa2.json,263,13,1.0,3,0.011406844106463879,1.0,4,0,1.0
1467,6a2cf1c2674d5295844c2a9f410d39856e7158671ec95aea13be7d993d67c716,ransomware,STOP,2023,I386,1,7.392086130152,EXE,RanDS_Behaviour_Activity_Dataset/dataset/6a/6a2cf1c2674d5295844c2a9f410d39856e7158671ec95aea13be7d993d67c716.json,raw_reports/ransomware/6a2cf1c2674d5295844c2a9f410d39856e7158671ec95aea13be7d993d67c716.json,1221,15,1.0,214,0.17526617526617527,1.0,5,0,1.0
1468,6b3a6afb6edc1c9d36e0793f00be3c0cf6626db26b3cfd31d6a18793453303a7,ransomware,Clop,2019,I386,0,5.9607617225155,EXE,RanDS_Behaviour_Activity_Dataset/dataset/6b/6b3a6afb6edc1c9d36e0793f00be3c0cf6626db26b3cfd31d6a18793453303a7.json,raw_reports/ransomware/6b3a6afb6edc1c9d36e0793f00be3c0cf6626db26b3cfd31d6a18793453303a7.json,1035,13,1.0,11,0.010628019323671498,1.0,9,0,1.0
1469,6b604d8b516eff23ab53c6f0ef4c723899ab1cee0d4cf0eb630d0a9292b7b384,ransomware,Loki,2023,I386,1,7.5735294564488,EXE,RanDS_Behaviour_Activity_Dataset/dataset/6b/6b604d8b516eff23ab53c6f0ef4c723899ab1cee0d4cf0eb630d0a9292b7b384.json,raw_reports/ransomware/6b604d8b516eff23ab53c6f0ef4c723899ab1cee0d4cf0eb630d0a9292b7b384.json,786,14,1.0,21,0.026717557251908396,1.0,5,0,1.0
1470,6c02cd3294f998736222c255ddd163b9d5e72dfbf3492bfdd43519a46ed609de,ransomware,Loki,2022,I386,1,6.6730641997079,EXE,RanDS_Behaviour_Activity_Dataset/dataset/6c/6c02cd3294f998736222c255ddd163b9d5e72dfbf3492bfdd43519a46ed609de.json,raw_reports/ransomware/6c02cd3294f998736222c255ddd163b9d5e72dfbf3492bfdd43519a46ed609de.json,690,15,1.0,22,0.03188405797101449,1.0,6,0,1.0
1471,6c6e4ab5cfae334d310d66a79b2ec9947b66f14f4115b5240632bbeadb46a0cb,ransomware,Loki,2020,I386,1,7.0767177714322,EXE,RanDS_Behaviour_Activity_Dataset/dataset/6c/6c6e4ab5cfae334d310d66a79b2ec9947b66f14f4115b5240632bbeadb46a0cb.json,raw_reports/ransomware/6c6e4ab5cfae334d310d66a79b2ec9947b66f14f4115b5240632bbeadb46a0cb.json,389,10,1.0,31,0.07969151670951156,0.8888888888888888,3,1,1.0
1472,6c9317369fbbbbc9cb646c3f96657c0e57211dc09b0b32ba2c2ae12b08747488,ransomware,Zeppelin,2022,I386,1,6.7357139330637,EXE,RanDS_Behaviour_Activity_Dataset/dataset/6c/6c9317369fbbbbc9cb646c3f96657c0e57211dc09b0b32ba2c2ae12b08747488.json,raw_reports/ransomware/6c9317369fbbbbc9cb646c3f96657c0e57211dc09b0b32ba2c2ae12b08747488.json,510,13,1.0,17,0.03333333333333333,1.0,4,0,1.0
1473,6cf9ce1fdecc2037bf2ba58c7b41bffa214c0bf5fa53e5949259b0fed81b34e0,ransomware,Loki,2023,I386,1,7.3353713727494,EXE,RanDS_Behaviour_Activity_Dataset/dataset/6c/6cf9ce1fdecc2037bf2ba58c7b41bffa214c0bf5fa53e5949259b0fed81b34e0.json,raw_reports/ransomware/6cf9ce1fdecc2037bf2ba58c7b41bffa214c0bf5fa53e5949259b0fed81b34e0.json,649,15,1.0,19,0.029275808936825885,1.0,4,0,1.0
1474,6cfd1167777006598f5eb5d1c08e1434aefe606dfd983c683a8f14639d56d053,ransomware,Loki,2022,I386,1,7.8241046346384,EXE,RanDS_Behaviour_Activity_Dataset/dataset/6c/6cfd1167777006598f5eb5d1c08e1434aefe606dfd983c683a8f14639d56d053.json,raw_reports/ransomware/6cfd1167777006598f5eb5d1c08e1434aefe606dfd983c683a8f14639d56d053.json,931,15,1.0,19,0.02040816326530612,1.0,6,0,1.0
1475,6d30a028003763cc6dea64efa67b8ce750e489434ba44ee8c156cf3941f546e1,ransomware,STOP,2023,I386,1,7.8255415816446,EXE,RanDS_Behaviour_Activity_Dataset/dataset/6d/6d30a028003763cc6dea64efa67b8ce750e489434ba44ee8c156cf3941f546e1.json,raw_reports/ransomware/6d30a028003763cc6dea64efa67b8ce750e489434ba44ee8c156cf3941f546e1.json,1036,16,1.0,135,0.1303088803088803,1.0,7,0,1.0
1476,6d495ef15b5109636e685112122dfe1c5d854fbcf65a698fcb23a838c1c12200,ransomware,STOP,2022,I386,1,7.7163821807933,EXE,RanDS_Behaviour_Activity_Dataset/dataset/6d/6d495ef15b5109636e685112122dfe1c5d854fbcf65a698fcb23a838c1c12200.json,raw_reports/ransomware/6d495ef15b5109636e685112122dfe1c5d854fbcf65a698fcb23a838c1c12200.json,699,15,1.0,61,0.08726752503576538,1.0,6,0,1.0
1477,6da21c219e3516c63a358cf77416b96254e9c47af730f7ea864a2f415bea75e4,ransomware,Loki,2020,I386,1,7.7341446704871,EXE,RanDS_Behaviour_Activity_Dataset/dataset/6d/6da21c219e3516c63a358cf77416b96254e9c47af730f7ea864a2f415bea75e4.json,raw_reports/ransomware/6da21c219e3516c63a358cf77416b96254e9c47af730f7ea864a2f415bea75e4.json,295,9,1.0,11,0.03728813559322034,1.0,3,0,NA
1478,6e00d7416b36a3a45fd6e64d9dfc2b217a426fb22109003b2ada6782989b73f4,ransomware,GandCrab,2020,I386,1,7.1826289872857,EXE,RanDS_Behaviour_Activity_Dataset/dataset/6e/6e00d7416b36a3a45fd6e64d9dfc2b217a426fb22109003b2ada6782989b73f4.json,raw_reports/ransomware/6e00d7416b36a3a45fd6e64d9dfc2b217a426fb22109003b2ada6782989b73f4.json,1125,14,1.0,2,0.0017777777777777779,1.0,6,0,1.0
1479,6e1658244e145018d65d9eb80af3cf39be30cff3e0ebdbe4d14dca0362560bd5,ransomware,Loki,2022,I386,1,7.3542903512094,EXE,RanDS_Behaviour_Activity_Dataset/dataset/6e/6e1658244e145018d65d9eb80af3cf39be30cff3e0ebdbe4d14dca0362560bd5.json,raw_reports/ransomware/6e1658244e145018d65d9eb80af3cf39be30cff3e0ebdbe4d14dca0362560bd5.json,114,8,1.0,6,0.05263157894736842,0.7777777777777778,1,2,1.0
1480,6e5cb72c1a48e21cce690077a9dac32e18e45491950d58ff80257b53b6785bbb,ransomware,Loki,2022,I386,1,7.1482950886412,EXE,RanDS_Behaviour_Activity_Dataset/dataset/6e/6e5cb72c1a48e21cce690077a9dac32e18e45491950d58ff80257b53b6785bbb.json,raw_reports/ransomware/6e5cb72c1a48e21cce690077a9dac32e18e45491950d58ff80257b53b6785bbb.json,470,15,1.0,26,0.05531914893617021,1.0,6,0,1.0
1481,6e6719cafd1e6e5c8b3ccaafd29fd446f80e8d81cd68c56bba506a8c25736d45,ransomware,GandCrab,2021,I386,0,6.4593025162762,EXE,RanDS_Behaviour_Activity_Dataset/dataset/6e/6e6719cafd1e6e5c8b3ccaafd29fd446f80e8d81cd68c56bba506a8c25736d45.json,raw_reports/ransomware/6e6719cafd1e6e5c8b3ccaafd29fd446f80e8d81cd68c56bba506a8c25736d45.json,320,13,1.0,2,0.00625,1.0,5,0,1.0
1482,6e7848859a59fd49204ae0b925ae2bfa3ae756ecb0fa8cd37c7136ae8f35990a,ransomware,STOP,2022,I386,1,7.2699554366388,EXE,RanDS_Behaviour_Activity_Dataset/dataset/6e/6e7848859a59fd49204ae0b925ae2bfa3ae756ecb0fa8cd37c7136ae8f35990a.json,raw_reports/ransomware/6e7848859a59fd49204ae0b925ae2bfa3ae756ecb0fa8cd37c7136ae8f35990a.json,477,13,1.0,23,0.04821802935010482,1.0,6,0,1.0
1483,6f4246e8c9439b56a2ba1958024ac42bd52672a6fa62960bc7b55bf2d95987b2,ransomware,EEIA,2020,Amd64,1,7.9149154352879,EXE,RanDS_Behaviour_Activity_Dataset/dataset/6f/6f4246e8c9439b56a2ba1958024ac42bd52672a6fa62960bc7b55bf2d95987b2.json,raw_reports/ransomware/6f4246e8c9439b56a2ba1958024ac42bd52672a6fa62960bc7b55bf2d95987b2.json,1147,12,1.0,6,0.0052310374891020054,1.0,3,0,1.0
1484,6f45fa949213df83d9842127737f160dc01e00023f5638030546a47e7dc28110,ransomware,Loki,2020,I386,1,6.8410298013172,EXE,RanDS_Behaviour_Activity_Dataset/dataset/6f/6f45fa949213df83d9842127737f160dc01e00023f5638030546a47e7dc28110.json,raw_reports/ransomware/6f45fa949213df83d9842127737f160dc01e00023f5638030546a47e7dc28110.json,1304,15,1.0,15,0.011503067484662576,1.0,6,0,1.0
1485,6f4711dc62ad09f36b8a74d0fda17fa1f77c89b8303e03cd8aae25c20815a34b,ransomware,Loki,2023,I386,1,7.3453887896255,EXE,RanDS_Behaviour_Activity_Dataset/dataset/6f/6f4711dc62ad09f36b8a74d0fda17fa1f77c89b8303e03cd8aae25c20815a34b.json,raw_reports/ransomware/6f4711dc62ad09f36b8a74d0fda17fa1f77c89b8303e03cd8aae25c20815a34b.json,146,11,1.0,13,0.08904109589041095,1.0,5,0,1.0
1486,6fb303dd8ba36381948127d44bd8541e4a1ab8af07b46526ace08458f2498850,ransomware,Crusis,2020,I386,1,7.9961742800254,EXE,RanDS_Behaviour_Activity_Dataset/dataset/6f/6fb303dd8ba36381948127d44bd8541e4a1ab8af07b46526ace08458f2498850.json,raw_reports/ransomware/6fb303dd8ba36381948127d44bd8541e4a1ab8af07b46526ace08458f2498850.json,2956,16,1.0,180,0.06089309878213803,1.0,9,0,1.0
1487,710e82c143a50c474bb54551ec1535e6dd2ebdb0fb7a7f66e311a87f6baacbb6,ransomware,Loki,2023,I386,1,6.5487239088911,EXE,RanDS_Behaviour_Activity_Dataset/dataset/71/710e82c143a50c474bb54551ec1535e6dd2ebdb0fb7a7f66e311a87f6baacbb6.json,raw_reports/ransomware/710e82c143a50c474bb54551ec1535e6dd2ebdb0fb7a7f66e311a87f6baacbb6.json,130,10,1.0,12,0.09230769230769231,0.8888888888888888,1,1,1.0
1488,7152ecb2620989e2a666fdd5776e5226d358ec14ef7e6680bf721b472e5115eb,ransomware,Loki,2020,I386,1,6.8906970968583,EXE,RanDS_Behaviour_Activity_Dataset/dataset/71/7152ecb2620989e2a666fdd5776e5226d358ec14ef7e6680bf721b472e5115eb.json,raw_reports/ransomware/7152ecb2620989e2a666fdd5776e5226d358ec14ef7e6680bf721b472e5115eb.json,586,15,1.0,9,0.015358361774744027,1.0,7,0,1.0
1489,71692ef79be48ddd6f27fc7d11d32f58988d833974eca11740c92511b3b6edbf,ransomware,Prometheus,2023,I386,1,7.6910475132385,EXE,RanDS_Behaviour_Activity_Dataset/dataset/71/71692ef79be48ddd6f27fc7d11d32f58988d833974eca11740c92511b3b6edbf.json,raw_reports/ransomware/71692ef79be48ddd6f27fc7d11d32f58988d833974eca11740c92511b3b6edbf.json,855,15,1.0,11,0.012865497076023392,1.0,8,0,1.0
1490,719e081c6a88194949b02d81341bccee5daa93d746632d582801e22258025932,ransomware,Loki,2022,I386,0,6.1449913941338,EXE,RanDS_Behaviour_Activity_Dataset/dataset/71/719e081c6a88194949b02d81341bccee5daa93d746632d582801e22258025932.json,raw_reports/ransomware/719e081c6a88194949b02d81341bccee5daa93d746632d582801e22258025932.json,984,15,1.0,30,0.03048780487804878,1.0,7,0,1.0
1491,71d3d97aef12d0ce332499dfaf8f262a612d4a60e0ec8cefb07494be72198696,ransomware,Loki,2020,I386,1,6.8111922059312,EXE,RanDS_Behaviour_Activity_Dataset/dataset/71/71d3d97aef12d0ce332499dfaf8f262a612d4a60e0ec8cefb07494be72198696.json,raw_reports/ransomware/71d3d97aef12d0ce332499dfaf8f262a612d4a60e0ec8cefb07494be72198696.json,1067,15,1.0,43,0.04029990627928772,1.0,7,0,1.0
1492,7247f33113710e5d9bd036f4c7ac2d847b0bf2ac2769cd8246a10f09d0a41bab,ransomware,HelloXD,2021,Amd64,1,7.7139480906039,EXE,RanDS_Behaviour_Activity_Dataset/dataset/72/7247f33113710e5d9bd036f4c7ac2d847b0bf2ac2769cd8246a10f09d0a41bab.json,raw_reports/ransomware/7247f33113710e5d9bd036f4c7ac2d847b0bf2ac2769cd8246a10f09d0a41bab.json,959,14,1.0,23,0.023983315954118872,1.0,7,0,1.0
1493,72ddbced999f33de0a977c40670cc1a87e9c8d80ec168a4eea6b4b4e6f3435dc,ransomware,STOP,2023,I386,0,6.3395458385556,EXE,RanDS_Behaviour_Activity_Dataset/dataset/72/72ddbced999f33de0a977c40670cc1a87e9c8d80ec168a4eea6b4b4e6f3435dc.json,raw_reports/ransomware/72ddbced999f33de0a977c40670cc1a87e9c8d80ec168a4eea6b4b4e6f3435dc.json,39,13,1.0,6,0.15384615384615385,1.0,3,0,1.0
1494,73ea68bb388de7614498548ac733c0fe81222cf49cc2e98926ac6cb74c3f943a,ransomware,Zeppelin,2022,I386,1,7.2761360667405,EXE,RanDS_Behaviour_Activity_Dataset/dataset/73/73ea68bb388de7614498548ac733c0fe81222cf49cc2e98926ac6cb74c3f943a.json,raw_reports/ransomware/73ea68bb388de7614498548ac733c0fe81222cf49cc2e98926ac6cb74c3f943a.json,34,6,0.75,10,0.29411764705882354,0.7777777777777778,2,2,1.0
1495,7401a0994cadfc28e5997fb08b5f9e519422241b0edc10c40e0ec01b405b6aa0,ransomware,Loki,2023,I386,1,7.6508454825769,EXE,RanDS_Behaviour_Activity_Dataset/dataset/74/7401a0994cadfc28e5997fb08b5f9e519422241b0edc10c40e0ec01b405b6aa0.json,raw_reports/ransomware/7401a0994cadfc28e5997fb08b5f9e519422241b0edc10c40e0ec01b405b6aa0.json,1071,15,1.0,23,0.021475256769374416,1.0,4,0,1.0
1496,743d4039d80b40928f29c99c40a6f746a1fa3670bd074b56a0b676edc4c9429c,ransomware,Mardom,2023,I386,0,5.0569508993882,EXE,RanDS_Behaviour_Activity_Dataset/dataset/74/743d4039d80b40928f29c99c40a6f746a1fa3670bd074b56a0b676edc4c9429c.json,raw_reports/ransomware/743d4039d80b40928f29c99c40a6f746a1fa3670bd074b56a0b676edc4c9429c.json,958,14,1.0,20,0.020876826722338204,1.0,5,0,1.0
1497,74685c3c571f81e1eb2fcbaaca74a9bf792a73b629568ce7571aca5d710f1647,ransomware,Conti,2021,I386,0,5.4501083297241,EXE,RanDS_Behaviour_Activity_Dataset/dataset/74/74685c3c571f81e1eb2fcbaaca74a9bf792a73b629568ce7571aca5d710f1647.json,raw_reports/ransomware/74685c3c571f81e1eb2fcbaaca74a9bf792a73b629568ce7571aca5d710f1647.json,462,15,1.0,61,0.13203463203463203,1.0,5,0,1.0
1498,74b45e62fedd53688e8db6ebf12c6a21ad5c2968fa6b4edcfbdc2e9b185f7443,ransomware,Brresmon,2024,I386,1,6.6201958395495,EXE,RanDS_Behaviour_Activity_Dataset/dataset/74/74b45e62fedd53688e8db6ebf12c6a21ad5c2968fa6b4edcfbdc2e9b185f7443.json,raw_reports/ransomware/74b45e62fedd53688e8db6ebf12c6a21ad5c2968fa6b4edcfbdc2e9b185f7443.json,999,16,1.0,77,0.07707707707707707,1.0,6,0,1.0
1499,7593bb0526e85c010e9ff274612aec46d99b404430852b01db6d535dfb002f4b,ransomware,Loki,2023,I386,1,7.0485858259489,EXE,RanDS_Behaviour_Activity_Dataset/dataset/75/7593bb0526e85c010e9ff274612aec46d99b404430852b01db6d535dfb002f4b.json,raw_reports/ransomware/7593bb0526e85c010e9ff274612aec46d99b404430852b01db6d535dfb002f4b.json,80,15,1.0,21,0.2625,1.0,4,0,1.0
1500,7593e722094d6125d1d73b15eb1093c645b9436a98d04eba10a49c39807f6e83,ransomware,Zeppelin,2022,I386,1,6.556458482307,EXE,RanDS_Behaviour_Activity_Dataset/dataset/75/7593e722094d6125d1d73b15eb1093c645b9436a98d04eba10a49c39807f6e83.json,raw_reports/ransomware/7593e722094d6125d1d73b15eb1093c645b9436a98d04eba10a49c39807f6e83.json,557,14,1.0,12,0.02154398563734291,1.0,5,0,1.0
1501,76234531c8865cfff48784ac941047ad6452f70868e0d088daae7f93dd4e26b4,ransomware,Loki,2020,I386,0,5.8955958447801,EXE,RanDS_Behaviour_Activity_Dataset/dataset/76/76234531c8865cfff48784ac941047ad6452f70868e0d088daae7f93dd4e26b4.json,raw_reports/ransomware/76234531c8865cfff48784ac941047ad6452f70868e0d088daae7f93dd4e26b4.json,851,15,1.0,81,0.09518213866039953,1.0,6,0,1.0
1502,765aced02aae90f6835bf0c5403723c801f744608ace63c369c12c32e4923db2,ransomware,ConvAgent,2022,I386,1,6.9776306744765,EXE,RanDS_Behaviour_Activity_Dataset/dataset/76/765aced02aae90f6835bf0c5403723c801f744608ace63c369c12c32e4923db2.json,raw_reports/ransomware/765aced02aae90f6835bf0c5403723c801f744608ace63c369c12c32e4923db2.json,285,13,1.0,26,0.0912280701754386,1.0,3,0,1.0
1503,76ddb4ce3f5cd5acfb557992f5265860300bf0413420ad2cae09a003209ce797,ransomware,Brresmon,2024,I386,1,7.1374762104579,EXE,RanDS_Behaviour_Activity_Dataset/dataset/76/76ddb4ce3f5cd5acfb557992f5265860300bf0413420ad2cae09a003209ce797.json,raw_reports/ransomware/76ddb4ce3f5cd5acfb557992f5265860300bf0413420ad2cae09a003209ce797.json,697,13,1.0,24,0.03443328550932568,1.0,7,0,1.0
1504,76f216543876db268935cb5117099fc86b4dd251472b1fa034c16eecbb09a627,ransomware,Zeppelin,2022,I386,1,7.0331670736476,EXE,RanDS_Behaviour_Activity_Dataset/dataset/76/76f216543876db268935cb5117099fc86b4dd251472b1fa034c16eecbb09a627.json,raw_reports/ransomware/76f216543876db268935cb5117099fc86b4dd251472b1fa034c16eecbb09a627.json,1310,14,1.0,32,0.024427480916030534,1.0,6,0,1.0
1505,770f8c2062bd47a5e8cf56b396032e36c2fa56a17945e3932d3ad7e11e430d85,ransomware,LockBit,2022,I386,0,6.1588889957115,EXE,RanDS_Behaviour_Activity_Dataset/dataset/77/770f8c2062bd47a5e8cf56b396032e36c2fa56a17945e3932d3ad7e11e430d85.json,raw_reports/ransomware/770f8c2062bd47a5e8cf56b396032e36c2fa56a17945e3932d3ad7e11e430d85.json,429,13,1.0,17,0.039627039627039624,1.0,6,0,1.0
1506,771e4f69520f71afe6a6e9a4eb4de7dcd8d7521d90db290ca6c27b1a95c532af,ransomware,Loki,2021,I386,1,7.8596954935059,EXE,RanDS_Behaviour_Activity_Dataset/dataset/77/771e4f69520f71afe6a6e9a4eb4de7dcd8d7521d90db290ca6c27b1a95c532af.json,raw_reports/ransomware/771e4f69520f71afe6a6e9a4eb4de7dcd8d7521d90db290ca6c27b1a95c532af.json,1062,15,1.0,63,0.059322033898305086,1.0,6,0,1.0
1507,777d10cbbaef096e0fde88a2a3a201c5fa05673fa064ff328ee26b444260a5df,ransomware,Loki,2022,I386,0,5.3463264025155,EXE,RanDS_Behaviour_Activity_Dataset/dataset/77/777d10cbbaef096e0fde88a2a3a201c5fa05673fa064ff328ee26b444260a5df.json,raw_reports/ransomware/777d10cbbaef096e0fde88a2a3a201c5fa05673fa064ff328ee26b444260a5df.json,1110,15,1.0,53,0.047747747747747746,1.0,5,0,1.0
1508,77b345f70904c2a0e72b84d707007138631f63b633d4deac15edfcb630e20763,ransomware,MSIL,2023,I386,1,7.8885147652319,EXE,RanDS_Behaviour_Activity_Dataset/dataset/77/77b345f70904c2a0e72b84d707007138631f63b633d4deac15edfcb630e20763.json,raw_reports/ransomware/77b345f70904c2a0e72b84d707007138631f63b633d4deac15edfcb630e20763.json,913,14,1.0,19,0.0208105147864184,1.0,7,0,1.0
1509,78c3e9fa84cb2250614f87a8f83282d29e481830a0ad49d43477f9e505da880f,ransomware,Loki,2023,I386,1,7.8644795589203,EXE,RanDS_Behaviour_Activity_Dataset/dataset/78/78c3e9fa84cb2250614f87a8f83282d29e481830a0ad49d43477f9e505da880f.json,raw_reports/ransomware/78c3e9fa84cb2250614f87a8f83282d29e481830a0ad49d43477f9e505da880f.json,1707,16,1.0,159,0.09314586994727592,1.0,7,0,1.0
1510,79615cc82d1e4fe86a79202c740497e69df4fbefa473cae110796ee3957131d8,ransomware,GandCrab,2021,I386,0,6.4592475872078,EXE,RanDS_Behaviour_Activity_Dataset/dataset/79/79615cc82d1e4fe86a79202c740497e69df4fbefa473cae110796ee3957131d8.json,raw_reports/ransomware/79615cc82d1e4fe86a79202c740497e69df4fbefa473cae110796ee3957131d8.json,560,14,1.0,8,0.014285714285714285,1.0,6,0,1.0
1511,79d4a69e94f1baf2d80e4ea9cb0bfca64187d93fe886aed65d82245aa6ccede1,ransomware,Loki,2021,I386,1,6.6186868296385,EXE,RanDS_Behaviour_Activity_Dataset/dataset/79/79d4a69e94f1baf2d80e4ea9cb0bfca64187d93fe886aed65d82245aa6ccede1.json,raw_reports/ransomware/79d4a69e94f1baf2d80e4ea9cb0bfca64187d93fe886aed65d82245aa6ccede1.json,1363,14,1.0,42,0.030814380044020543,1.0,5,0,1.0
1512,7aeb7b8c9338ee9fd15b5b877479d3601393d56ec4a458ed02e1736c3a32a3ce,ransomware,Loki,2022,I386,1,7.9245379575789,EXE,RanDS_Behaviour_Activity_Dataset/dataset/7a/7aeb7b8c9338ee9fd15b5b877479d3601393d56ec4a458ed02e1736c3a32a3ce.json,raw_reports/ransomware/7aeb7b8c9338ee9fd15b5b877479d3601393d56ec4a458ed02e1736c3a32a3ce.json,700,14,1.0,12,0.017142857142857144,1.0,5,0,1.0
1513,7b96a1bf0bc01fdb25ed2343448b412df9e154cec081970bf360096b995be9f6,ransomware,Loki,2023,I386,1,7.1336217903239,EXE,RanDS_Behaviour_Activity_Dataset/dataset/7b/7b96a1bf0bc01fdb25ed2343448b412df9e154cec081970bf360096b995be9f6.json,raw_reports/ransomware/7b96a1bf0bc01fdb25ed2343448b412df9e154cec081970bf360096b995be9f6.json,911,15,1.0,27,0.029637760702524697,1.0,5,0,1.0
1514,7bae7aaf9c9a23aab4dcd3053c91b7114cb81cc192d3a601bf5ac8c271c8880a,ransomware,Loki,2023,I386,1,7.970498438783,EXE,RanDS_Behaviour_Activity_Dataset/dataset/7b/7bae7aaf9c9a23aab4dcd3053c91b7114cb81cc192d3a601bf5ac8c271c8880a.json,raw_reports/ransomware/7bae7aaf9c9a23aab4dcd3053c91b7114cb81cc192d3a601bf5ac8c271c8880a.json,739,14,1.0,21,0.028416779431664412,1.0,5,0,1.0
1515,7c221c6a44529cf6cb7ee65d706be2ec9fd4d1fe9bde5840b622e417908fd0bf,ransomware,Zeppelin,2022,I386,1,7.2325256773193,EXE,RanDS_Behaviour_Activity_Dataset/dataset/7c/7c221c6a44529cf6cb7ee65d706be2ec9fd4d1fe9bde5840b622e417908fd0bf.json,raw_reports/ransomware/7c221c6a44529cf6cb7ee65d706be2ec9fd4d1fe9bde5840b622e417908fd0bf.json,109,11,1.0,4,0.03669724770642202,1.0,5,0,1.0
1516,7c94006b4e0347aa48450081134777310805b9f97dd417aae7874f5668d4b208,ransomware,Nanobot,2020,I386,1,7.1466347046219,EXE,RanDS_Behaviour_Activity_Dataset/dataset/7c/7c94006b4e0347aa48450081134777310805b9f97dd417aae7874f5668d4b208.json,raw_reports/ransomware/7c94006b4e0347aa48450081134777310805b9f97dd417aae7874f5668d4b208.json,818,12,1.0,1,0.0012224938875305623,1.0,4,0,1.0
1517,7cc8c39db46da2d925928e230fb51b4ae51e9951e2d3b95d508c6550924f2d3c,ransomware,Birele,2011,I386,1,7.6702211038285,EXE,RanDS_Behaviour_Activity_Dataset/dataset/7c/7cc8c39db46da2d925928e230fb51b4ae51e9951e2d3b95d508c6550924f2d3c.json,raw_reports/ransomware/7cc8c39db46da2d925928e230fb51b4ae51e9951e2d3b95d508c6550924f2d3c.json,835,14,1.0,8,0.009580838323353293,1.0,4,0,1.0
1518,7d45590c3f37aec57d28d7f8605e3e4215f853b797207a0f4697f0872c7cdfcb,ransomware,Zeppelin,2022,I386,1,7.4919024233236,EXE,RanDS_Behaviour_Activity_Dataset/dataset/7d/7d45590c3f37aec57d28d7f8605e3e4215f853b797207a0f4697f0872c7cdfcb.json,raw_reports/ransomware/7d45590c3f37aec57d28d7f8605e3e4215f853b797207a0f4697f0872c7cdfcb.json,839,15,1.0,8,0.009535160905840286,1.0,7,0,1.0
1519,7d677a8473c3b0d8e7b10942064fc0d6165661036d1b5f1d3bbaf80d871c3b77,ransomware,ConvAgent,2023,I386,1,7.5144765273118,EXE,RanDS_Behaviour_Activity_Dataset/dataset/7d/7d677a8473c3b0d8e7b10942064fc0d6165661036d1b5f1d3bbaf80d871c3b77.json,raw_reports/ransomware/7d677a8473c3b0d8e7b10942064fc0d6165661036d1b5f1d3bbaf80d871c3b77.json,573,12,1.0,24,0.041884816753926704,1.0,4,0,1.0
1520,7d6b27a4fd8eec9fd5176dc598d650f8f56eef9a829ff693afa0638cac14e756,ransomware,Loki,2023,I386,1,7.3268323870668,EXE,RanDS_Behaviour_Activity_Dataset/dataset/7d/7d6b27a4fd8eec9fd5176dc598d650f8f56eef9a829ff693afa0638cac14e756.json,raw_reports/ransomware/7d6b27a4fd8eec9fd5176dc598d650f8f56eef9a829ff693afa0638cac14e756.json,878,15,1.0,19,0.02164009111617312,1.0,7,0,1.0
1521,7d98972d5c78e1d4969da76856d6818942b606c267efa67fd31d39ae77497e9c,ransomware,Rapid,2018,I386,0,5.5177996845568,EXE,RanDS_Behaviour_Activity_Dataset/dataset/7d/7d98972d5c78e1d4969da76856d6818942b606c267efa67fd31d39ae77497e9c.json,raw_reports/ransomware/7d98972d5c78e1d4969da76856d6818942b606c267efa67fd31d39ae77497e9c.json,1820,15,1.0,32,0.017582417582417582,1.0,8,0,1.0
1522,7e44d2ff3c8c9bdba4ccfa601c86e9f124c9ef3fbef31f6e10625ab342c359fd,ransomware,Loki,2023,I386,1,7.4950753188985,EXE,RanDS_Behaviour_Activity_Dataset/dataset/7e/7e44d2ff3c8c9bdba4ccfa601c86e9f124c9ef3fbef31f6e10625ab342c359fd.json,raw_reports/ransomware/7e44d2ff3c8c9bdba4ccfa601c86e9f124c9ef3fbef31f6e10625ab342c359fd.json,226,9,1.0,4,0.017699115044247787,1.0,2,0,1.0
1523,7efd49f4c002fbe6c0380ae3da89cab96456090a2a9ea148fec6fc5263433d78,ransomware,Prometheus,2023,I386,1,7.6076663072699,EXE,RanDS_Behaviour_Activity_Dataset/dataset/7e/7efd49f4c002fbe6c0380ae3da89cab96456090a2a9ea148fec6fc5263433d78.json,raw_reports/ransomware/7efd49f4c002fbe6c0380ae3da89cab96456090a2a9ea148fec6fc5263433d78.json,526,13,1.0,12,0.022813688212927757,1.0,7,0,1.0
1524,7f6a12dc6f29ce939422f0876e642babe951913bc823ab4cbec7f47df03ae037,ransomware,Loki,2022,I386,1,6.9876240371696,EXE,RanDS_Behaviour_Activity_Dataset/dataset/7f/7f6a12dc6f29ce939422f0876e642babe951913bc823ab4cbec7f47df03ae037.json,raw_reports/ransomware/7f6a12dc6f29ce939422f0876e642babe951913bc823ab4cbec7f47df03ae037.json,773,14,1.0,13,0.016817593790426907,1.0,4,0,1.0
1525,7fde0f847aa361b9048aa963d6ac8861bfbd842db744f931d91121efa4b84968,ransomware,ConvAgent,2022,I386,1,6.8581274259761,EXE,RanDS_Behaviour_Activity_Dataset/dataset/7f/7fde0f847aa361b9048aa963d6ac8861bfbd842db744f931d91121efa4b84968.json,raw_reports/ransomware/7fde0f847aa361b9048aa963d6ac8861bfbd842db744f931d91121efa4b84968.json,498,13,1.0,16,0.0321285140562249,1.0,5,0,1.0
1526,8005c1f11765b2f062b741afe29c062901a5603959d8334ca14421a3426d7526,ransomware,Loki,2023,I386,1,7.6980619543455,EXE,RanDS_Behaviour_Activity_Dataset/dataset/80/8005c1f11765b2f062b741afe29c062901a5603959d8334ca14421a3426d7526.json,raw_reports/ransomware/8005c1f11765b2f062b741afe29c062901a5603959d8334ca14421a3426d7526.json,803,15,1.0,19,0.023661270236612703,1.0,6,0,1.0
1527,804497f980721f738ff52f0d9cb34722d80584772171d65775c2e102cb1f23ce,ransomware,Zeppelin,2022,I386,1,6.8075474660995,EXE,RanDS_Behaviour_Activity_Dataset/dataset/80/804497f980721f738ff52f0d9cb34722d80584772171d65775c2e102cb1f23ce.json,raw_reports/ransomware/804497f980721f738ff52f0d9cb34722d80584772171d65775c2e102cb1f23ce.json,239,14,1.0,15,0.06276150627615062,1.0,3,0,1.0
1528,80603843d6355f990cf9e14da4a2b169123a2253e2472ccfaf6305f885fa1e12,ransomware,PornoAsset,2024,I386,1,6.7723288717919,EXE,RanDS_Behaviour_Activity_Dataset/dataset/80/80603843d6355f990cf9e14da4a2b169123a2253e2472ccfaf6305f885fa1e12.json,raw_reports/ransomware/80603843d6355f990cf9e14da4a2b169123a2253e2472ccfaf6305f885fa1e12.json,387,14,1.0,20,0.05167958656330749,1.0,4,0,1.0
1529,809b7b1088f505116f19a1b08924ce48c8d8dac9856ec2f5958fef8cf81125ef,ransomware,Loki,2023,I386,1,7.4161177177666,EXE,RanDS_Behaviour_Activity_Dataset/dataset/80/809b7b1088f505116f19a1b08924ce48c8d8dac9856ec2f5958fef8cf81125ef.json,raw_reports/ransomware/809b7b1088f505116f19a1b08924ce48c8d8dac9856ec2f5958fef8cf81125ef.json,494,15,1.0,19,0.038461538461538464,1.0,4,0,1.0
1530,80c2abe936a9a4242af0eb25ea3874f5cb2da0c16f6f19552c493ef4fbc55d9c,ransomware,Loki,2023,I386,1,6.8005369024579,EXE,RanDS_Behaviour_Activity_Dataset/dataset/80/80c2abe936a9a4242af0eb25ea3874f5cb2da0c16f6f19552c493ef4fbc55d9c.json,raw_reports/ransomware/80c2abe936a9a4242af0eb25ea3874f5cb2da0c16f6f19552c493ef4fbc55d9c.json,544,15,1.0,19,0.034926470588235295,1.0,5,0,1.0
1531,8180c3a1d85eb680ad72e37ab4cfd3e6a05989f79e4e90fcb667a2a0a6747f20,ransomware,WannaCry,2017,I386,0,5.5618333275681,DLL,RanDS_Behaviour_Activity_Dataset/dataset/81/8180c3a1d85eb680ad72e37ab4cfd3e6a05989f79e4e90fcb667a2a0a6747f20.json,raw_reports/ransomware/8180c3a1d85eb680ad72e37ab4cfd3e6a05989f79e4e90fcb667a2a0a6747f20.json,803,13,1.0,15,0.0186799501867995,1.0,6,0,1.0
1532,81a36ad02046aa389645150aaa22e1a7086ec7f44bd19392f0fec0a9fd9d6ea9,ransomware,STOP,2022,I386,1,6.7648749401995,EXE,RanDS_Behaviour_Activity_Dataset/dataset/81/81a36ad02046aa389645150aaa22e1a7086ec7f44bd19392f0fec0a9fd9d6ea9.json,raw_reports/ransomware/81a36ad02046aa389645150aaa22e1a7086ec7f44bd19392f0fec0a9fd9d6ea9.json,930,14,1.0,19,0.02043010752688172,1.0,4,0,1.0
1533,81c086e249101b2f7f623296738543eff2d419aed16713c522be56fdeb4f2ca1,ransomware,Loki,2023,I386,1,7.7931291230911,EXE,RanDS_Behaviour_Activity_Dataset/dataset/81/81c086e249101b2f7f623296738543eff2d419aed16713c522be56fdeb4f2ca1.json,raw_reports/ransomware/81c086e249101b2f7f623296738543eff2d419aed16713c522be56fdeb4f2ca1.json,987,14,1.0,18,0.0182370820668693,1.0,7,0,1.0
1534,823a206dcc8e78823dd154d935da7c7ba7029b9b51adfa1caaaca282fc7df829,ransomware,Loki,2023,I386,1,7.7939528085118,EXE,RanDS_Behaviour_Activity_Dataset/dataset/82/823a206dcc8e78823dd154d935da7c7ba7029b9b51adfa1caaaca282fc7df829.json,raw_reports/ransomware/823a206dcc8e78823dd154d935da7c7ba7029b9b51adfa1caaaca282fc7df829.json,72,9,1.0,8,0.1111111111111111,0.7777777777777778,2,2,1.0
1535,82a13fb2780565760c7a7572851c2ca564a65f66a3d103d9690efa9e14a968ae,ransomware,Loki,2023,I386,1,7.8644022530911,EXE,RanDS_Behaviour_Activity_Dataset/dataset/82/82a13fb2780565760c7a7572851c2ca564a65f66a3d103d9690efa9e14a968ae.json,raw_reports/ransomware/82a13fb2780565760c7a7572851c2ca564a65f66a3d103d9690efa9e14a968ae.json,14,4,0.5,3,0.21428571428571427,0.6666666666666666,1,3,NA
1536,82caa68b1cd7e2b1e9d597bda4ec3c122536630a5108da8c1c82f96b3a8c5972,ransomware,Loki,2023,I386,1,7.7710511669917,EXE,RanDS_Behaviour_Activity_Dataset/dataset/82/82caa68b1cd7e2b1e9d597bda4ec3c122536630a5108da8c1c82f96b3a8c5972.json,raw_reports/ransomware/82caa68b1cd7e2b1e9d597bda4ec3c122536630a5108da8c1c82f96b3a8c5972.json,666,12,1.0,19,0.028528528528528527,1.0,4,0,1.0
1537,8311c9e940da417b7e4ca909d2472bf3cad303b31da790885a6d83853fd70186,ransomware,EEIA,2020,Amd64,1,7.9165121947646,EXE,RanDS_Behaviour_Activity_Dataset/dataset/83/8311c9e940da417b7e4ca909d2472bf3cad303b31da790885a6d83853fd70186.json,raw_reports/ransomware/8311c9e940da417b7e4ca909d2472bf3cad303b31da790885a6d83853fd70186.json,406,12,1.0,3,0.007389162561576354,1.0,4,0,1.0
1538,8320a795ffaa2d796b37bf6cbeb1522a3084f4c5ece152db6c1b076071437955,ransomware,STOP,2022,I386,1,6.9479873633959,EXE,RanDS_Behaviour_Activity_Dataset/dataset/83/8320a795ffaa2d796b37bf6cbeb1522a3084f4c5ece152db6c1b076071437955.json,raw_reports/ransomware/8320a795ffaa2d796b37bf6cbeb1522a3084f4c5ece152db6c1b076071437955.json,521,15,1.0,18,0.0345489443378119,1.0,5,0,1.0
1539,8335f80c3f2bd7520607375a6b9ddf1b8320f9fb3aa18b3352dcd474f8806ecc,ransomware,Loki,2022,I386,1,7.3896750117574,EXE,RanDS_Behaviour_Activity_Dataset/dataset/83/8335f80c3f2bd7520607375a6b9ddf1b8320f9fb3aa18b3352dcd474f8806ecc.json,raw_reports/ransomware/8335f80c3f2bd7520607375a6b9ddf1b8320f9fb3aa18b3352dcd474f8806ecc.json,1020,14,1.0,41,0.04019607843137255,1.0,5,0,1.0
1540,8337132bdd82c17c458b34c6cec8500af27f265306421e1878411d63651b85e6,ransomware,STOP,2023,I386,1,6.5585075324111,EXE,RanDS_Behaviour_Activity_Dataset/dataset/83/8337132bdd82c17c458b34c6cec8500af27f265306421e1878411d63651b85e6.json,raw_reports/ransomware/8337132bdd82c17c458b34c6cec8500af27f265306421e1878411d63651b85e6.json,641,14,1.0,31,0.0483619344773791,1.0,5,0,1.0
1541,83600bb9bb3eba4ca5d64a300bcdb8bc9c988570f5acdb6aecae77f4f75d2e68,ransomware,LockBit,2024,I386,1,7.1017904477262,EXE,RanDS_Behaviour_Activity_Dataset/dataset/83/83600bb9bb3eba4ca5d64a300bcdb8bc9c988570f5acdb6aecae77f4f75d2e68.json,raw_reports/ransomware/83600bb9bb3eba4ca5d64a300bcdb8bc9c988570f5acdb6aecae77f4f75d2e68.json,711,10,1.0,64,0.090014064697609,1.0,5,0,1.0
1542,837552cf44576b645195ac8bf3740b13a00a752cb5593a4b19f726fe4c79def3,ransomware,Loki,2023,I386,0,6.3764379507543,EXE,RanDS_Behaviour_Activity_Dataset/dataset/83/837552cf44576b645195ac8bf3740b13a00a752cb5593a4b19f726fe4c79def3.json,raw_reports/ransomware/837552cf44576b645195ac8bf3740b13a00a752cb5593a4b19f726fe4c79def3.json,1290,15,1.0,102,0.07906976744186046,1.0,8,0,1.0
1543,83a361e88cb033fb4e3067a00dc0e1458dc2dcc68b9e0d01f4ea16b50db9ee11,ransomware,Hive,2022,Amd64,0,6.1511420234906,EXE,RanDS_Behaviour_Activity_Dataset/dataset/83/83a361e88cb033fb4e3067a00dc0e1458dc2dcc68b9e0d01f4ea16b50db9ee11.json,raw_reports/ransomware/83a361e88cb033fb4e3067a00dc0e1458dc2dcc68b9e0d01f4ea16b50db9ee11.json,1023,15,1.0,16,0.015640273704789834,1.0,5,0,1.0
1544,83bbdaac1a4c75eed48f9cced03295f9d2f0d86496cdf5ca65f6e8040cbe6939,ransomware,STOP,2022,I386,1,6.840841532201,EXE,RanDS_Behaviour_Activity_Dataset/dataset/83/83bbdaac1a4c75eed48f9cced03295f9d2f0d86496cdf5ca65f6e8040cbe6939.json,raw_reports/ransomware/83bbdaac1a4c75eed48f9cced03295f9d2f0d86496cdf5ca65f6e8040cbe6939.json,66,13,1.0,13,0.19696969696969696,1.0,3,0,1.0
1545,8411494caa71a2a13c65069a51eac6bd0880921a0cf895a56687ed32b9a683e6,ransomware,STOP,2023,I386,1,7.4032709392186,EXE,RanDS_Behaviour_Activity_Dataset/dataset/84/8411494caa71a2a13c65069a51eac6bd0880921a0cf895a56687ed32b9a683e6.json,raw_reports/ransomware/8411494caa71a2a13c65069a51eac6bd0880921a0cf895a56687ed32b9a683e6.json,2055,15,1.0,103,0.05012165450121654,1.0,6,0,1.0
1546,844313aca3cb7a3b9505101d795db0e30017ebb2d2f3e3456bd26c4957fae152,ransomware,WannaCry,2017,I386,0,6.32535410113,DLL,RanDS_Behaviour_Activity_Dataset/dataset/84/844313aca3cb7a3b9505101d795db0e30017ebb2d2f3e3456bd26c4957fae152.json,raw_reports/ransomware/844313aca3cb7a3b9505101d795db0e30017ebb2d2f3e3456bd26c4957fae152.json,990,13,1.0,13,0.013131313131313131,1.0,6,0,1.0
1547,84843ae0e91bbacae720437937f1bcea3fcae4d9933d71a07a26a8e81479c0f0,ransomware,STOP,2023,I386,0,6.3692517222502,EXE,RanDS_Behaviour_Activity_Dataset/dataset/84/84843ae0e91bbacae720437937f1bcea3fcae4d9933d71a07a26a8e81479c0f0.json,raw_reports/ransomware/84843ae0e91bbacae720437937f1bcea3fcae4d9933d71a07a26a8e81479c0f0.json,895,14,1.0,8,0.008938547486033519,1.0,7,0,1.0
1548,84c63d7b5b76b8069dec9760aa1bb530b062889cfce4f2fa82e5288cb82b25fa,ransomware,Loki,2023,I386,1,6.6790724483472,EXE,RanDS_Behaviour_Activity_Dataset/dataset/84/84c63d7b5b76b8069dec9760aa1bb530b062889cfce4f2fa82e5288cb82b25fa.json,raw_reports/ransomware/84c63d7b5b76b8069dec9760aa1bb530b062889cfce4f2fa82e5288cb82b25fa.json,1108,16,1.0,32,0.02888086642599278,1.0,7,0,1.0
1549,8545bf567e1f9721ab8dcc68be51200c1ab147599302c2558f92ae8f7d18ba5e,ransomware,Zeppelin,2022,I386,1,7.5439468615063,EXE,RanDS_Behaviour_Activity_Dataset/dataset/85/8545bf567e1f9721ab8dcc68be51200c1ab147599302c2558f92ae8f7d18ba5e.json,raw_reports/ransomware/8545bf567e1f9721ab8dcc68be51200c1ab147599302c2558f92ae8f7d18ba5e.json,500,11,1.0,10,0.02,1.0,3,0,1.0
1550,85d28a7fcf4a19f420c4e77446b5717a7c22444279294d1630815717940b09b0,ransomware,GandCrab,2021,I386,0,6.4215752128228,EXE,RanDS_Behaviour_Activity_Dataset/dataset/85/85d28a7fcf4a19f420c4e77446b5717a7c22444279294d1630815717940b09b0.json,raw_reports/ransomware/85d28a7fcf4a19f420c4e77446b5717a7c22444279294d1630815717940b09b0.json,260,13,1.0,3,0.011538461538461539,1.0,4,0,1.0
1551,85d4d95d82162769cfdc9e52167b25ff4242aa19117f9a85d55dcf45da117f6a,ransomware,STOP,2021,I386,1,6.6089495169007,EXE,RanDS_Behaviour_Activity_Dataset/dataset/85/85d4d95d82162769cfdc9e52167b25ff4242aa19117f9a85d55dcf45da117f6a.json,raw_reports/ransomware/85d4d95d82162769cfdc9e52167b25ff4242aa19117f9a85d55dcf45da117f6a.json,1253,15,1.0,58,0.04628890662410216,1.0,6,0,1.0
1552,85fa3bba1c836ac87b3bede3666032cf869ac536095b22cd661ad930f631bb87,ransomware,Prometheus,2024,I386,1,7.3730391110827,EXE,RanDS_Behaviour_Activity_Dataset/dataset/85/85fa3bba1c836ac87b3bede3666032cf869ac536095b22cd661ad930f631bb87.json,raw_reports/ransomware/85fa3bba1c836ac87b3bede3666032cf869ac536095b22cd661ad930f631bb87.json,944,14,1.0,20,0.0211864406779661,1.0,8,0,1.0
1553,872a6eccc6b3b8593d5fac1a0b40b9963856bff3337f64888a8f5c5f48621fe3,ransomware,Loki,2023,I386,1,7.81234740072,EXE,RanDS_Behaviour_Activity_Dataset/dataset/87/872a6eccc6b3b8593d5fac1a0b40b9963856bff3337f64888a8f5c5f48621fe3.json,raw_reports/ransomware/872a6eccc6b3b8593d5fac1a0b40b9963856bff3337f64888a8f5c5f48621fe3.json,903,15,1.0,13,0.014396456256921373,1.0,4,0,1.0
1554,8795c37a37f2a5b0a671b6f9e2daa9ac3bb192dea366c8406be2fb2a641defd4,ransomware,STOP,2022,I386,1,6.6786212368056,EXE,RanDS_Behaviour_Activity_Dataset/dataset/87/8795c37a37f2a5b0a671b6f9e2daa9ac3bb192dea366c8406be2fb2a641defd4.json,raw_reports/ransomware/8795c37a37f2a5b0a671b6f9e2daa9ac3bb192dea366c8406be2fb2a641defd4.json,482,15,1.0,23,0.04771784232365145,1.0,6,0,1.0
1555,87f00818b5a9eb55e6cc6a7a5f4b8e3b887d8b0fb743cb5ecf3eabbe76738a5f,ransomware,Bladabindi,2022,I386,0,5.197137782575,EXE,RanDS_Behaviour_Activity_Dataset/dataset/87/87f00818b5a9eb55e6cc6a7a5f4b8e3b887d8b0fb743cb5ecf3eabbe76738a5f.json,raw_reports/ransomware/87f00818b5a9eb55e6cc6a7a5f4b8e3b887d8b0fb743cb5ecf3eabbe76738a5f.json,489,13,1.0,19,0.03885480572597137,1.0,5,0,1.0
1556,8857931268d3df2b86e1d7763699a5a376550dbb0c87d3d89ec6e22355d87c30,ransomware,Zeppelin,2023,I386,1,6.6288396796143,EXE,RanDS_Behaviour_Activity_Dataset/dataset/88/8857931268d3df2b86e1d7763699a5a376550dbb0c87d3d89ec6e22355d87c30.json,raw_reports/ransomware/8857931268d3df2b86e1d7763699a5a376550dbb0c87d3d89ec6e22355d87c30.json,522,11,1.0,21,0.040229885057471264,1.0,4,0,1.0
1557,896e907a2172dae27d7836fb7a451da7409be8ff268e1dd69ccd0f6d0351b4d1,ransomware,Zeppelin,2022,I386,1,6.934535660294,EXE,RanDS_Behaviour_Activity_Dataset/dataset/89/896e907a2172dae27d7836fb7a451da7409be8ff268e1dd69ccd0f6d0351b4d1.json,raw_reports/ransomware/896e907a2172dae27d7836fb7a451da7409be8ff268e1dd69ccd0f6d0351b4d1.json,705,14,1.0,20,0.028368794326241134,1.0,5,0,1.0
1558,8982d8d1e52e14af5497788a98c2bdf4b57a447e03c7212752176ea258ad15c0,ransomware,Loki,2020,I386,1,7.7168593725618,EXE,RanDS_Behaviour_Activity_Dataset/dataset/89/8982d8d1e52e14af5497788a98c2bdf4b57a447e03c7212752176ea258ad15c0.json,raw_reports/ransomware/8982d8d1e52e14af5497788a98c2bdf4b57a447e03c7212752176ea258ad15c0.json,621,13,1.0,23,0.037037037037037035,1.0,5,0,1.0
1559,89a2b28ad32817e9be0489ae7fa0a9134f0f0b38f2e93f74c24e9278492ddb5a,ransomware,Loki,2023,I386,1,7.333227136821,EXE,RanDS_Behaviour_Activity_Dataset/dataset/89/89a2b28ad32817e9be0489ae7fa0a9134f0f0b38f2e93f74c24e9278492ddb5a.json,raw_reports/ransomware/89a2b28ad32817e9be0489ae7fa0a9134f0f0b38f2e93f74c24e9278492ddb5a.json,560,14,1.0,20,0.03571428571428571,1.0,7,0,1.0
1560,89ab5950922412dfca45e81579274744b73d8cbee953bd5bf1e5b4cd42bc4af4,ransomware,STOP,2021,I386,1,7.6766454732382,EXE,RanDS_Behaviour_Activity_Dataset/dataset/89/89ab5950922412dfca45e81579274744b73d8cbee953bd5bf1e5b4cd42bc4af4.json,raw_reports/ransomware/89ab5950922412dfca45e81579274744b73d8cbee953bd5bf1e5b4cd42bc4af4.json,1527,16,1.0,40,0.02619515389652914,1.0,6,0,1.0
1561,89c4dbf459e77fc6c97cad5e31ece242221bbec5a5667682db41f444fc9898de,ransomware,GandCrab,2021,I386,0,6.4592790282004,EXE,RanDS_Behaviour_Activity_Dataset/dataset/89/89c4dbf459e77fc6c97cad5e31ece242221bbec5a5667682db41f444fc9898de.json,raw_reports/ransomware/89c4dbf459e77fc6c97cad5e31ece242221bbec5a5667682db41f444fc9898de.json,611,14,1.0,11,0.01800327332242226,1.0,6,0,1.0
1562,8a8bf4a261ae984007e0da758f9c8c9c609beb83041e91d036ff4ef0ed1bb328,ransomware,Loki,2023,I386,1,7.1623194279133,EXE,RanDS_Behaviour_Activity_Dataset/dataset/8a/8a8bf4a261ae984007e0da758f9c8c9c609beb83041e91d036ff4ef0ed1bb328.json,raw_reports/ransomware/8a8bf4a261ae984007e0da758f9c8c9c609beb83041e91d036ff4ef0ed1bb328.json,734,14,1.0,10,0.013623978201634877,1.0,4,0,1.0
1563,8bb2f1b6ab119fe6fc0293fa4e325c01dbdd79a5dcb2b73db5d151217dba7c0e,ransomware,STOP,2023,I386,1,6.7979362309194,EXE,RanDS_Behaviour_Activity_Dataset/dataset/8b/8bb2f1b6ab119fe6fc0293fa4e325c01dbdd79a5dcb2b73db5d151217dba7c0e.json,raw_reports/ransomware/8bb2f1b6ab119fe6fc0293fa4e325c01dbdd79a5dcb2b73db5d151217dba7c0e.json,116,6,0.75,5,0.04310344827586207,0.5555555555555556,2,4,1.0
1564,8be8cf5962e69abd5b6937cc5e6e9778a9457d291b946ffd3a921709fa7dd315,ransomware,Loki,2023,I386,1,7.8537583535634,EXE,RanDS_Behaviour_Activity_Dataset/dataset/8b/8be8cf5962e69abd5b6937cc5e6e9778a9457d291b946ffd3a921709fa7dd315.json,raw_reports/ransomware/8be8cf5962e69abd5b6937cc5e6e9778a9457d291b946ffd3a921709fa7dd315.json,708,16,1.0,17,0.02401129943502825,1.0,7,0,1.0
1565,8bf73b3ce38c20057f249904834bb49c4c22627e1e97ea8aa203d6662ecfb4ca,ransomware,Loki,2023,I386,0,6.3100728831851,EXE,RanDS_Behaviour_Activity_Dataset/dataset/8b/8bf73b3ce38c20057f249904834bb49c4c22627e1e97ea8aa203d6662ecfb4ca.json,raw_reports/ransomware/8bf73b3ce38c20057f249904834bb49c4c22627e1e97ea8aa203d6662ecfb4ca.json,727,13,1.0,43,0.059147180192572216,1.0,7,0,1.0
1566,8c55958dc4f421350c0b0c5ac16004238f4d0957a7fba86832f7da76788a4804,ransomware,Sodinokibi,2020,I386,1,7.1678876424143,DLL,RanDS_Behaviour_Activity_Dataset/dataset/8c/8c55958dc4f421350c0b0c5ac16004238f4d0957a7fba86832f7da76788a4804.json,raw_reports/ransomware/8c55958dc4f421350c0b0c5ac16004238f4d0957a7fba86832f7da76788a4804.json,111,10,1.0,0,0.0,0.8888888888888888,3,1,1.0
1567,8ca9864d3a6996ebd0cc3a30480a731900abf30a91631ce1a4c7467c360cac8e,ransomware,ConvAgent,2023,I386,1,7.0687843482012,EXE,RanDS_Behaviour_Activity_Dataset/dataset/8c/8ca9864d3a6996ebd0cc3a30480a731900abf30a91631ce1a4c7467c360cac8e.json,raw_reports/ransomware/8ca9864d3a6996ebd0cc3a30480a731900abf30a91631ce1a4c7467c360cac8e.json,388,15,1.0,29,0.07474226804123711,1.0,5,0,1.0
1568,8cd5b8ff1ef0a416b188a632b7f9bdb6250858631f322a3e1220330135e1785f,ransomware,Zeppelin,2022,I386,1,7.0877214471673,EXE,RanDS_Behaviour_Activity_Dataset/dataset/8c/8cd5b8ff1ef0a416b188a632b7f9bdb6250858631f322a3e1220330135e1785f.json,raw_reports/ransomware/8cd5b8ff1ef0a416b188a632b7f9bdb6250858631f322a3e1220330135e1785f.json,100,5,0.625,21,0.21,0.7777777777777778,2,2,1.0
1569,8cf50ae247445de2e570f19705236ed4b1e19f75ca15345e5f00857243bc0e9b,ransomware,CriLock,2014,I386,1,7.1322842852804,EXE,RanDS_Behaviour_Activity_Dataset/dataset/8c/8cf50ae247445de2e570f19705236ed4b1e19f75ca15345e5f00857243bc0e9b.json,raw_reports/ransomware/8cf50ae247445de2e570f19705236ed4b1e19f75ca15345e5f00857243bc0e9b.json,1814,16,1.0,60,0.03307607497243661,1.0,8,0,1.0
1570,8cfefc291d9088ef0b3ab7dd59d8ff672e73d333c8d18bd1dff4c7695ae8af83,ransomware,Jalapeno,2022,I386,0,5.5799786812368,EXE,RanDS_Behaviour_Activity_Dataset/dataset/8c/8cfefc291d9088ef0b3ab7dd59d8ff672e73d333c8d18bd1dff4c7695ae8af83.json,raw_reports/ransomware/8cfefc291d9088ef0b3ab7dd59d8ff672e73d333c8d18bd1dff4c7695ae8af83.json,2252,16,1.0,32,0.014209591474245116,1.0,6,0,1.0
1571,8db9b0b0d895677ae36576710034df582f27faeea5a7447caec41ed097b8a84c,ransomware,Loki,2023,I386,1,7.8680615019742,EXE,RanDS_Behaviour_Activity_Dataset/dataset/8d/8db9b0b0d895677ae36576710034df582f27faeea5a7447caec41ed097b8a84c.json,raw_reports/ransomware/8db9b0b0d895677ae36576710034df582f27faeea5a7447caec41ed097b8a84c.json,841,14,1.0,19,0.022592152199762187,1.0,3,0,1.0
1572,8dd1b5caf0cd6f4d0972591216d4898f1a9dd4dbae2a2b5c92cc568d561cd144,ransomware,Nanobot,2022,I386,1,7.8910405727926,EXE,RanDS_Behaviour_Activity_Dataset/dataset/8d/8dd1b5caf0cd6f4d0972591216d4898f1a9dd4dbae2a2b5c92cc568d561cd144.json,raw_reports/ransomware/8dd1b5caf0cd6f4d0972591216d4898f1a9dd4dbae2a2b5c92cc568d561cd144.json,286,14,1.0,15,0.05244755244755245,1.0,7,0,1.0
1573,8e300620d6a0dffeab7c3bbf16b8b33edd81f81d7dc6cfb7777d0eb6e2bc2d50,ransomware,Loki,2022,I386,1,7.7013394513892,EXE,RanDS_Behaviour_Activity_Dataset/dataset/8e/8e300620d6a0dffeab7c3bbf16b8b33edd81f81d7dc6cfb7777d0eb6e2bc2d50.json,raw_reports/ransomware/8e300620d6a0dffeab7c3bbf16b8b33edd81f81d7dc6cfb7777d0eb6e2bc2d50.json,1301,16,1.0,43,0.033051498847040735,1.0,6,0,1.0
1574,8ea6a6d4578029c7b2dbbfb525ec88b2cb309901ec5a987847471b6101f0de41,ransomware,Lorenz,2022,I386,0,6.2576561346434,EXE,RanDS_Behaviour_Activity_Dataset/dataset/8e/8ea6a6d4578029c7b2dbbfb525ec88b2cb309901ec5a987847471b6101f0de41.json,raw_reports/ransomware/8ea6a6d4578029c7b2dbbfb525ec88b2cb309901ec5a987847471b6101f0de41.json,2121,15,1.0,12,0.005657708628005658,1.0,4,0,1.0
1575,8f2a26bfa721f95ef9b492179b6eef76c68123984649bf083922e2cc33020b16,ransomware,Loki,2023,I386,1,6.6928056676894,EXE,RanDS_Behaviour_Activity_Dataset/dataset/8f/8f2a26bfa721f95ef9b492179b6eef76c68123984649bf083922e2cc33020b16.json,raw_reports/ransomware/8f2a26bfa721f95ef9b492179b6eef76c68123984649bf083922e2cc33020b16.json,834,15,1.0,18,0.02158273381294964,1.0,5,0,1.0
1576,90fe2164ed3a97cf5c51f6f33df753187a45fcc177192bebed7232ee561d5bda,ransomware,Loki,2022,I386,1,7.9174246215602,EXE,RanDS_Behaviour_Activity_Dataset/dataset/90/90fe2164ed3a97cf5c51f6f33df753187a45fcc177192bebed7232ee561d5bda.json,raw_reports/ransomware/90fe2164ed3a97cf5c51f6f33df753187a45fcc177192bebed7232ee561d5bda.json,1011,15,1.0,24,0.02373887240356083,1.0,8,0,1.0
1577,913377afa6c3d7afb49a491f830d52a33353349819f0e91157a01dc8336ac5b3,ransomware,MSIL,2024,I386,1,7.4034935872046,EXE,RanDS_Behaviour_Activity_Dataset/dataset/91/913377afa6c3d7afb49a491f830d52a33353349819f0e91157a01dc8336ac5b3.json,raw_reports/ransomware/913377afa6c3d7afb49a491f830d52a33353349819f0e91157a01dc8336ac5b3.json,580,16,1.0,34,0.05862068965517241,1.0,7,0,1.0
1578,914ef2bfba201f2f6a81cd8ee8b0895906ff00e1cc42c6d7460cf6debb132f59,ransomware,Loki,2022,I386,1,7.4003838500913,EXE,RanDS_Behaviour_Activity_Dataset/dataset/91/914ef2bfba201f2f6a81cd8ee8b0895906ff00e1cc42c6d7460cf6debb132f59.json,raw_reports/ransomware/914ef2bfba201f2f6a81cd8ee8b0895906ff00e1cc42c6d7460cf6debb132f59.json,790,14,1.0,22,0.027848101265822784,1.0,5,0,1.0
1579,91610b66796ef670692c7bb27a8cbe16a226bbb78de688dfc66b907a85db9f43,ransomware,Loki,2023,I386,1,7.5443038407012,EXE,RanDS_Behaviour_Activity_Dataset/dataset/91/91610b66796ef670692c7bb27a8cbe16a226bbb78de688dfc66b907a85db9f43.json,raw_reports/ransomware/91610b66796ef670692c7bb27a8cbe16a226bbb78de688dfc66b907a85db9f43.json,720,14,1.0,19,0.02638888888888889,1.0,3,0,1.0
1580,91f35b60a66876397cf36f8e710478bd67e780ffb87ac888a8a0d4e09e812dfb,ransomware,Zeppelin,2023,I386,1,7.2559453773606,EXE,RanDS_Behaviour_Activity_Dataset/dataset/91/91f35b60a66876397cf36f8e710478bd67e780ffb87ac888a8a0d4e09e812dfb.json,raw_reports/ransomware/91f35b60a66876397cf36f8e710478bd67e780ffb87ac888a8a0d4e09e812dfb.json,710,11,1.0,5,0.007042253521126761,1.0,4,0,1.0
1581,92c0894905793df478af3728c3be8db026e668fdb5e0adf82fc5ef83939031f1,ransomware,ConvAgent,2023,I386,1,6.7339652670409,EXE,RanDS_Behaviour_Activity_Dataset/dataset/92/92c0894905793df478af3728c3be8db026e668fdb5e0adf82fc5ef83939031f1.json,raw_reports/ransomware/92c0894905793df478af3728c3be8db026e668fdb5e0adf82fc5ef83939031f1.json,557,15,1.0,19,0.03411131059245961,1.0,5,0,1.0
1582,93aef3f0d61ec877d380bc1039f95f558b99f36bbe3ae12a2706b81dfdaa322c,ransomware,MBRLock,2013,I386,0,6.1728517599504,EXE,RanDS_Behaviour_Activity_Dataset/dataset/93/93aef3f0d61ec877d380bc1039f95f558b99f36bbe3ae12a2706b81dfdaa322c.json,raw_reports/ransomware/93aef3f0d61ec877d380bc1039f95f558b99f36bbe3ae12a2706b81dfdaa322c.json,17,5,0.625,1,0.058823529411764705,0.4444444444444444,1,5,1.0
1583,93cc16dfe8c10579f28d8d70196f5c64044493818861f32c9d3e8f15cc3b7aaa,ransomware,Loki,2023,I386,1,6.6790096186816,EXE,RanDS_Behaviour_Activity_Dataset/dataset/93/93cc16dfe8c10579f28d8d70196f5c64044493818861f32c9d3e8f15cc3b7aaa.json,raw_reports/ransomware/93cc16dfe8c10579f28d8d70196f5c64044493818861f32c9d3e8f15cc3b7aaa.json,159,12,1.0,7,0.0440251572327044,1.0,3,0,1.0
1584,93ce973daa9687f185966b3133f7003006655ec9d5bf3edb881efaf0e4fbafc7,ransomware,Sodinokibi,2021,I386,0,5.2086295568561,EXE,RanDS_Behaviour_Activity_Dataset/dataset/93/93ce973daa9687f185966b3133f7003006655ec9d5bf3edb881efaf0e4fbafc7.json,raw_reports/ransomware/93ce973daa9687f185966b3133f7003006655ec9d5bf3edb881efaf0e4fbafc7.json,2542,15,1.0,49,0.01927616050354052,1.0,8,0,1.0
1585,9585bfe09e30e477d07a52ebe5dbfbf5530daa3cbf4ed398c7c3c6a48956bb96,ransomware,Loki,2022,I386,0,6.4347363119149,EXE,RanDS_Behaviour_Activity_Dataset/dataset/95/9585bfe09e30e477d07a52ebe5dbfbf5530daa3cbf4ed398c7c3c6a48956bb96.json,raw_reports/ransomware/9585bfe09e30e477d07a52ebe5dbfbf5530daa3cbf4ed398c7c3c6a48956bb96.json,825,16,1.0,20,0.024242424242424242,1.0,7,0,1.0
1586,95d091e714a27e13332449cdbe8d1b3356ef8e80f47fc2b39d3059a651e49784,ransomware,Sodinokibi,2020,I386,1,7.1662557631786,DLL,RanDS_Behaviour_Activity_Dataset/dataset/95/95d091e714a27e13332449cdbe8d1b3356ef8e80f47fc2b39d3059a651e49784.json,raw_reports/ransomware/95d091e714a27e13332449cdbe8d1b3356ef8e80f47fc2b39d3059a651e49784.json,441,14,1.0,2,0.0045351473922902496,1.0,4,0,1.0
1587,95f56fb182812795848d78ba412d42c76ee717945a57b0389b24e53e6fbbee04,ransomware,Loki,2022,I386,1,7.9302174134735,EXE,RanDS_Behaviour_Activity_Dataset/dataset/95/95f56fb182812795848d78ba412d42c76ee717945a57b0389b24e53e6fbbee04.json,raw_reports/ransomware/95f56fb182812795848d78ba412d42c76ee717945a57b0389b24e53e6fbbee04.json,888,14,1.0,31,0.03490990990990991,1.0,7,0,1.0
1588,962a0f0562ad9423dc4a4bc18608a2d0965fda59e1feae23dd6625a0124dce55,ransomware,NetWalker,2023,I386,0,5.7134307587206,EXE,RanDS_Behaviour_Activity_Dataset/dataset/96/962a0f0562ad9423dc4a4bc18608a2d0965fda59e1feae23dd6625a0124dce55.json,raw_reports/ransomware/962a0f0562ad9423dc4a4bc18608a2d0965fda59e1feae23dd6625a0124dce55.json,3001,13,1.0,45,0.014995001666111295,1.0,5,0,1.0
1589,9634bf20af12b966691a5da0e23e203ade4d630dd7da54a4bca035f542e40144,ransomware,GlobeImposter,2023,I386,0,6.096132341017,EXE,RanDS_Behaviour_Activity_Dataset/dataset/96/9634bf20af12b966691a5da0e23e203ade4d630dd7da54a4bca035f542e40144.json,raw_reports/ransomware/9634bf20af12b966691a5da0e23e203ade4d630dd7da54a4bca035f542e40144.json,515,7,0.875,78,0.15145631067961166,0.7777777777777778,3,2,1.0
1590,963e12fb6b78c600c62495eabd26650883beafb06f9aa5b32a7c6818d7c7405c,ransomware,EEGO,2020,Amd64,1,7.9054940140032,EXE,RanDS_Behaviour_Activity_Dataset/dataset/96/963e12fb6b78c600c62495eabd26650883beafb06f9aa5b32a7c6818d7c7405c.json,raw_reports/ransomware/963e12fb6b78c600c62495eabd26650883beafb06f9aa5b32a7c6818d7c7405c.json,348,12,1.0,9,0.02586206896551724,1.0,4,0,1.0
1591,966d8abd0c9e9ccfaf38c8a492be749847fed9dea13cf73b513a5185c52b913b,ransomware,Loki,2023,I386,1,6.9938353092221,EXE,RanDS_Behaviour_Activity_Dataset/dataset/96/966d8abd0c9e9ccfaf38c8a492be749847fed9dea13cf73b513a5185c52b913b.json,raw_reports/ransomware/966d8abd0c9e9ccfaf38c8a492be749847fed9dea13cf73b513a5185c52b913b.json,428,11,1.0,16,0.037383177570093455,1.0,3,0,1.0
1592,96b92223396da25f949fa4f8f39057db933c3567886f57aa40e6cda3a3d48d96,ransomware,Loki,2023,I386,1,7.2106575313564,EXE,RanDS_Behaviour_Activity_Dataset/dataset/96/96b92223396da25f949fa4f8f39057db933c3567886f57aa40e6cda3a3d48d96.json,raw_reports/ransomware/96b92223396da25f949fa4f8f39057db933c3567886f57aa40e6cda3a3d48d96.json,145,16,1.0,41,0.2827586206896552,1.0,3,0,1.0
1593,9722003548ff9a3d17eff94d94c4f95480803594aae1e17e172fa9a6336d7fd8,ransomware,ConvAgent,2022,I386,1,6.9617789324533,EXE,RanDS_Behaviour_Activity_Dataset/dataset/97/9722003548ff9a3d17eff94d94c4f95480803594aae1e17e172fa9a6336d7fd8.json,raw_reports/ransomware/9722003548ff9a3d17eff94d94c4f95480803594aae1e17e172fa9a6336d7fd8.json,60,13,1.0,10,0.16666666666666666,1.0,3,0,1.0
1594,975fa976b20d4bfdeb8c38bcd859825da0bbb633a15e60821dd605b67c22a399,ransomware,Loki,2022,I386,1,7.6933595516659,EXE,RanDS_Behaviour_Activity_Dataset/dataset/97/975fa976b20d4bfdeb8c38bcd859825da0bbb633a15e60821dd605b67c22a399.json,raw_reports/ransomware/975fa976b20d4bfdeb8c38bcd859825da0bbb633a15e60821dd605b67c22a399.json,161,15,1.0,18,0.11180124223602485,1.0,3,0,1.0
1595,978a93fa14933fd5387dc7fd3304aa2a65dfcb3868c50f48a956180212e52324,ransomware,GandCrab,2021,I386,0,6.4592272222783,EXE,RanDS_Behaviour_Activity_Dataset/dataset/97/978a93fa14933fd5387dc7fd3304aa2a65dfcb3868c50f48a956180212e52324.json,raw_reports/ransomware/978a93fa14933fd5387dc7fd3304aa2a65dfcb3868c50f48a956180212e52324.json,861,15,1.0,3,0.003484320557491289,1.0,7,0,1.0
1596,97a1699cdcc0f5620e224c3269da0909acbf769b84cc8b3696fb2f68b1cd5bdf,ransomware,Loki,2023,I386,1,7.7884222892498,EXE,RanDS_Behaviour_Activity_Dataset/dataset/97/97a1699cdcc0f5620e224c3269da0909acbf769b84cc8b3696fb2f68b1cd5bdf.json,raw_reports/ransomware/97a1699cdcc0f5620e224c3269da0909acbf769b84cc8b3696fb2f68b1cd5bdf.json,524,14,1.0,16,0.030534351145038167,1.0,5,0,1.0
1597,97e8b8205a9be4ddbed90d7c354a58aab170c15e458564baee9f50e17ca79649,ransomware,LockBit,2022,I386,1,7.0251249679306,EXE,RanDS_Behaviour_Activity_Dataset/dataset/97/97e8b8205a9be4ddbed90d7c354a58aab170c15e458564baee9f50e17ca79649.json,raw_reports/ransomware/97e8b8205a9be4ddbed90d7c354a58aab170c15e458564baee9f50e17ca79649.json,111,7,0.875,19,0.17117117117117117,0.8888888888888888,3,1,1.0
1598,97fbb8c62444ab8fef4af17c33117b43c9f926a45445ecc9fc51138089a75000,ransomware,Loki,2023,I386,1,7.5897921000563,EXE,RanDS_Behaviour_Activity_Dataset/dataset/97/97fbb8c62444ab8fef4af17c33117b43c9f926a45445ecc9fc51138089a75000.json,raw_reports/ransomware/97fbb8c62444ab8fef4af17c33117b43c9f926a45445ecc9fc51138089a75000.json,541,14,1.0,67,0.12384473197781885,1.0,5,0,1.0
1599,9801c5cc156b573e2a8c9c7efb7e0bdaf62fd6956659dda3e7f500260fd50111,ransomware,Loki,2021,I386,1,6.7749603988907,EXE,RanDS_Behaviour_Activity_Dataset/dataset/98/9801c5cc156b573e2a8c9c7efb7e0bdaf62fd6956659dda3e7f500260fd50111.json,raw_reports/ransomware/9801c5cc156b573e2a8c9c7efb7e0bdaf62fd6956659dda3e7f500260fd50111.json,1527,15,1.0,83,0.05435494433529797,1.0,6,0,1.0
1600,98f31de6c4ab7366350019d5cf4307a25c9c26d935990ee33a5529a0aa167d46,ransomware,GandCrab,2021,I386,0,6.4592752591403,EXE,RanDS_Behaviour_Activity_Dataset/dataset/98/98f31de6c4ab7366350019d5cf4307a25c9c26d935990ee33a5529a0aa167d46.json,raw_reports/ransomware/98f31de6c4ab7366350019d5cf4307a25c9c26d935990ee33a5529a0aa167d46.json,37,7,0.875,2,0.05405405405405406,0.7777777777777778,3,2,1.0
1601,997168ff6f969fd612eff93901e67726f13930bdfe473ecf1dc3ec1a1ab7ba21,ransomware,Blocker,2024,I386,1,7.7212513344489,EXE,RanDS_Behaviour_Activity_Dataset/dataset/99/997168ff6f969fd612eff93901e67726f13930bdfe473ecf1dc3ec1a1ab7ba21.json,raw_reports/ransomware/997168ff6f969fd612eff93901e67726f13930bdfe473ecf1dc3ec1a1ab7ba21.json,750,13,1.0,16,0.021333333333333333,1.0,7,0,1.0
1602,998b16d93ed1043b616cddfcae2cbe10b6f4ae05b9bbd1abed4a99ad11205444,ransomware,STOP,2023,I386,1,7.0446055330698,EXE,RanDS_Behaviour_Activity_Dataset/dataset/99/998b16d93ed1043b616cddfcae2cbe10b6f4ae05b9bbd1abed4a99ad11205444.json,raw_reports/ransomware/998b16d93ed1043b616cddfcae2cbe10b6f4ae05b9bbd1abed4a99ad11205444.json,33,10,1.0,5,0.15151515151515152,1.0,2,0,1.0
1603,9a4504b1dfa3e3d4f0998d6d003de457a8bbc31ccf60f96677e5b520de9d1db0,ransomware,Medusa,2020,I386,0,5.2325882930364,EXE,RanDS_Behaviour_Activity_Dataset/dataset/9a/9a4504b1dfa3e3d4f0998d6d003de457a8bbc31ccf60f96677e5b520de9d1db0.json,raw_reports/ransomware/9a4504b1dfa3e3d4f0998d6d003de457a8bbc31ccf60f96677e5b520de9d1db0.json,932,12,1.0,1,0.001072961373390558,1.0,4,0,1.0
1604,9a91f75cc5628ee82aa292751ff891c27b594437e8cef4618ebda41b431971be,ransomware,Loki,2022,I386,1,7.9263483457542,EXE,RanDS_Behaviour_Activity_Dataset/dataset/9a/9a91f75cc5628ee82aa292751ff891c27b594437e8cef4618ebda41b431971be.json,raw_reports/ransomware/9a91f75cc5628ee82aa292751ff891c27b594437e8cef4618ebda41b431971be.json,696,13,1.0,17,0.02442528735632184,1.0,3,0,1.0
1605,9a9b645135f59dfa2ee39bbabb4ecedd4cf0339e21fab6a75969f0f5135b5b9a,ransomware,Mischa,2016,I386,1,7.0456611438734,EXE,RanDS_Behaviour_Activity_Dataset/dataset/9a/9a9b645135f59dfa2ee39bbabb4ecedd4cf0339e21fab6a75969f0f5135b5b9a.json,raw_reports/ransomware/9a9b645135f59dfa2ee39bbabb4ecedd4cf0339e21fab6a75969f0f5135b5b9a.json,429,11,1.0,2,0.004662004662004662,1.0,2,0,1.0
1606,9acecc20de19222b6d49f18398e36004d4e275e79b5e1338288253f84584073e,ransomware,Zeppelin,2022,I386,1,6.8284824594529,EXE,RanDS_Behaviour_Activity_Dataset/dataset/9a/9acecc20de19222b6d49f18398e36004d4e275e79b5e1338288253f84584073e.json,raw_reports/ransomware/9acecc20de19222b6d49f18398e36004d4e275e79b5e1338288253f84584073e.json,238,14,1.0,15,0.06302521008403361,1.0,3,0,1.0
1607,9b462800f1bef019d7ec00098682d3ea7fc60e6721555f616399228e4e3ad122,ransomware,TeslaCrypt,2015,I386,1,7.1163169418295,EXE,RanDS_Behaviour_Activity_Dataset/dataset/9b/9b462800f1bef019d7ec00098682d3ea7fc60e6721555f616399228e4e3ad122.json,raw_reports/ransomware/9b462800f1bef019d7ec00098682d3ea7fc60e6721555f616399228e4e3ad122.json,2780,15,1.0,65,0.023381294964028777,1.0,7,0,1.0
1608,9b582cbf2691210fffa3a792bd52d82da68b74ed0e20b072b2a45f2e92d1f4fe,ransomware,STOP,2022,I386,1,6.9911179353923,EXE,RanDS_Behaviour_Activity_Dataset/dataset/9b/9b582cbf2691210fffa3a792bd52d82da68b74ed0e20b072b2a45f2e92d1f4fe.json,raw_reports/ransomware/9b582cbf2691210fffa3a792bd52d82da68b74ed0e20b072b2a45f2e92d1f4fe.json,53,13,1.0,12,0.22641509433962265,1.0,3,0,1.0
1609,9ba87fc235674dd1f95c376f6a3bd62960a82b1ea210a11fc3fe774418d66153,ransomware,STOP,2022,I386,0,5.539254797305,EXE,RanDS_Behaviour_Activity_Dataset/dataset/9b/9ba87fc235674dd1f95c376f6a3bd62960a82b1ea210a11fc3fe774418d66153.json,raw_reports/ransomware/9ba87fc235674dd1f95c376f6a3bd62960a82b1ea210a11fc3fe774418d66153.json,32,8,1.0,7,0.21875,0.7777777777777778,0,2,NA
1610,9bb2ffc01466951d94c95b19b6a178c316ef19e374d441099e5fd18bb144f00b,ransomware,Loki,2022,I386,1,6.7489344564198,EXE,RanDS_Behaviour_Activity_Dataset/dataset/9b/9bb2ffc01466951d94c95b19b6a178c316ef19e374d441099e5fd18bb144f00b.json,raw_reports/ransomware/9bb2ffc01466951d94c95b19b6a178c316ef19e374d441099e5fd18bb144f00b.json,538,14,1.0,10,0.01858736059479554,1.0,5,0,1.0
1611,9cc77f14a45bf56d9a670b057ee5d05c88fda7874373c372b5335b035976792d,ransomware,Loki,2023,I386,1,7.2493897571997,EXE,RanDS_Behaviour_Activity_Dataset/dataset/9c/9cc77f14a45bf56d9a670b057ee5d05c88fda7874373c372b5335b035976792d.json,raw_reports/ransomware/9cc77f14a45bf56d9a670b057ee5d05c88fda7874373c372b5335b035976792d.json,1030,14,1.0,16,0.015533980582524271,1.0,5,0,1.0
1612,9d3cbe7ce89e1e8f1497326c9974942d1cdbca454e8f3afaac150fe280a44efa,ransomware,STOP,2023,I386,1,6.708402723119,EXE,RanDS_Behaviour_Activity_Dataset/dataset/9d/9d3cbe7ce89e1e8f1497326c9974942d1cdbca454e8f3afaac150fe280a44efa.json,raw_reports/ransomware/9d3cbe7ce89e1e8f1497326c9974942d1cdbca454e8f3afaac150fe280a44efa.json,44,14,1.0,6,0.13636363636363635,1.0,2,0,1.0
1613,9d7c055265b3367c1e24792fec28c23df43262fc50da88a7696283c923fdf4b7,ransomware,STOP,2022,I386,1,6.9479851956408,EXE,RanDS_Behaviour_Activity_Dataset/dataset/9d/9d7c055265b3367c1e24792fec28c23df43262fc50da88a7696283c923fdf4b7.json,raw_reports/ransomware/9d7c055265b3367c1e24792fec28c23df43262fc50da88a7696283c923fdf4b7.json,259,14,1.0,21,0.08108108108108109,1.0,3,0,1.0
1614,9dcee4ce59e216957133b33761785259dfe9cfa77ac2d5c980dc55cde4beedc8,ransomware,WannaCry,2017,I386,0,4.865370153098,DLL,RanDS_Behaviour_Activity_Dataset/dataset/9d/9dcee4ce59e216957133b33761785259dfe9cfa77ac2d5c980dc55cde4beedc8.json,raw_reports/ransomware/9dcee4ce59e216957133b33761785259dfe9cfa77ac2d5c980dc55cde4beedc8.json,868,12,1.0,5,0.00576036866359447,1.0,7,0,1.0
1615,9e1bf35e05cb53c6d98507f56241e4759c63fe9000a5f787a9796ff66eb24463,ransomware,Loki,2023,I386,1,7.2340750905277,EXE,RanDS_Behaviour_Activity_Dataset/dataset/9e/9e1bf35e05cb53c6d98507f56241e4759c63fe9000a5f787a9796ff66eb24463.json,raw_reports/ransomware/9e1bf35e05cb53c6d98507f56241e4759c63fe9000a5f787a9796ff66eb24463.json,769,14,1.0,34,0.044213263979193757,1.0,7,0,1.0
1616,9e324d10580bd1dbba754a2877181f826494192834eba2aa93547937117ff12d,ransomware,Loki,2022,I386,1,7.9467886407563,EXE,RanDS_Behaviour_Activity_Dataset/dataset/9e/9e324d10580bd1dbba754a2877181f826494192834eba2aa93547937117ff12d.json,raw_reports/ransomware/9e324d10580bd1dbba754a2877181f826494192834eba2aa93547937117ff12d.json,63,5,0.625,8,0.12698412698412698,0.7777777777777778,1,2,1.0
1617,9e8c945e4dce2949d4c36405c11ad924f4aa57bcc9dc32a409cef23fbc725710,ransomware,Loki,2022,I386,1,7.9019467537309,EXE,RanDS_Behaviour_Activity_Dataset/dataset/9e/9e8c945e4dce2949d4c36405c11ad924f4aa57bcc9dc32a409cef23fbc725710.json,raw_reports/ransomware/9e8c945e4dce2949d4c36405c11ad924f4aa57bcc9dc32a409cef23fbc725710.json,589,13,1.0,19,0.03225806451612903,1.0,3,0,1.0
1618,9ebee44cdf471a2b69c261d3ff33d6be7bd07f755061311e3ceb8590b54369c3,ransomware,STOP,2023,I386,1,7.6321390706273,EXE,RanDS_Behaviour_Activity_Dataset/dataset/9e/9ebee44cdf471a2b69c261d3ff33d6be7bd07f755061311e3ceb8590b54369c3.json,raw_reports/ransomware/9ebee44cdf471a2b69c261d3ff33d6be7bd07f755061311e3ceb8590b54369c3.json,1243,15,1.0,94,0.0756234915526951,1.0,4,0,1.0
1619,9ecea941a914b3cace8532eb189f2f124e006540b9989fd6e68e034ca22ba33d,ransomware,Zeppelin,2022,I386,1,7.0742633986813,EXE,RanDS_Behaviour_Activity_Dataset/dataset/9e/9ecea941a914b3cace8532eb189f2f124e006540b9989fd6e68e034ca22ba33d.json,raw_reports/ransomware/9ecea941a914b3cace8532eb189f2f124e006540b9989fd6e68e034ca22ba33d.json,902,14,1.0,15,0.01662971175166297,1.0,4,0,1.0
1620,9f256973ee6ddcd3d781761480c00220a140fad833dc9a6a085f45c419d1714e,ransomware,Sodinokibi,2021,I386,0,4.582323346541,EXE,RanDS_Behaviour_Activity_Dataset/dataset/9f/9f256973ee6ddcd3d781761480c00220a140fad833dc9a6a085f45c419d1714e.json,raw_reports/ransomware/9f256973ee6ddcd3d781761480c00220a140fad833dc9a6a085f45c419d1714e.json,2664,15,1.0,61,0.0228978978978979,1.0,7,0,1.0
1621,9f398d5f51de970e0f6916a985e9e9cf233e5c3afb25a4d5a20f6abd03ddca2e,ransomware,Loki,2022,I386,1,7.9153335102089,EXE,RanDS_Behaviour_Activity_Dataset/dataset/9f/9f398d5f51de970e0f6916a985e9e9cf233e5c3afb25a4d5a20f6abd03ddca2e.json,raw_reports/ransomware/9f398d5f51de970e0f6916a985e9e9cf233e5c3afb25a4d5a20f6abd03ddca2e.json,816,15,1.0,16,0.0196078431372549,1.0,6,0,1.0
1622,9f45c62cca089f9452a56fb22a43bc373514ca2bbe6a6618b179090f5e7fa975,ransomware,Loki,2022,I386,1,7.97563902762,EXE,RanDS_Behaviour_Activity_Dataset/dataset/9f/9f45c62cca089f9452a56fb22a43bc373514ca2bbe6a6618b179090f5e7fa975.json,raw_reports/ransomware/9f45c62cca089f9452a56fb22a43bc373514ca2bbe6a6618b179090f5e7fa975.json,732,14,1.0,18,0.02459016393442623,1.0,6,0,1.0
1623,a061d4015a4675a3ca2ac075a1f86e545dda65496b0d26ec71fcabce087f16f2,ransomware,Reveton,2014,I386,0,6.1370275171541,DLL,RanDS_Behaviour_Activity_Dataset/dataset/a0/a061d4015a4675a3ca2ac075a1f86e545dda65496b0d26ec71fcabce087f16f2.json,raw_reports/ransomware/a061d4015a4675a3ca2ac075a1f86e545dda65496b0d26ec71fcabce087f16f2.json,113,10,1.0,11,0.09734513274336283,1.0,4,0,1.0
1624,a063a4247d21b49e30c016393f1cc30973e6ae12933d13644cccfeba9d19dbfd,ransomware,LockBit,2023,I386,1,7.9126877673073,EXE,RanDS_Behaviour_Activity_Dataset/dataset/a0/a063a4247d21b49e30c016393f1cc30973e6ae12933d13644cccfeba9d19dbfd.json,raw_reports/ransomware/a063a4247d21b49e30c016393f1cc30973e6ae12933d13644cccfeba9d19dbfd.json,1179,15,1.0,23,0.019508057675996608,1.0,6,0,1.0
1625,a092ce2b50f72aa5c87a5fdf5e736161a5f63782b2c4ed643a710d6a71d2a858,ransomware,Loki,2020,I386,0,6.0264004452585,EXE,RanDS_Behaviour_Activity_Dataset/dataset/a0/a092ce2b50f72aa5c87a5fdf5e736161a5f63782b2c4ed643a710d6a71d2a858.json,raw_reports/ransomware/a092ce2b50f72aa5c87a5fdf5e736161a5f63782b2c4ed643a710d6a71d2a858.json,162,14,1.0,6,0.037037037037037035,1.0,4,0,1.0
1626,a0c4747fcf2a1de2b4c9d9367342fb495c34f6250400c68ee76b2f5c35991b01,ransomware,Zeppelin,2022,I386,1,6.919274878655,EXE,RanDS_Behaviour_Activity_Dataset/dataset/a0/a0c4747fcf2a1de2b4c9d9367342fb495c34f6250400c68ee76b2f5c35991b01.json,raw_reports/ransomware/a0c4747fcf2a1de2b4c9d9367342fb495c34f6250400c68ee76b2f5c35991b01.json,18,5,0.625,7,0.3888888888888889,0.7777777777777778,0,2,NA
1627,a1033dfe29833b0ec5157f522f3e77de26462376efa1e6492d212ea767fbfced,ransomware,Loki,2022,I386,1,6.6022706219814,EXE,RanDS_Behaviour_Activity_Dataset/dataset/a1/a1033dfe29833b0ec5157f522f3e77de26462376efa1e6492d212ea767fbfced.json,raw_reports/ransomware/a1033dfe29833b0ec5157f522f3e77de26462376efa1e6492d212ea767fbfced.json,878,14,1.0,22,0.025056947608200455,1.0,4,0,1.0
1628,a1262ba069d6bf2d8569a43a4387f8423547f6f704f873ff08a3ee49f9e026cc,ransomware,Loki,2022,I386,1,7.0937753430906,EXE,RanDS_Behaviour_Activity_Dataset/dataset/a1/a1262ba069d6bf2d8569a43a4387f8423547f6f704f873ff08a3ee49f9e026cc.json,raw_reports/ransomware/a1262ba069d6bf2d8569a43a4387f8423547f6f704f873ff08a3ee49f9e026cc.json,293,14,1.0,15,0.051194539249146756,1.0,3,0,1.0
1629,a148f6912ad65a00621fd10bf86af7d79ea6c91d9e653649955956a7a23e3f2a,ransomware,Loki,2022,I386,1,7.9183190411077,EXE,RanDS_Behaviour_Activity_Dataset/dataset/a1/a148f6912ad65a00621fd10bf86af7d79ea6c91d9e653649955956a7a23e3f2a.json,raw_reports/ransomware/a148f6912ad65a00621fd10bf86af7d79ea6c91d9e653649955956a7a23e3f2a.json,775,15,1.0,18,0.023225806451612905,1.0,6,0,1.0
1630,a18ad299bde8c0562d885edf7618b47a0db95cea9b9dff316e585d7ed43f23c7,ransomware,EEIA,2020,Amd64,1,7.9130943612036,EXE,RanDS_Behaviour_Activity_Dataset/dataset/a1/a18ad299bde8c0562d885edf7618b47a0db95cea9b9dff316e585d7ed43f23c7.json,raw_reports/ransomware/a18ad299bde8c0562d885edf7618b47a0db95cea9b9dff316e585d7ed43f23c7.json,717,13,1.0,7,0.009762900976290097,1.0,4,0,1.0
1631,a19bc9968adb85cf9ff54b6ed36e412ce7236f454a5843b593e6d32986202527,ransomware,GandCrab,2021,I386,0,6.4216053621865,EXE,RanDS_Behaviour_Activity_Dataset/dataset/a1/a19bc9968adb85cf9ff54b6ed36e412ce7236f454a5843b593e6d32986202527.json,raw_reports/ransomware/a19bc9968adb85cf9ff54b6ed36e412ce7236f454a5843b593e6d32986202527.json,496,14,1.0,8,0.016129032258064516,1.0,5,0,1.0
1632,a264b56a0ef15588454be70e1f8eebb1d2625da151a46d7e8d5f7e8b411928a5,ransomware,Loki,2022,I386,1,7.8609233134944,EXE,RanDS_Behaviour_Activity_Dataset/dataset/a2/a264b56a0ef15588454be70e1f8eebb1d2625da151a46d7e8d5f7e8b411928a5.json,raw_reports/ransomware/a264b56a0ef15588454be70e1f8eebb1d2625da151a46d7e8d5f7e8b411928a5.json,663,15,1.0,16,0.024132730015082957,1.0,5,0,1.0
1633,a2b90a437fe9f0a39bd7b472aa9ffad9391806a1de172df409c8c3e411e9c590,ransomware,Loki,2023,I386,1,7.0935926324236,EXE,RanDS_Behaviour_Activity_Dataset/dataset/a2/a2b90a437fe9f0a39bd7b472aa9ffad9391806a1de172df409c8c3e411e9c590.json,raw_reports/ransomware/a2b90a437fe9f0a39bd7b472aa9ffad9391806a1de172df409c8c3e411e9c590.json,773,14,1.0,23,0.029754204398447608,1.0,4,0,1.0
1634,a32c6c48a9513f508d125b54b6952fee5ba4065e3ea8e267f380039f181087f5,ransomware,GandCrab,2021,I386,0,5.5354261833363,EXE,RanDS_Behaviour_Activity_Dataset/dataset/a3/a32c6c48a9513f508d125b54b6952fee5ba4065e3ea8e267f380039f181087f5.json,raw_reports/ransomware/a32c6c48a9513f508d125b54b6952fee5ba4065e3ea8e267f380039f181087f5.json,652,15,1.0,3,0.004601226993865031,1.0,5,0,1.0
1635,a3471688bb87789c9aaed8dd12e2a79356c46eea6b181786adcab310a75787f8,ransomware,Loki,2023,I386,1,7.4523635801984,EXE,RanDS_Behaviour_Activity_Dataset/dataset/a3/a3471688bb87789c9aaed8dd12e2a79356c46eea6b181786adcab310a75787f8.json,raw_reports/ransomware/a3471688bb87789c9aaed8dd12e2a79356c46eea6b181786adcab310a75787f8.json,1386,14,1.0,28,0.020202020202020204,1.0,4,0,1.0
1636,a34d64d2dc1a0f3bb6ffa8f44882eea76f3ae20f493f546008679dd1ba8736fb,ransomware,Loki,2023,I386,1,7.6696059478464,EXE,RanDS_Behaviour_Activity_Dataset/dataset/a3/a34d64d2dc1a0f3bb6ffa8f44882eea76f3ae20f493f546008679dd1ba8736fb.json,raw_reports/ransomware/a34d64d2dc1a0f3bb6ffa8f44882eea76f3ae20f493f546008679dd1ba8736fb.json,1123,14,1.0,33,0.029385574354407838,1.0,6,0,1.0
1637,a387b102b68e3a206d4b6cb5f0d2100b9082746be283fbb333a1d4c3dc8272d5,ransomware,Cerber,2020,I386,1,7.1664845760541,EXE,RanDS_Behaviour_Activity_Dataset/dataset/a3/a387b102b68e3a206d4b6cb5f0d2100b9082746be283fbb333a1d4c3dc8272d5.json,raw_reports/ransomware/a387b102b68e3a206d4b6cb5f0d2100b9082746be283fbb333a1d4c3dc8272d5.json,950,16,1.0,70,0.07368421052631578,1.0,7,0,1.0
1638,a3b093b598745be3ab996c93644a3f253c3e8e35b1b6aebb598c3144f8ac2d30,ransomware,Loki,2022,I386,0,6.4330941234895,EXE,RanDS_Behaviour_Activity_Dataset/dataset/a3/a3b093b598745be3ab996c93644a3f253c3e8e35b1b6aebb598c3144f8ac2d30.json,raw_reports/ransomware/a3b093b598745be3ab996c93644a3f253c3e8e35b1b6aebb598c3144f8ac2d30.json,251,13,1.0,14,0.055776892430278883,1.0,3,0,1.0
1639,a3b27f0f96a1c903ffb6b405eae4c5519943258a7b06db83ff432be86d22c502,ransomware,GandCrab,2018,I386,0,5.5354419750031,EXE,RanDS_Behaviour_Activity_Dataset/dataset/a3/a3b27f0f96a1c903ffb6b405eae4c5519943258a7b06db83ff432be86d22c502.json,raw_reports/ransomware/a3b27f0f96a1c903ffb6b405eae4c5519943258a7b06db83ff432be86d22c502.json,123,12,1.0,0,0.0,1.0,5,0,1.0
1640,a40b815afce131df6d4bc3f389cb64b742f545481119d3ecb78dda22e546a41a,ransomware,Rhysida,2024,Amd64,0,5.440902422512,EXE,RanDS_Behaviour_Activity_Dataset/dataset/a4/a40b815afce131df6d4bc3f389cb64b742f545481119d3ecb78dda22e546a41a.json,raw_reports/ransomware/a40b815afce131df6d4bc3f389cb64b742f545481119d3ecb78dda22e546a41a.json,1904,13,1.0,32,0.01680672268907563,1.0,6,0,1.0
1641,a42ba2b19f7a692723fb15a66548853c42b1b298237475c114e1ecb4543567ce,ransomware,STOP,2022,I386,1,7.40605782988,EXE,RanDS_Behaviour_Activity_Dataset/dataset/a4/a42ba2b19f7a692723fb15a66548853c42b1b298237475c114e1ecb4543567ce.json,raw_reports/ransomware/a42ba2b19f7a692723fb15a66548853c42b1b298237475c114e1ecb4543567ce.json,837,15,1.0,22,0.026284348864994027,1.0,5,0,1.0
1642,a44eca94dcf65708c91a62c0ad02c4e663d39221d818f42b6e1795cee3a763bb,ransomware,ConvAgent,2023,I386,1,7.2509669935408,EXE,RanDS_Behaviour_Activity_Dataset/dataset/a4/a44eca94dcf65708c91a62c0ad02c4e663d39221d818f42b6e1795cee3a763bb.json,raw_reports/ransomware/a44eca94dcf65708c91a62c0ad02c4e663d39221d818f42b6e1795cee3a763bb.json,34,9,1.0,6,0.17647058823529413,0.7777777777777778,1,2,1.0
1643,a4ca360d63d8b773725d69aa8da2fe13877f674f4a0781b869d4ef7c8440f770,ransomware,GandCrab,2021,I386,0,6.4592840782025,EXE,RanDS_Behaviour_Activity_Dataset/dataset/a4/a4ca360d63d8b773725d69aa8da2fe13877f674f4a0781b869d4ef7c8440f770.json,raw_reports/ransomware/a4ca360d63d8b773725d69aa8da2fe13877f674f4a0781b869d4ef7c8440f770.json,412,12,1.0,12,0.02912621359223301,1.0,4,0,1.0
1644,a4d008782ecfb06181d947d4c65acf25236a38e7aec06e8c05a99331b3e32f91,ransomware,Zeppelin,2022,I386,1,7.09753905396,EXE,RanDS_Behaviour_Activity_Dataset/dataset/a4/a4d008782ecfb06181d947d4c65acf25236a38e7aec06e8c05a99331b3e32f91.json,raw_reports/ransomware/a4d008782ecfb06181d947d4c65acf25236a38e7aec06e8c05a99331b3e32f91.json,98,5,0.625,21,0.21428571428571427,0.7777777777777778,2,2,1.0
1645,a4e4ef5a186e4f30828cfd2cb0b385785836b6204ad6c5e889ef22f611b39fd1,ransomware,STOP,2023,I386,1,7.1190920197913,EXE,RanDS_Behaviour_Activity_Dataset/dataset/a4/a4e4ef5a186e4f30828cfd2cb0b385785836b6204ad6c5e889ef22f611b39fd1.json,raw_reports/ransomware/a4e4ef5a186e4f30828cfd2cb0b385785836b6204ad6c5e889ef22f611b39fd1.json,2471,15,1.0,146,0.05908539053014974,1.0,5,0,1.0
1646,a4f514bf67510744f1389f5457dfd45b501b5707499d4d6dfcf65464c2421c59,ransomware,Loki,2023,I386,1,6.9582476967596,EXE,RanDS_Behaviour_Activity_Dataset/dataset/a4/a4f514bf67510744f1389f5457dfd45b501b5707499d4d6dfcf65464c2421c59.json,raw_reports/ransomware/a4f514bf67510744f1389f5457dfd45b501b5707499d4d6dfcf65464c2421c59.json,73,15,1.0,14,0.1917808219178082,1.0,3,0,1.0
1647,a602876710c36ce16e90b95dd12de7787e84449004c810071297c873aef2653d,ransomware,Loki,2022,I386,1,7.844828164101,EXE,RanDS_Behaviour_Activity_Dataset/dataset/a6/a602876710c36ce16e90b95dd12de7787e84449004c810071297c873aef2653d.json,raw_reports/ransomware/a602876710c36ce16e90b95dd12de7787e84449004c810071297c873aef2653d.json,807,15,1.0,38,0.04708798017348203,1.0,5,0,1.0
1648,a6091a5db0adf12e6879ce846f5b2a8bf5ff2d0b23e1727d3a811f34e55b8d4c,ransomware,Loki,2022,I386,1,7.0432364278339,EXE,RanDS_Behaviour_Activity_Dataset/dataset/a6/a6091a5db0adf12e6879ce846f5b2a8bf5ff2d0b23e1727d3a811f34e55b8d4c.json,raw_reports/ransomware/a6091a5db0adf12e6879ce846f5b2a8bf5ff2d0b23e1727d3a811f34e55b8d4c.json,1276,13,1.0,39,0.030564263322884012,1.0,6,0,1.0
1649,a623c91e68c56f0cace8e7004ed6a839e17121d6c773c9e61f4ba1ca0a0abd1f,ransomware,EEIA,2020,Amd64,1,7.9169417329307,EXE,RanDS_Behaviour_Activity_Dataset/dataset/a6/a623c91e68c56f0cace8e7004ed6a839e17121d6c773c9e61f4ba1ca0a0abd1f.json,raw_reports/ransomware/a623c91e68c56f0cace8e7004ed6a839e17121d6c773c9e61f4ba1ca0a0abd1f.json,176,10,1.0,36,0.20454545454545456,1.0,3,0,1.0
1650,a659f1b339e768e346a59f41691d2350b6c8dbf125285627bb7022d21d9ebacf,ransomware,Prometheus,2023,I386,1,7.5831420095366,EXE,RanDS_Behaviour_Activity_Dataset/dataset/a6/a659f1b339e768e346a59f41691d2350b6c8dbf125285627bb7022d21d9ebacf.json,raw_reports/ransomware/a659f1b339e768e346a59f41691d2350b6c8dbf125285627bb7022d21d9ebacf.json,942,15,1.0,15,0.01592356687898089,1.0,8,0,1.0
1651,a66fe6a02551d6fe4813f4d7d9d7b5afe13d9ed94983009132535ade72bdbabc,ransomware,Loki,2023,I386,1,7.1898188317216,EXE,RanDS_Behaviour_Activity_Dataset/dataset/a6/a66fe6a02551d6fe4813f4d7d9d7b5afe13d9ed94983009132535ade72bdbabc.json,raw_reports/ransomware/a66fe6a02551d6fe4813f4d7d9d7b5afe13d9ed94983009132535ade72bdbabc.json,505,13,1.0,14,0.027722772277227723,1.0,3,0,1.0
1652,a705803d36a853fea252b00451b392245ee4d66f9c830778d021cdefaf252136,ransomware,Blocker,2024,I386,0,5.7167923128145,EXE,RanDS_Behaviour_Activity_Dataset/dataset/a7/a705803d36a853fea252b00451b392245ee4d66f9c830778d021cdefaf252136.json,raw_reports/ransomware/a705803d36a853fea252b00451b392245ee4d66f9c830778d021cdefaf252136.json,741,14,1.0,28,0.037786774628879895,1.0,5,0,1.0
1653,a70ab4bd1b993dda983bbaf6598fd015d696c2de7f4551b62dde8afa1f17dec7,ransomware,Loki,2020,I386,1,7.8923727975165,EXE,RanDS_Behaviour_Activity_Dataset/dataset/a7/a70ab4bd1b993dda983bbaf6598fd015d696c2de7f4551b62dde8afa1f17dec7.json,raw_reports/ransomware/a70ab4bd1b993dda983bbaf6598fd015d696c2de7f4551b62dde8afa1f17dec7.json,622,12,1.0,0,0.0,1.0,4,0,1.0
1654,a7162eb3744c8a0629f9c3967700bf4e015e807340c4e1be3327011a637108c4,ransomware,Loki,2022,I386,1,6.91950184001,EXE,RanDS_Behaviour_Activity_Dataset/dataset/a7/a7162eb3744c8a0629f9c3967700bf4e015e807340c4e1be3327011a637108c4.json,raw_reports/ransomware/a7162eb3744c8a0629f9c3967700bf4e015e807340c4e1be3327011a637108c4.json,1526,16,1.0,48,0.03145478374836173,1.0,7,0,1.0
1655,a7435fbfc595ce603c4ed9419fcd9de3eb3710ea776d41856e30468e34d8ffeb,ransomware,Loki,2022,I386,1,7.7677934829867,EXE,RanDS_Behaviour_Activity_Dataset/dataset/a7/a7435fbfc595ce603c4ed9419fcd9de3eb3710ea776d41856e30468e34d8ffeb.json,raw_reports/ransomware/a7435fbfc595ce603c4ed9419fcd9de3eb3710ea776d41856e30468e34d8ffeb.json,645,13,1.0,14,0.021705426356589147,1.0,4,0,1.0
1656,a80b04632efa4771237718d8850fd0c77e5af11d11f1d468f2cff2fffe82eee9,ransomware,Loki,2022,I386,1,7.789029404985,EXE,RanDS_Behaviour_Activity_Dataset/dataset/a8/a80b04632efa4771237718d8850fd0c77e5af11d11f1d468f2cff2fffe82eee9.json,raw_reports/ransomware/a80b04632efa4771237718d8850fd0c77e5af11d11f1d468f2cff2fffe82eee9.json,446,12,1.0,14,0.03139013452914798,1.0,4,0,1.0
1657,a89c531ad157965de03cf15ab2783f0b24e6db0981556a7bf5ad8fe5c7d66ef5,ransomware,Loki,2020,I386,1,7.8353413345497,EXE,RanDS_Behaviour_Activity_Dataset/dataset/a8/a89c531ad157965de03cf15ab2783f0b24e6db0981556a7bf5ad8fe5c7d66ef5.json,raw_reports/ransomware/a89c531ad157965de03cf15ab2783f0b24e6db0981556a7bf5ad8fe5c7d66ef5.json,710,16,1.0,36,0.05070422535211268,1.0,6,0,1.0
1658,a8b8116afae21d9c0edaf717611b611b78d0a097c303bfbe596ec4ead69897fe,ransomware,Loki,2023,I386,1,7.5335118885385,EXE,RanDS_Behaviour_Activity_Dataset/dataset/a8/a8b8116afae21d9c0edaf717611b611b78d0a097c303bfbe596ec4ead69897fe.json,raw_reports/ransomware/a8b8116afae21d9c0edaf717611b611b78d0a097c303bfbe596ec4ead69897fe.json,406,15,1.0,27,0.0665024630541872,1.0,6,0,1.0
1659,a9238b8372a5d0829884d8d94ba0eedd27982f099cf18669d9822c88ef3d0ec1,ransomware,LockBit,2020,I386,1,7.7280229878913,EXE,RanDS_Behaviour_Activity_Dataset/dataset/a9/a9238b8372a5d0829884d8d94ba0eedd27982f099cf18669d9822c88ef3d0ec1.json,raw_reports/ransomware/a9238b8372a5d0829884d8d94ba0eedd27982f099cf18669d9822c88ef3d0ec1.json,356,13,1.0,40,0.11235955056179775,1.0,3,0,1.0
1660,a9599181cbd1f967ce9b733b00d9d06810db5dc100859b5b9a61de8088b6ca16,ransomware,ConvAgent,2022,I386,1,7.7340108012217,EXE,RanDS_Behaviour_Activity_Dataset/dataset/a9/a9599181cbd1f967ce9b733b00d9d06810db5dc100859b5b9a61de8088b6ca16.json,raw_reports/ransomware/a9599181cbd1f967ce9b733b00d9d06810db5dc100859b5b9a61de8088b6ca16.json,733,14,1.0,39,0.05320600272851296,1.0,5,0,1.0
1661,a9ed1381e07210fbb362eecb1ccd3bb75464bd7f63374c88521d8395fd660ed8,ransomware,Loki,2022,I386,1,7.6552910228444,EXE,RanDS_Behaviour_Activity_Dataset/dataset/a9/a9ed1381e07210fbb362eecb1ccd3bb75464bd7f63374c88521d8395fd660ed8.json,raw_reports/ransomware/a9ed1381e07210fbb362eecb1ccd3bb75464bd7f63374c88521d8395fd660ed8.json,873,14,1.0,26,0.029782359679266894,1.0,5,0,1.0
1662,a9f736db3605228043d1d98f0a3e56d853336d25d06aec27b720c82dac015c57,ransomware,Loki,2023,I386,1,7.7021939495502,EXE,RanDS_Behaviour_Activity_Dataset/dataset/a9/a9f736db3605228043d1d98f0a3e56d853336d25d06aec27b720c82dac015c57.json,raw_reports/ransomware/a9f736db3605228043d1d98f0a3e56d853336d25d06aec27b720c82dac015c57.json,1038,12,1.0,17,0.016377649325626204,1.0,6,0,1.0
1663,aa037525d0809b53fd87640c8849d13608e079cbdffb4be4b91dd67bc6df0764,ransomware,STOP,2023,I386,0,6.0426972770966,EXE,RanDS_Behaviour_Activity_Dataset/dataset/aa/aa037525d0809b53fd87640c8849d13608e079cbdffb4be4b91dd67bc6df0764.json,raw_reports/ransomware/aa037525d0809b53fd87640c8849d13608e079cbdffb4be4b91dd67bc6df0764.json,712,16,1.0,65,0.09129213483146068,1.0,7,0,1.0
1664,aa0d2b1a0c9212a21452fce2ca367d530b6d84f1556957b14e4ab5a4f235bf8b,ransomware,Loki,2021,I386,1,7.7003769573214,EXE,RanDS_Behaviour_Activity_Dataset/dataset/aa/aa0d2b1a0c9212a21452fce2ca367d530b6d84f1556957b14e4ab5a4f235bf8b.json,raw_reports/ransomware/aa0d2b1a0c9212a21452fce2ca367d530b6d84f1556957b14e4ab5a4f235bf8b.json,852,15,1.0,49,0.057511737089201875,1.0,7,0,1.0
1665,aa109160a7bf36d319dd778b009ccb6db1a506c5a0eebd87fa6628e9313496c5,ransomware,Loki,2022,I386,1,7.007471451318,EXE,RanDS_Behaviour_Activity_Dataset/dataset/aa/aa109160a7bf36d319dd778b009ccb6db1a506c5a0eebd87fa6628e9313496c5.json,raw_reports/ransomware/aa109160a7bf36d319dd778b009ccb6db1a506c5a0eebd87fa6628e9313496c5.json,733,14,1.0,20,0.027285129604365622,1.0,6,0,1.0
1666,aa229130ed51294a06ff9dd26a0891c5da383cda41ceb0cf49e0878eb0ee021b,ransomware,CryptoJoker,2023,I386,1,7.4382131464952,EXE,RanDS_Behaviour_Activity_Dataset/dataset/aa/aa229130ed51294a06ff9dd26a0891c5da383cda41ceb0cf49e0878eb0ee021b.json,raw_reports/ransomware/aa229130ed51294a06ff9dd26a0891c5da383cda41ceb0cf49e0878eb0ee021b.json,917,14,1.0,28,0.030534351145038167,1.0,7,0,1.0
1667,aa3f635e15b1e53709d01a66e31958b649d40122541f1aa207805f0ce31f0fe9,ransomware,Prometheus,2024,I386,1,7.255494858223,EXE,RanDS_Behaviour_Activity_Dataset/dataset/aa/aa3f635e15b1e53709d01a66e31958b649d40122541f1aa207805f0ce31f0fe9.json,raw_reports/ransomware/aa3f635e15b1e53709d01a66e31958b649d40122541f1aa207805f0ce31f0fe9.json,1929,15,1.0,37,0.01918092275790565,1.0,9,0,1.0
1668,ab305012a0b6c6eb40e40299510e791c5fe277ce56715002c15c6e621bd70988,ransomware,Loki,2022,I386,1,6.8126761190852,EXE,RanDS_Behaviour_Activity_Dataset/dataset/ab/ab305012a0b6c6eb40e40299510e791c5fe277ce56715002c15c6e621bd70988.json,raw_reports/ransomware/ab305012a0b6c6eb40e40299510e791c5fe277ce56715002c15c6e621bd70988.json,324,14,1.0,15,0.046296296296296294,1.0,3,0,1.0
1669,ab6559954d55a5aba81d4f41a5e2abbf1fdb3c8a1ca51380458eec4e9dea8ab0,ransomware,Loki,2023,I386,1,7.0047095806405,EXE,RanDS_Behaviour_Activity_Dataset/dataset/ab/ab6559954d55a5aba81d4f41a5e2abbf1fdb3c8a1ca51380458eec4e9dea8ab0.json,raw_reports/ransomware/ab6559954d55a5aba81d4f41a5e2abbf1fdb3c8a1ca51380458eec4e9dea8ab0.json,169,12,1.0,36,0.21301775147928995,1.0,4,0,1.0
1670,abe64a60092274711b67a6ea7ea959d510eeb2445bbde939d4255bc00e397f5f,ransomware,Zeppelin,2022,I386,1,6.8171173485451,EXE,RanDS_Behaviour_Activity_Dataset/dataset/ab/abe64a60092274711b67a6ea7ea959d510eeb2445bbde939d4255bc00e397f5f.json,raw_reports/ransomware/abe64a60092274711b67a6ea7ea959d510eeb2445bbde939d4255bc00e397f5f.json,28,5,0.625,7,0.25,0.7777777777777778,0,2,NA
1671,abf941273866ba3ff5790c18f55e776554f75f846f1878b98c1e98ad25e94b9e,ransomware,Loki,2020,I386,1,7.773849665777,EXE,RanDS_Behaviour_Activity_Dataset/dataset/ab/abf941273866ba3ff5790c18f55e776554f75f846f1878b98c1e98ad25e94b9e.json,raw_reports/ransomware/abf941273866ba3ff5790c18f55e776554f75f846f1878b98c1e98ad25e94b9e.json,895,16,1.0,20,0.0223463687150838,1.0,5,0,1.0
1672,ac18f1cbdf0303e840e4da9594405257df6300374d748956c8378b07181c6129,ransomware,Loki,2023,I386,1,7.7098911320691,EXE,RanDS_Behaviour_Activity_Dataset/dataset/ac/ac18f1cbdf0303e840e4da9594405257df6300374d748956c8378b07181c6129.json,raw_reports/ransomware/ac18f1cbdf0303e840e4da9594405257df6300374d748956c8378b07181c6129.json,898,14,1.0,21,0.02338530066815145,1.0,3,0,1.0
1673,ac659ed79aac7c38c6e249ad9c92feaafb77dbcd35ab1ccbb47691fe96030516,ransomware,Sodinokibi,2020,I386,1,7.1629009333108,DLL,RanDS_Behaviour_Activity_Dataset/dataset/ac/ac659ed79aac7c38c6e249ad9c92feaafb77dbcd35ab1ccbb47691fe96030516.json,raw_reports/ransomware/ac659ed79aac7c38c6e249ad9c92feaafb77dbcd35ab1ccbb47691fe96030516.json,143,11,1.0,0,0.0,1.0,6,0,1.0
1674,ad148ccd69d9a24c8ac2078e452c41d25a22b08edea87411779a0897896e4511,ransomware,Loki,2022,I386,1,6.5485796919867,EXE,RanDS_Behaviour_Activity_Dataset/dataset/ad/ad148ccd69d9a24c8ac2078e452c41d25a22b08edea87411779a0897896e4511.json,raw_reports/ransomware/ad148ccd69d9a24c8ac2078e452c41d25a22b08edea87411779a0897896e4511.json,777,14,1.0,43,0.055341055341055344,1.0,3,0,1.0
1675,ad641230d3be8895193642d333ed88e1d6e94c209dfcb6c1932cd6a7f324a82f,ransomware,Loki,2023,I386,1,7.7327876258793,EXE,RanDS_Behaviour_Activity_Dataset/dataset/ad/ad641230d3be8895193642d333ed88e1d6e94c209dfcb6c1932cd6a7f324a82f.json,raw_reports/ransomware/ad641230d3be8895193642d333ed88e1d6e94c209dfcb6c1932cd6a7f324a82f.json,1016,15,1.0,24,0.023622047244094488,1.0,7,0,1.0
1676,ad90b7c75c2b73f67318dcb26c00cfa0b8dd55f2c466e00c451b3acf489a70d9,ransomware,Loki,2022,I386,0,6.4689643842255,EXE,RanDS_Behaviour_Activity_Dataset/dataset/ad/ad90b7c75c2b73f67318dcb26c00cfa0b8dd55f2c466e00c451b3acf489a70d9.json,raw_reports/ransomware/ad90b7c75c2b73f67318dcb26c00cfa0b8dd55f2c466e00c451b3acf489a70d9.json,541,13,1.0,18,0.033271719038817,1.0,8,0,1.0
1677,ae10f142aeaa08912a8dcb598c7666b7d2703cb6b2e4c9d0daf27d5e87215b1b,ransomware,LockBit,2022,I386,1,6.7630450375486,EXE,RanDS_Behaviour_Activity_Dataset/dataset/ae/ae10f142aeaa08912a8dcb598c7666b7d2703cb6b2e4c9d0daf27d5e87215b1b.json,raw_reports/ransomware/ae10f142aeaa08912a8dcb598c7666b7d2703cb6b2e4c9d0daf27d5e87215b1b.json,317,13,1.0,15,0.0473186119873817,1.0,4,0,1.0
1678,aea958233e4c74ff35e1e8919672a229e453f52f1a316f21bcba358d1265348a,ransomware,Urausy,2013,I386,1,6.6323309858659,EXE,RanDS_Behaviour_Activity_Dataset/dataset/ae/aea958233e4c74ff35e1e8919672a229e453f52f1a316f21bcba358d1265348a.json,raw_reports/ransomware/aea958233e4c74ff35e1e8919672a229e453f52f1a316f21bcba358d1265348a.json,178,12,1.0,0,0.0,1.0,3,0,1.0
1679,aec918fc5527c8960921c04c7abbcf3aadcb5d8f0aa6862c6d6be68e28771a68,ransomware,WannaCry,2017,I386,0,5.5618340563492,DLL,RanDS_Behaviour_Activity_Dataset/dataset/ae/aec918fc5527c8960921c04c7abbcf3aadcb5d8f0aa6862c6d6be68e28771a68.json,raw_reports/ransomware/aec918fc5527c8960921c04c7abbcf3aadcb5d8f0aa6862c6d6be68e28771a68.json,782,13,1.0,5,0.00639386189258312,1.0,6,0,1.0
1680,af15ddc6ec0ed71ac34b005dc109da1f4d01f04023b014d4a9695f8ed6f23be3,ransomware,Loki,2022,I386,1,7.3579520161395,EXE,RanDS_Behaviour_Activity_Dataset/dataset/af/af15ddc6ec0ed71ac34b005dc109da1f4d01f04023b014d4a9695f8ed6f23be3.json,raw_reports/ransomware/af15ddc6ec0ed71ac34b005dc109da1f4d01f04023b014d4a9695f8ed6f23be3.json,983,14,1.0,39,0.03967446592065107,1.0,7,0,1.0
1681,af4566aaee81b09284824790dab31e2cd95d6ff88eed02473c2e5ea86ccb389e,ransomware,Loki,2023,I386,1,7.789928377579,EXE,RanDS_Behaviour_Activity_Dataset/dataset/af/af4566aaee81b09284824790dab31e2cd95d6ff88eed02473c2e5ea86ccb389e.json,raw_reports/ransomware/af4566aaee81b09284824790dab31e2cd95d6ff88eed02473c2e5ea86ccb389e.json,315,12,1.0,12,0.0380952380952381,1.0,3,0,1.0
1682,b0540e9c12f644dd8226f114abdb50119da9238dfd337eb8da431a99a16b349e,ransomware,GandCrab,2021,I386,0,6.421561862372,EXE,RanDS_Behaviour_Activity_Dataset/dataset/b0/b0540e9c12f644dd8226f114abdb50119da9238dfd337eb8da431a99a16b349e.json,raw_reports/ransomware/b0540e9c12f644dd8226f114abdb50119da9238dfd337eb8da431a99a16b349e.json,285,14,1.0,3,0.010526315789473684,1.0,4,0,1.0
1683,b0defd094a19fc6ec21d44f93c37cfce0835cb16826c82624f7b4f352ee89f83,ransomware,WannaCry,2022,I386,0,1.3959149826638,DLL,RanDS_Behaviour_Activity_Dataset/dataset/b0/b0defd094a19fc6ec21d44f93c37cfce0835cb16826c82624f7b4f352ee89f83.json,raw_reports/ransomware/b0defd094a19fc6ec21d44f93c37cfce0835cb16826c82624f7b4f352ee89f83.json,453,12,1.0,9,0.019867549668874173,1.0,6,0,1.0
1684,b15f0b60e48a041efbbdcdc527f6107e323441f5da26b73f1799d4dc48f51ab0,ransomware,Zeppelin,2022,I386,1,6.9699706451972,EXE,RanDS_Behaviour_Activity_Dataset/dataset/b1/b15f0b60e48a041efbbdcdc527f6107e323441f5da26b73f1799d4dc48f51ab0.json,raw_reports/ransomware/b15f0b60e48a041efbbdcdc527f6107e323441f5da26b73f1799d4dc48f51ab0.json,222,12,1.0,13,0.05855855855855856,1.0,3,0,1.0
1685,b1a38a39f0767890d4466cfac235164df73b90cb43f1fec16c8449b49754cf43,ransomware,Loki,2022,I386,0,5.502179775491,EXE,RanDS_Behaviour_Activity_Dataset/dataset/b1/b1a38a39f0767890d4466cfac235164df73b90cb43f1fec16c8449b49754cf43.json,raw_reports/ransomware/b1a38a39f0767890d4466cfac235164df73b90cb43f1fec16c8449b49754cf43.json,1494,16,1.0,15,0.010040160642570281,1.0,7,0,1.0
1686,b24f510468bbde971c722d80d64c639e8d203068ebf5bcbb55bc37b508d821ee,ransomware,GandCrab,2021,I386,0,5.5592870638373,EXE,RanDS_Behaviour_Activity_Dataset/dataset/b2/b24f510468bbde971c722d80d64c639e8d203068ebf5bcbb55bc37b508d821ee.json,raw_reports/ransomware/b24f510468bbde971c722d80d64c639e8d203068ebf5bcbb55bc37b508d821ee.json,234,13,1.0,2,0.008547008547008548,1.0,4,0,1.0
1687,b2c41a6e432d227ec541e2d440600d5ea8ca692a474d61bf10954127e0398881,ransomware,Nemty,2013,I386,1,6.94789670324,EXE,RanDS_Behaviour_Activity_Dataset/dataset/b2/b2c41a6e432d227ec541e2d440600d5ea8ca692a474d61bf10954127e0398881.json,raw_reports/ransomware/b2c41a6e432d227ec541e2d440600d5ea8ca692a474d61bf10954127e0398881.json,888,14,1.0,2,0.0022522522522522522,1.0,5,0,1.0
1688,b2c9b60402d6a49c2cc3598ddae198da7b85677023891e00903fb80a9ba6bce4,ransomware,Nanobot,2020,I386,1,6.9913924147381,EXE,RanDS_Behaviour_Activity_Dataset/dataset/b2/b2c9b60402d6a49c2cc3598ddae198da7b85677023891e00903fb80a9ba6bce4.json,raw_reports/ransomware/b2c9b60402d6a49c2cc3598ddae198da7b85677023891e00903fb80a9ba6bce4.json,771,15,1.0,28,0.03631647211413749,1.0,7,0,1.0
1689,b2cdeefc2c6eb822b922bf8bbbac517165033229818328c06490d5c3ca631f2b,ransomware,Zeppelin,2022,I386,1,6.8189415687685,EXE,RanDS_Behaviour_Activity_Dataset/dataset/b2/b2cdeefc2c6eb822b922bf8bbbac517165033229818328c06490d5c3ca631f2b.json,raw_reports/ransomware/b2cdeefc2c6eb822b922bf8bbbac517165033229818328c06490d5c3ca631f2b.json,16,5,0.625,7,0.4375,0.7777777777777778,0,2,NA
1690,b2d3143d0778a10d5d03bb9e4d2712a980e2a8ec12d47958a8ab4b3192f4bf6a,ransomware,Conti,2021,I386,0,6.1769391740717,EXE,RanDS_Behaviour_Activity_Dataset/dataset/b2/b2d3143d0778a10d5d03bb9e4d2712a980e2a8ec12d47958a8ab4b3192f4bf6a.json,raw_reports/ransomware/b2d3143d0778a10d5d03bb9e4d2712a980e2a8ec12d47958a8ab4b3192f4bf6a.json,2707,15,1.0,69,0.025489471739933506,1.0,8,0,1.0
1691,b3303273446384f72e2a0f90c455f69598f341164c2bcfded2cf95b30e3a9295,ransomware,Loki,2023,I386,1,7.1900197647247,EXE,RanDS_Behaviour_Activity_Dataset/dataset/b3/b3303273446384f72e2a0f90c455f69598f341164c2bcfded2cf95b30e3a9295.json,raw_reports/ransomware/b3303273446384f72e2a0f90c455f69598f341164c2bcfded2cf95b30e3a9295.json,867,15,1.0,15,0.01730103806228374,1.0,4,0,1.0
1692,b33804d1bcadb3c28baad638d82f7510ab66451a5a602978dfa8f629e6bdca05,ransomware,Loki,2020,I386,0,4.120336170058,EXE,RanDS_Behaviour_Activity_Dataset/dataset/b3/b33804d1bcadb3c28baad638d82f7510ab66451a5a602978dfa8f629e6bdca05.json,raw_reports/ransomware/b33804d1bcadb3c28baad638d82f7510ab66451a5a602978dfa8f629e6bdca05.json,1007,14,1.0,8,0.007944389275074478,1.0,4,0,1.0
1693,b3766dbf4b09fb4c82427424ed37143579275556e03a290e8d3a39504ac28a21,ransomware,Loki,2022,I386,1,7.3509661267048,EXE,RanDS_Behaviour_Activity_Dataset/dataset/b3/b3766dbf4b09fb4c82427424ed37143579275556e03a290e8d3a39504ac28a21.json,raw_reports/ransomware/b3766dbf4b09fb4c82427424ed37143579275556e03a290e8d3a39504ac28a21.json,1195,15,1.0,16,0.013389121338912133,1.0,8,0,1.0
1694,b39cb05c58a4611094a2753578e094d0b08b6194fba47725bec03028b9f8b972,ransomware,Loki,2020,I386,1,7.849907844666,EXE,RanDS_Behaviour_Activity_Dataset/dataset/b3/b39cb05c58a4611094a2753578e094d0b08b6194fba47725bec03028b9f8b972.json,raw_reports/ransomware/b39cb05c58a4611094a2753578e094d0b08b6194fba47725bec03028b9f8b972.json,976,10,1.0,0,0.0,1.0,3,0,NA
1695,b3a3bdf098e5f594e648d057b76c611459fee806603aeb6b4e8acd94c345f885,ransomware,Prometheus,2023,I386,1,7.5665123860082,EXE,RanDS_Behaviour_Activity_Dataset/dataset/b3/b3a3bdf098e5f594e648d057b76c611459fee806603aeb6b4e8acd94c345f885.json,raw_reports/ransomware/b3a3bdf098e5f594e648d057b76c611459fee806603aeb6b4e8acd94c345f885.json,824,15,1.0,14,0.01699029126213592,1.0,7,0,1.0
1696,b3a6dfc6d9a6895062db0115d79be0c67404d9c384208ef65a521b3e335a5619,ransomware,Loki,2022,I386,1,7.5923310071139,EXE,RanDS_Behaviour_Activity_Dataset/dataset/b3/b3a6dfc6d9a6895062db0115d79be0c67404d9c384208ef65a521b3e335a5619.json,raw_reports/ransomware/b3a6dfc6d9a6895062db0115d79be0c67404d9c384208ef65a521b3e335a5619.json,950,16,1.0,41,0.0431578947368421,1.0,5,0,1.0
1697,b3becceee731f92a558739ae11d931f571ab038a09b09661f0519eb5256e6303,ransomware,Loki,2023,I386,1,7.7770540299637,EXE,RanDS_Behaviour_Activity_Dataset/dataset/b3/b3becceee731f92a558739ae11d931f571ab038a09b09661f0519eb5256e6303.json,raw_reports/ransomware/b3becceee731f92a558739ae11d931f571ab038a09b09661f0519eb5256e6303.json,1284,15,1.0,30,0.02336448598130841,1.0,7,0,1.0
1698,b3e1e9d97d74c416c2a30dd11858789af5554cf2de62f577c13944a19623777d,ransomware,Cerber,2017,I386,0,6.3158952231291,EXE,RanDS_Behaviour_Activity_Dataset/dataset/b3/b3e1e9d97d74c416c2a30dd11858789af5554cf2de62f577c13944a19623777d.json,raw_reports/ransomware/b3e1e9d97d74c416c2a30dd11858789af5554cf2de62f577c13944a19623777d.json,4950,15,1.0,229,0.04626262626262626,1.0,8,0,1.0
1699,b3f7a8b6e93ec34d757e7a5356c4bf498ad18f68acd70b6d1ecea37010f2ff0e,ransomware,Loki,2023,I386,1,7.5501443531477,EXE,RanDS_Behaviour_Activity_Dataset/dataset/b3/b3f7a8b6e93ec34d757e7a5356c4bf498ad18f68acd70b6d1ecea37010f2ff0e.json,raw_reports/ransomware/b3f7a8b6e93ec34d757e7a5356c4bf498ad18f68acd70b6d1ecea37010f2ff0e.json,1150,15,1.0,22,0.019130434782608695,1.0,4,0,1.0
1700,b4735c29c4390f582a98be6ea4b5f8113fdc66eb7f1e72619b0c8e07e692792e,ransomware,Loki,2022,I386,1,7.6699377099478,EXE,RanDS_Behaviour_Activity_Dataset/dataset/b4/b4735c29c4390f582a98be6ea4b5f8113fdc66eb7f1e72619b0c8e07e692792e.json,raw_reports/ransomware/b4735c29c4390f582a98be6ea4b5f8113fdc66eb7f1e72619b0c8e07e692792e.json,954,14,1.0,74,0.07756813417190776,1.0,6,0,1.0
1701,b547804ebc3fd98bd35ffea608b152871d8387a473ac22fb547836df0085670f,ransomware,Loki,2022,I386,1,7.3914037913674,EXE,RanDS_Behaviour_Activity_Dataset/dataset/b5/b547804ebc3fd98bd35ffea608b152871d8387a473ac22fb547836df0085670f.json,raw_reports/ransomware/b547804ebc3fd98bd35ffea608b152871d8387a473ac22fb547836df0085670f.json,292,12,1.0,23,0.07876712328767123,1.0,5,0,1.0
1702,b579df3a8607cb6b251ee319bdc8c1005ca3a6ed1e360eedf2433b3f6151d856,ransomware,Loki,2023,I386,1,7.4234801146971,EXE,RanDS_Behaviour_Activity_Dataset/dataset/b5/b579df3a8607cb6b251ee319bdc8c1005ca3a6ed1e360eedf2433b3f6151d856.json,raw_reports/ransomware/b579df3a8607cb6b251ee319bdc8c1005ca3a6ed1e360eedf2433b3f6151d856.json,163,12,1.0,9,0.05521472392638037,1.0,2,0,1.0
1703,b5c28a1d484c6ff97a560c97cbaf274c477024204fc38f85df69bf11a0e7e653,ransomware,GandCrab,2018,I386,0,6.4902006085882,EXE,RanDS_Behaviour_Activity_Dataset/dataset/b5/b5c28a1d484c6ff97a560c97cbaf274c477024204fc38f85df69bf11a0e7e653.json,raw_reports/ransomware/b5c28a1d484c6ff97a560c97cbaf274c477024204fc38f85df69bf11a0e7e653.json,371,14,1.0,2,0.005390835579514825,1.0,5,0,1.0
1704,b5dcd36d6df72c1c3dc5b5e043c842075f3f7ac69b04b155da859fb3c6dce601,ransomware,GandCrab,2021,I386,0,6.4592794545257,EXE,RanDS_Behaviour_Activity_Dataset/dataset/b5/b5dcd36d6df72c1c3dc5b5e043c842075f3f7ac69b04b155da859fb3c6dce601.json,raw_reports/ransomware/b5dcd36d6df72c1c3dc5b5e043c842075f3f7ac69b04b155da859fb3c6dce601.json,258,13,1.0,2,0.007751937984496124,1.0,4,0,1.0
1705,b60154db48bfc24a229971fce49a2d2580aef16b471622086e08471f2aee28bc,ransomware,STOP,2022,I386,1,6.7141595172762,EXE,RanDS_Behaviour_Activity_Dataset/dataset/b6/b60154db48bfc24a229971fce49a2d2580aef16b471622086e08471f2aee28bc.json,raw_reports/ransomware/b60154db48bfc24a229971fce49a2d2580aef16b471622086e08471f2aee28bc.json,480,16,1.0,17,0.035416666666666666,1.0,3,0,1.0
1706,b60fce00b8b73a1a9db6746f4c82850b87a2300f8e987357e363d1a7d2576c5c,ransomware,Loki,2023,I386,1,7.837736760517,EXE,RanDS_Behaviour_Activity_Dataset/dataset/b6/b60fce00b8b73a1a9db6746f4c82850b87a2300f8e987357e363d1a7d2576c5c.json,raw_reports/ransomware/b60fce00b8b73a1a9db6746f4c82850b87a2300f8e987357e363d1a7d2576c5c.json,542,16,1.0,13,0.023985239852398525,1.0,4,0,1.0
1707,b683607df14ae608daf23153c5714922fc1ccf1bd2f298ac7647e98eb59cc2cf,ransomware,Zeppelin,2022,I386,1,7.3829859133203,EXE,RanDS_Behaviour_Activity_Dataset/dataset/b6/b683607df14ae608daf23153c5714922fc1ccf1bd2f298ac7647e98eb59cc2cf.json,raw_reports/ransomware/b683607df14ae608daf23153c5714922fc1ccf1bd2f298ac7647e98eb59cc2cf.json,821,15,1.0,21,0.025578562728380026,1.0,7,0,1.0
1708,b68575daf9f368a52ab99b1fc6b21d7a155997b704fe2e33271ba1656b1adcc2,ransomware,EEIA,2020,Amd64,1,7.9151994302866,EXE,RanDS_Behaviour_Activity_Dataset/dataset/b6/b68575daf9f368a52ab99b1fc6b21d7a155997b704fe2e33271ba1656b1adcc2.json,raw_reports/ransomware/b68575daf9f368a52ab99b1fc6b21d7a155997b704fe2e33271ba1656b1adcc2.json,172,10,1.0,33,0.19186046511627908,1.0,3,0,1.0
1709,b69f04883131047159a3f3f13a7943ffdf43c742bc2a8994f7ef1f1a42c16eee,ransomware,Loki,2022,I386,1,7.8470342100437,EXE,RanDS_Behaviour_Activity_Dataset/dataset/b6/b69f04883131047159a3f3f13a7943ffdf43c742bc2a8994f7ef1f1a42c16eee.json,raw_reports/ransomware/b69f04883131047159a3f3f13a7943ffdf43c742bc2a8994f7ef1f1a42c16eee.json,1959,15,1.0,31,0.01582440020418581,1.0,7,0,1.0
1710,b6f30461db13d84d4c28627955137bf0b1f53b9bd1a76f0484baf0a3ffe1c212,ransomware,WannaCry,2017,I386,0,4.0953422598272,DLL,RanDS_Behaviour_Activity_Dataset/dataset/b6/b6f30461db13d84d4c28627955137bf0b1f53b9bd1a76f0484baf0a3ffe1c212.json,raw_reports/ransomware/b6f30461db13d84d4c28627955137bf0b1f53b9bd1a76f0484baf0a3ffe1c212.json,131,8,1.0,0,0.0,0.7777777777777778,5,2,1.0
1711,b74d0a068b387f7569f9a42729853e742a99ccd71c45946ae153a39eba6b153e,ransomware,HDLocker,2021,I386,1,7.9972694661065,EXE,RanDS_Behaviour_Activity_Dataset/dataset/b7/b74d0a068b387f7569f9a42729853e742a99ccd71c45946ae153a39eba6b153e.json,raw_reports/ransomware/b74d0a068b387f7569f9a42729853e742a99ccd71c45946ae153a39eba6b153e.json,1526,12,1.0,25,0.0163826998689384,1.0,5,0,1.0
1712,b782f5827c8728175d0bd243414a50b69f2707d5c7902719fd49d189ee2bf986,ransomware,Loki,2020,I386,1,7.954923216884,EXE,RanDS_Behaviour_Activity_Dataset/dataset/b7/b782f5827c8728175d0bd243414a50b69f2707d5c7902719fd49d189ee2bf986.json,raw_reports/ransomware/b782f5827c8728175d0bd243414a50b69f2707d5c7902719fd49d189ee2bf986.json,236,10,1.0,26,0.11016949152542373,1.0,3,0,1.0
1713,b78a15f205497e919dc646cef7de88dd6e96612e28d816c27f708690b68a37da,ransomware,ConvAgent,2023,I386,1,6.6723912842674,EXE,RanDS_Behaviour_Activity_Dataset/dataset/b7/b78a15f205497e919dc646cef7de88dd6e96612e28d816c27f708690b68a37da.json,raw_reports/ransomware/b78a15f205497e919dc646cef7de88dd6e96612e28d816c27f708690b68a37da.json,532,15,1.0,18,0.03383458646616541,1.0,5,0,1.0
1714,b79d51959247b1e27be5ecc729c1b78687c04fbb8317ed9ff3fd175fcfa07583,ransomware,Loki,2023,I386,1,7.6221853771782,EXE,RanDS_Behaviour_Activity_Dataset/dataset/b7/b79d51959247b1e27be5ecc729c1b78687c04fbb8317ed9ff3fd175fcfa07583.json,raw_reports/ransomware/b79d51959247b1e27be5ecc729c1b78687c04fbb8317ed9ff3fd175fcfa07583.json,772,14,1.0,18,0.023316062176165803,1.0,4,0,1.0
1715,b7c384dc716272656a8df3c120e0f7543212cf67634f0683855b01259f6cf3ca,ransomware,STOP,2022,I386,1,6.9113853726668,EXE,RanDS_Behaviour_Activity_Dataset/dataset/b7/b7c384dc716272656a8df3c120e0f7543212cf67634f0683855b01259f6cf3ca.json,raw_reports/ransomware/b7c384dc716272656a8df3c120e0f7543212cf67634f0683855b01259f6cf3ca.json,210,13,1.0,37,0.1761904761904762,1.0,3,0,1.0
1716,b7f7d7a47bcdde45853cf372df40541951395e5e46eb1f1ffab0a8e795614acd,ransomware,Loki,2020,I386,1,7.5698422249077,EXE,RanDS_Behaviour_Activity_Dataset/dataset/b7/b7f7d7a47bcdde45853cf372df40541951395e5e46eb1f1ffab0a8e795614acd.json,raw_reports/ransomware/b7f7d7a47bcdde45853cf372df40541951395e5e46eb1f1ffab0a8e795614acd.json,1093,14,1.0,26,0.023787740164684355,1.0,6,0,1.0
1717,b7fae7b689c9846de2026c865c1c19e545d08a832370f329a9bb4f097c47f189,ransomware,GandCrab,2020,I386,0,6.4591984414282,EXE,RanDS_Behaviour_Activity_Dataset/dataset/b7/b7fae7b689c9846de2026c865c1c19e545d08a832370f329a9bb4f097c47f189.json,raw_reports/ransomware/b7fae7b689c9846de2026c865c1c19e545d08a832370f329a9bb4f097c47f189.json,1006,15,1.0,6,0.005964214711729622,1.0,6,0,1.0
1718,b87ecdb8035fa8b5ce87570d757265182a9f49122a02e77dc7f414816cf4b511,ransomware,Loki,2021,I386,1,7.9370196878899,EXE,RanDS_Behaviour_Activity_Dataset/dataset/b8/b87ecdb8035fa8b5ce87570d757265182a9f49122a02e77dc7f414816cf4b511.json,raw_reports/ransomware/b87ecdb8035fa8b5ce87570d757265182a9f49122a02e77dc7f414816cf4b511.json,734,16,1.0,75,0.10217983651226158,1.0,6,0,1.0
1719,b8d11df41336055bffde4c436cfeb7ba80cade336d6ca50263ea2218c92c2c32,ransomware,Blocker,2023,I386,0,5.5866510007009,EXE,RanDS_Behaviour_Activity_Dataset/dataset/b8/b8d11df41336055bffde4c436cfeb7ba80cade336d6ca50263ea2218c92c2c32.json,raw_reports/ransomware/b8d11df41336055bffde4c436cfeb7ba80cade336d6ca50263ea2218c92c2c32.json,904,14,1.0,25,0.02765486725663717,1.0,5,0,1.0
1720,b8d7fb4488c0556385498271ab9fffdf0eb38bb2a330265d9852e3a6288092aa,ransomware,Sodinokibi,2020,I386,1,6.6126840635209,EXE,RanDS_Behaviour_Activity_Dataset/dataset/b8/b8d7fb4488c0556385498271ab9fffdf0eb38bb2a330265d9852e3a6288092aa.json,raw_reports/ransomware/b8d7fb4488c0556385498271ab9fffdf0eb38bb2a330265d9852e3a6288092aa.json,2665,15,1.0,28,0.01050656660412758,1.0,8,0,1.0
1721,b8da16c737e8f45792c9a10678b344689562a4e52be81e95acd81485eec2a37e,ransomware,Loki,2023,I386,1,7.8245009428478,EXE,RanDS_Behaviour_Activity_Dataset/dataset/b8/b8da16c737e8f45792c9a10678b344689562a4e52be81e95acd81485eec2a37e.json,raw_reports/ransomware/b8da16c737e8f45792c9a10678b344689562a4e52be81e95acd81485eec2a37e.json,724,15,1.0,28,0.03867403314917127,1.0,5,0,1.0
1722,b8db65cda6bcdcaf6536983e57988ae91dc5af1d8d379d48afdc909fd012f2d1,ransomware,EEIA,2020,Amd64,1,7.9152270414691,EXE,RanDS_Behaviour_Activity_Dataset/dataset/b8/b8db65cda6bcdcaf6536983e57988ae91dc5af1d8d379d48afdc909fd012f2d1.json,raw_reports/ransomware/b8db65cda6bcdcaf6536983e57988ae91dc5af1d8d379d48afdc909fd012f2d1.json,886,12,1.0,7,0.007900677200902935,1.0,4,0,1.0
1723,b8f64bb8924cca22ffa96adc085843a6ed21f4f79ad7f78bffdde29d64416ee5,ransomware,LockBit,2023,I386,1,6.5739895734752,EXE,RanDS_Behaviour_Activity_Dataset/dataset/b8/b8f64bb8924cca22ffa96adc085843a6ed21f4f79ad7f78bffdde29d64416ee5.json,raw_reports/ransomware/b8f64bb8924cca22ffa96adc085843a6ed21f4f79ad7f78bffdde29d64416ee5.json,708,15,1.0,30,0.0423728813559322,1.0,4,0,1.0
1724,b90f2c0fa7a92960f8c6ac2e5b3c2bdb017c005183cbc9729e05cf427f79cde9,ransomware,LockBit,2023,I386,1,7.0786107014421,EXE,RanDS_Behaviour_Activity_Dataset/dataset/b9/b90f2c0fa7a92960f8c6ac2e5b3c2bdb017c005183cbc9729e05cf427f79cde9.json,raw_reports/ransomware/b90f2c0fa7a92960f8c6ac2e5b3c2bdb017c005183cbc9729e05cf427f79cde9.json,119,16,1.0,16,0.13445378151260504,1.0,3,0,1.0
1725,b95ce7cf432b0a9af6affc3637c377b7aea5da351b433513e4136f4741a43357,ransomware,WannaCry,2018,I386,0,3.2076674345754,DLL,RanDS_Behaviour_Activity_Dataset/dataset/b9/b95ce7cf432b0a9af6affc3637c377b7aea5da351b433513e4136f4741a43357.json,raw_reports/ransomware/b95ce7cf432b0a9af6affc3637c377b7aea5da351b433513e4136f4741a43357.json,102,12,1.0,0,0.0,0.8888888888888888,4,1,1.0
1726,b96a067a365b293cd129b5320786af3e09541e4538666d4149347218811dc952,ransomware,Loki,2022,I386,1,7.176800979366,EXE,RanDS_Behaviour_Activity_Dataset/dataset/b9/b96a067a365b293cd129b5320786af3e09541e4538666d4149347218811dc952.json,raw_reports/ransomware/b96a067a365b293cd129b5320786af3e09541e4538666d4149347218811dc952.json,673,13,1.0,19,0.02823179791976226,1.0,4,0,1.0
1727,b97c6335f3e28fb25346720785352929884243a545e2a4ec10abd2f6448ad176,ransomware,Loki,2023,I386,1,7.7322272473238,EXE,RanDS_Behaviour_Activity_Dataset/dataset/b9/b97c6335f3e28fb25346720785352929884243a545e2a4ec10abd2f6448ad176.json,raw_reports/ransomware/b97c6335f3e28fb25346720785352929884243a545e2a4ec10abd2f6448ad176.json,515,14,1.0,17,0.03300970873786408,1.0,3,0,1.0
1728,b981a1b3db85e9ae44a79f66ecbced67088bda1089fe799d0bcb8dc7c7882b59,ransomware,STOP,2022,I386,1,7.6911147623275,EXE,RanDS_Behaviour_Activity_Dataset/dataset/b9/b981a1b3db85e9ae44a79f66ecbced67088bda1089fe799d0bcb8dc7c7882b59.json,raw_reports/ransomware/b981a1b3db85e9ae44a79f66ecbced67088bda1089fe799d0bcb8dc7c7882b59.json,1591,16,1.0,76,0.04776869893148963,1.0,6,0,1.0
1729,b9c15b55522d5702086d738b2e36f39b1698f7931507404251588080cd1c3e36,ransomware,Zeppelin,2022,I386,1,7.2741910116781,EXE,RanDS_Behaviour_Activity_Dataset/dataset/b9/b9c15b55522d5702086d738b2e36f39b1698f7931507404251588080cd1c3e36.json,raw_reports/ransomware/b9c15b55522d5702086d738b2e36f39b1698f7931507404251588080cd1c3e36.json,667,14,1.0,22,0.03298350824587706,1.0,6,0,1.0
1730,ba046d1f3a1aebdf83958df97f96e73b1679878d8b13dde76489e422feb403de,ransomware,Zeppelin,2022,I386,1,7.3859903471524,EXE,RanDS_Behaviour_Activity_Dataset/dataset/ba/ba046d1f3a1aebdf83958df97f96e73b1679878d8b13dde76489e422feb403de.json,raw_reports/ransomware/ba046d1f3a1aebdf83958df97f96e73b1679878d8b13dde76489e422feb403de.json,53,4,0.5,11,0.20754716981132076,0.6666666666666666,2,3,1.0
1731,ba06102388ef51532a4571113245afb0d6850395b10d5e5651549862a8c34a04,ransomware,Loki,2023,I386,1,7.5718022097807,EXE,RanDS_Behaviour_Activity_Dataset/dataset/ba/ba06102388ef51532a4571113245afb0d6850395b10d5e5651549862a8c34a04.json,raw_reports/ransomware/ba06102388ef51532a4571113245afb0d6850395b10d5e5651549862a8c34a04.json,1347,14,1.0,19,0.014105419450631032,1.0,7,0,1.0
1732,ba1a50bf2a246672a5cc91a2d11732146a8c446594ad5672fa64da643c188acc,ransomware,Sodinokibi,2020,I386,0,4.7576626354782,EXE,RanDS_Behaviour_Activity_Dataset/dataset/ba/ba1a50bf2a246672a5cc91a2d11732146a8c446594ad5672fa64da643c188acc.json,raw_reports/ransomware/ba1a50bf2a246672a5cc91a2d11732146a8c446594ad5672fa64da643c188acc.json,211,13,1.0,7,0.03317535545023697,1.0,2,0,1.0
1733,ba807d8c847bf0f8098ba330bcc0f7e488bc967179e5a9062c3eaf76f2b8fd77,ransomware,Loki,2023,I386,1,7.5752534812197,EXE,RanDS_Behaviour_Activity_Dataset/dataset/ba/ba807d8c847bf0f8098ba330bcc0f7e488bc967179e5a9062c3eaf76f2b8fd77.json,raw_reports/ransomware/ba807d8c847bf0f8098ba330bcc0f7e488bc967179e5a9062c3eaf76f2b8fd77.json,1043,13,1.0,18,0.01725790987535954,1.0,5,0,1.0
1734,baa9ff228093c5d7afd2d1bfba2053469e8c7684f263066689f84bd68a420436,ransomware,STOP,2022,I386,1,6.8944602285189,EXE,RanDS_Behaviour_Activity_Dataset/dataset/ba/baa9ff228093c5d7afd2d1bfba2053469e8c7684f263066689f84bd68a420436.json,raw_reports/ransomware/baa9ff228093c5d7afd2d1bfba2053469e8c7684f263066689f84bd68a420436.json,81,14,1.0,13,0.16049382716049382,1.0,3,0,1.0
1735,baaba65de7ee0a52274e439f9cfc6e1ad5e55f74dc43644c33c27863c99f9c4e,ransomware,Loki,2023,I386,1,7.7750107133351,EXE,RanDS_Behaviour_Activity_Dataset/dataset/ba/baaba65de7ee0a52274e439f9cfc6e1ad5e55f74dc43644c33c27863c99f9c4e.json,raw_reports/ransomware/baaba65de7ee0a52274e439f9cfc6e1ad5e55f74dc43644c33c27863c99f9c4e.json,646,14,1.0,29,0.04489164086687306,1.0,7,0,1.0
1736,bb223547e87ba6c106c9cd0f9d19fc09e17ba8f8c0f02ef9e46b2af80c969239,ransomware,Loki,2023,I386,1,7.3545391870588,EXE,RanDS_Behaviour_Activity_Dataset/dataset/bb/bb223547e87ba6c106c9cd0f9d19fc09e17ba8f8c0f02ef9e46b2af80c969239.json,raw_reports/ransomware/bb223547e87ba6c106c9cd0f9d19fc09e17ba8f8c0f02ef9e46b2af80c969239.json,1016,15,1.0,18,0.017716535433070866,1.0,5,0,1.0
1737,bb426461ef70ffd601cb64a687c62edda066b99a79e49d880918300da5eb6548,ransomware,Loki,2023,I386,1,6.7805582368902,EXE,RanDS_Behaviour_Activity_Dataset/dataset/bb/bb426461ef70ffd601cb64a687c62edda066b99a79e49d880918300da5eb6548.json,raw_reports/ransomware/bb426461ef70ffd601cb64a687c62edda066b99a79e49d880918300da5eb6548.json,589,15,1.0,13,0.022071307300509338,1.0,4,0,1.0
1738,bb7ae35b61a135ad6315c7bb85c66bf7346d1c1d031bdd1053fa7c82ebd2c1ca,ransomware,Loki,2023,I386,1,7.3766415748261,EXE,RanDS_Behaviour_Activity_Dataset/dataset/bb/bb7ae35b61a135ad6315c7bb85c66bf7346d1c1d031bdd1053fa7c82ebd2c1ca.json,raw_reports/ransomware/bb7ae35b61a135ad6315c7bb85c66bf7346d1c1d031bdd1053fa7c82ebd2c1ca.json,451,13,1.0,19,0.04212860310421286,1.0,3,0,1.0
1739,bbb38a432f7eff2a12b72c3ed853e937fbf5d7b9bd23b9f8ab61beb6bd594c10,ransomware,Vebzenpak,2020,I386,0,4.5656514651672,EXE,RanDS_Behaviour_Activity_Dataset/dataset/bb/bbb38a432f7eff2a12b72c3ed853e937fbf5d7b9bd23b9f8ab61beb6bd594c10.json,raw_reports/ransomware/bbb38a432f7eff2a12b72c3ed853e937fbf5d7b9bd23b9f8ab61beb6bd594c10.json,464,10,1.0,3,0.00646551724137931,1.0,5,0,NA
1740,bbbfb4d66a6d1ff1fb9f476cc8607a2a0b1a0bb27bdaba095a3715489d8e4315,ransomware,Loki,2020,I386,1,6.9731710777611,EXE,RanDS_Behaviour_Activity_Dataset/dataset/bb/bbbfb4d66a6d1ff1fb9f476cc8607a2a0b1a0bb27bdaba095a3715489d8e4315.json,raw_reports/ransomware/bbbfb4d66a6d1ff1fb9f476cc8607a2a0b1a0bb27bdaba095a3715489d8e4315.json,367,12,1.0,9,0.02452316076294278,1.0,5,0,1.0
1741,bc004f040d80ca215b98f3ad47251266d2a24041c3e578a5a9a73d93f8201a12,ransomware,Zeppelin,2022,I386,1,7.1005940926697,EXE,RanDS_Behaviour_Activity_Dataset/dataset/bc/bc004f040d80ca215b98f3ad47251266d2a24041c3e578a5a9a73d93f8201a12.json,raw_reports/ransomware/bc004f040d80ca215b98f3ad47251266d2a24041c3e578a5a9a73d93f8201a12.json,623,12,1.0,21,0.033707865168539325,1.0,4,0,1.0
1742,bc10025bfecf9807247fb65f8803bb1bee2f8bea45bf1ba1dd00a952be576d45,ransomware,Loki,2023,I386,1,7.8700989917389,EXE,RanDS_Behaviour_Activity_Dataset/dataset/bc/bc10025bfecf9807247fb65f8803bb1bee2f8bea45bf1ba1dd00a952be576d45.json,raw_reports/ransomware/bc10025bfecf9807247fb65f8803bb1bee2f8bea45bf1ba1dd00a952be576d45.json,532,13,1.0,16,0.03007518796992481,1.0,5,0,1.0
1743,bc2867b87c9b183bc7a16286c7602eccbdd3b4ea5197af474c97212807f6bf60,ransomware,Prometheus,2023,I386,1,7.0681791936797,EXE,RanDS_Behaviour_Activity_Dataset/dataset/bc/bc2867b87c9b183bc7a16286c7602eccbdd3b4ea5197af474c97212807f6bf60.json,raw_reports/ransomware/bc2867b87c9b183bc7a16286c7602eccbdd3b4ea5197af474c97212807f6bf60.json,1750,15,1.0,24,0.013714285714285714,1.0,9,0,1.0
1744,bc4fa967338f3984f544789cdaf22bf21649b6bbf1b6770692401bd2462571f0,ransomware,Xorist,2013,I386,0,1.0144999127708,EXE,RanDS_Behaviour_Activity_Dataset/dataset/bc/bc4fa967338f3984f544789cdaf22bf21649b6bbf1b6770692401bd2462571f0.json,raw_reports/ransomware/bc4fa967338f3984f544789cdaf22bf21649b6bbf1b6770692401bd2462571f0.json,2129,14,1.0,3,0.0014091122592766556,1.0,4,0,1.0
1745,bc52216febfa7ea77e6e53f91a3c78b507b54d68607a822cc85e1e8dbc85691f,ransomware,Loki,2022,I386,1,7.4839790064797,EXE,RanDS_Behaviour_Activity_Dataset/dataset/bc/bc52216febfa7ea77e6e53f91a3c78b507b54d68607a822cc85e1e8dbc85691f.json,raw_reports/ransomware/bc52216febfa7ea77e6e53f91a3c78b507b54d68607a822cc85e1e8dbc85691f.json,649,13,1.0,12,0.01848998459167951,1.0,4,0,1.0
1746,bd210c5759b815a64b7166aceae471ef622bccdde3b46fc971aa78bcb73f08f1,ransomware,Crysis,2023,I386,1,7.4389264392678,EXE,RanDS_Behaviour_Activity_Dataset/dataset/bd/bd210c5759b815a64b7166aceae471ef622bccdde3b46fc971aa78bcb73f08f1.json,raw_reports/ransomware/bd210c5759b815a64b7166aceae471ef622bccdde3b46fc971aa78bcb73f08f1.json,670,14,1.0,9,0.013432835820895522,1.0,7,0,1.0
1747,bdaff1abbac7c8016f4b548559a9f2cf1a27567bd5b1743668f863f6182742b9,ransomware,Loki,2023,I386,1,7.252804296515,EXE,RanDS_Behaviour_Activity_Dataset/dataset/bd/bdaff1abbac7c8016f4b548559a9f2cf1a27567bd5b1743668f863f6182742b9.json,raw_reports/ransomware/bdaff1abbac7c8016f4b548559a9f2cf1a27567bd5b1743668f863f6182742b9.json,107,12,1.0,12,0.11214953271028037,1.0,3,0,1.0
1748,bdc6e2ee8c0de414d05ce05e0b65c63cd2b3a4f21f894e32da578b016e661e6d,ransomware,Zeppelin,2022,I386,1,7.0883845652647,EXE,RanDS_Behaviour_Activity_Dataset/dataset/bd/bdc6e2ee8c0de414d05ce05e0b65c63cd2b3a4f21f894e32da578b016e661e6d.json,raw_reports/ransomware/bdc6e2ee8c0de414d05ce05e0b65c63cd2b3a4f21f894e32da578b016e661e6d.json,571,11,1.0,21,0.03677758318739054,1.0,4,0,1.0
1749,bed3b4e33192ffae371831dfd9061f8e2aadb348b3f1dea0b51d29c29f5fed95,ransomware,Blocker,2023,I386,0,5.6864796746936,EXE,RanDS_Behaviour_Activity_Dataset/dataset/be/bed3b4e33192ffae371831dfd9061f8e2aadb348b3f1dea0b51d29c29f5fed95.json,raw_reports/ransomware/bed3b4e33192ffae371831dfd9061f8e2aadb348b3f1dea0b51d29c29f5fed95.json,345,15,1.0,14,0.04057971014492753,1.0,5,0,1.0
1750,bedb3e0095bb830691b6fa3cfe70bfb469482dc779e9f5e67ec66de18d006bd7,ransomware,Mardom,2024,I386,1,7.7442841747923,EXE,RanDS_Behaviour_Activity_Dataset/dataset/be/bedb3e0095bb830691b6fa3cfe70bfb469482dc779e9f5e67ec66de18d006bd7.json,raw_reports/ransomware/bedb3e0095bb830691b6fa3cfe70bfb469482dc779e9f5e67ec66de18d006bd7.json,611,11,1.0,14,0.022913256955810146,1.0,6,0,1.0
1751,bf9a0949c0ef57d648b37518a6ad2ff24eede159244a48258e71ba648e96ce06,ransomware,Vebzenpak,2020,I386,0,5.1193861043612,EXE,RanDS_Behaviour_Activity_Dataset/dataset/bf/bf9a0949c0ef57d648b37518a6ad2ff24eede159244a48258e71ba648e96ce06.json,raw_reports/ransomware/bf9a0949c0ef57d648b37518a6ad2ff24eede159244a48258e71ba648e96ce06.json,1098,15,1.0,16,0.014571948998178506,1.0,5,0,1.0
1752,bfc40f821bc86faf61aa929f3bad576c873bdf751172a4963bce0405ddff55cb,ransomware,LockBit,2023,I386,1,7.1145067730141,EXE,RanDS_Behaviour_Activity_Dataset/dataset/bf/bfc40f821bc86faf61aa929f3bad576c873bdf751172a4963bce0405ddff55cb.json,raw_reports/ransomware/bfc40f821bc86faf61aa929f3bad576c873bdf751172a4963bce0405ddff55cb.json,645,11,1.0,19,0.02945736434108527,1.0,3,0,1.0
1753,c025959a6588fb22aea8ee606af7f1c3716c0ea10ae1500cd20014e82e75ea61,ransomware,Zeppelin,2022,I386,1,6.975964801821,EXE,RanDS_Behaviour_Activity_Dataset/dataset/c0/c025959a6588fb22aea8ee606af7f1c3716c0ea10ae1500cd20014e82e75ea61.json,raw_reports/ransomware/c025959a6588fb22aea8ee606af7f1c3716c0ea10ae1500cd20014e82e75ea61.json,536,12,1.0,12,0.022388059701492536,1.0,5,0,1.0
1754,c06a41f8cc26ea5c1258decc9ac07f2014b29266b4a3a7c0d7183dbc706ffeed,ransomware,Loki,2023,I386,1,6.6544764387542,EXE,RanDS_Behaviour_Activity_Dataset/dataset/c0/c06a41f8cc26ea5c1258decc9ac07f2014b29266b4a3a7c0d7183dbc706ffeed.json,raw_reports/ransomware/c06a41f8cc26ea5c1258decc9ac07f2014b29266b4a3a7c0d7183dbc706ffeed.json,1045,15,1.0,20,0.019138755980861243,1.0,7,0,1.0
1755,c0a4030ccdbd9bab6f3b1550c60a804ca2e0213b34ae576c8b17dbc622687f1b,ransomware,ConvAgent,2024,I386,1,6.7188138879898,EXE,RanDS_Behaviour_Activity_Dataset/dataset/c0/c0a4030ccdbd9bab6f3b1550c60a804ca2e0213b34ae576c8b17dbc622687f1b.json,raw_reports/ransomware/c0a4030ccdbd9bab6f3b1550c60a804ca2e0213b34ae576c8b17dbc622687f1b.json,629,15,1.0,61,0.09697933227344992,1.0,7,0,1.0
1756,c0ed120fe2ae764022308806f0ccf753444f9f7964f518e4dd5c234fb3550ba0,ransomware,ConvAgent,2022,I386,1,6.9935412205393,EXE,RanDS_Behaviour_Activity_Dataset/dataset/c0/c0ed120fe2ae764022308806f0ccf753444f9f7964f518e4dd5c234fb3550ba0.json,raw_reports/ransomware/c0ed120fe2ae764022308806f0ccf753444f9f7964f518e4dd5c234fb3550ba0.json,679,14,1.0,21,0.030927835051546393,1.0,7,0,1.0
1757,c0ef11ae3e5566b06a2ca9f40388cf94deb73d8bf3544cee15aa30e2e5bb8cb8,ransomware,Zeppelin,2023,I386,1,7.2490151510973,EXE,RanDS_Behaviour_Activity_Dataset/dataset/c0/c0ef11ae3e5566b06a2ca9f40388cf94deb73d8bf3544cee15aa30e2e5bb8cb8.json,raw_reports/ransomware/c0ef11ae3e5566b06a2ca9f40388cf94deb73d8bf3544cee15aa30e2e5bb8cb8.json,1140,11,1.0,9,0.007894736842105263,1.0,5,0,1.0
1758,c10580e06da040aa1e72bb74f872bb45d63f1733e432f15920eff91848d31377,ransomware,STOP,2022,I386,1,7.7684459873866,EXE,RanDS_Behaviour_Activity_Dataset/dataset/c1/c10580e06da040aa1e72bb74f872bb45d63f1733e432f15920eff91848d31377.json,raw_reports/ransomware/c10580e06da040aa1e72bb74f872bb45d63f1733e432f15920eff91848d31377.json,1515,16,1.0,45,0.0297029702970297,1.0,5,0,1.0
1759,c106131abba0a5978be6acb5034eb38742d0d169c483389575cd930339d6a099,ransomware,Loki,2023,I386,1,7.3552224264268,EXE,RanDS_Behaviour_Activity_Dataset/dataset/c1/c106131abba0a5978be6acb5034eb38742d0d169c483389575cd930339d6a099.json,raw_reports/ransomware/c106131abba0a5978be6acb5034eb38742d0d169c483389575cd930339d6a099.json,498,12,1.0,21,0.04216867469879518,1.0,4,0,1.0
1760,c14705553b8fcef231f467b0995f9dfe71b547d0c279cfd6b918cc86ae2cb091,ransomware,Blocker,2024,I386,0,5.6640918387298,EXE,RanDS_Behaviour_Activity_Dataset/dataset/c1/c14705553b8fcef231f467b0995f9dfe71b547d0c279cfd6b918cc86ae2cb091.json,raw_reports/ransomware/c14705553b8fcef231f467b0995f9dfe71b547d0c279cfd6b918cc86ae2cb091.json,1001,14,1.0,31,0.030969030969030968,1.0,6,0,1.0
1761,c1ae2ab59893978a216f843a13ecec1d67eac7362d48133258dae2cb1698220b,ransomware,GandCrab,2021,I386,0,6.4215217368513,EXE,RanDS_Behaviour_Activity_Dataset/dataset/c1/c1ae2ab59893978a216f843a13ecec1d67eac7362d48133258dae2cb1698220b.json,raw_reports/ransomware/c1ae2ab59893978a216f843a13ecec1d67eac7362d48133258dae2cb1698220b.json,345,14,1.0,3,0.008695652173913044,1.0,5,0,1.0
1762,c1c6f6f9c0c2e89ed170af5a0731438dc3a6f866ac6347b50702e348f06a37b7,ransomware,STOP,2023,I386,1,6.7728278668168,EXE,RanDS_Behaviour_Activity_Dataset/dataset/c1/c1c6f6f9c0c2e89ed170af5a0731438dc3a6f866ac6347b50702e348f06a37b7.json,raw_reports/ransomware/c1c6f6f9c0c2e89ed170af5a0731438dc3a6f866ac6347b50702e348f06a37b7.json,424,14,1.0,12,0.02830188679245283,1.0,4,0,1.0
1763,c1d264d13d50718c1f418aa1f867a36dc3d3dca377517cc5a1a4c676f4bd6a81,ransomware,Loki,2022,I386,1,6.8379534432441,EXE,RanDS_Behaviour_Activity_Dataset/dataset/c1/c1d264d13d50718c1f418aa1f867a36dc3d3dca377517cc5a1a4c676f4bd6a81.json,raw_reports/ransomware/c1d264d13d50718c1f418aa1f867a36dc3d3dca377517cc5a1a4c676f4bd6a81.json,346,12,1.0,18,0.05202312138728324,1.0,5,0,1.0
1764,c1e23c7ba8224266734b9d0914e722627423cdfa81e8aa5efb4def7a0c4c4e28,ransomware,Loki,2022,I386,1,7.0119787896298,EXE,RanDS_Behaviour_Activity_Dataset/dataset/c1/c1e23c7ba8224266734b9d0914e722627423cdfa81e8aa5efb4def7a0c4c4e28.json,raw_reports/ransomware/c1e23c7ba8224266734b9d0914e722627423cdfa81e8aa5efb4def7a0c4c4e28.json,1505,16,1.0,23,0.015282392026578074,1.0,6,0,1.0
1765,c2167ea941d144ad0e3f95bd58c350cabfa94c52578ee2e265d2ed6d4a81147d,ransomware,CryptoJoker,2023,I386,1,7.5041899723684,EXE,RanDS_Behaviour_Activity_Dataset/dataset/c2/c2167ea941d144ad0e3f95bd58c350cabfa94c52578ee2e265d2ed6d4a81147d.json,raw_reports/ransomware/c2167ea941d144ad0e3f95bd58c350cabfa94c52578ee2e265d2ed6d4a81147d.json,677,12,1.0,26,0.03840472673559823,1.0,7,0,1.0
1766,c24772e95123aabc57d0748f538f1453ab2bb70ccae01ead7f777b1a9cd30b77,ransomware,LockBit,2023,I386,1,6.7416109180191,EXE,RanDS_Behaviour_Activity_Dataset/dataset/c2/c24772e95123aabc57d0748f538f1453ab2bb70ccae01ead7f777b1a9cd30b77.json,raw_reports/ransomware/c24772e95123aabc57d0748f538f1453ab2bb70ccae01ead7f777b1a9cd30b77.json,807,16,1.0,33,0.040892193308550186,1.0,6,0,1.0
1767,c31a9c3ebcef2908e0ec195b0061c70600110cae7402dba5ad1ebed52ad73f93,ransomware,Cerber,2013,I386,1,7.3935510820403,EXE,RanDS_Behaviour_Activity_Dataset/dataset/c3/c31a9c3ebcef2908e0ec195b0061c70600110cae7402dba5ad1ebed52ad73f93.json,raw_reports/ransomware/c31a9c3ebcef2908e0ec195b0061c70600110cae7402dba5ad1ebed52ad73f93.json,254,9,1.0,0,0.0,1.0,2,0,1.0
1768,c321b13766af192715b8e5b2f53f0d892149383dcab77c493ea38e2b50ffa365,ransomware,LockBit,2022,I386,1,7.0603438339586,EXE,RanDS_Behaviour_Activity_Dataset/dataset/c3/c321b13766af192715b8e5b2f53f0d892149383dcab77c493ea38e2b50ffa365.json,raw_reports/ransomware/c321b13766af192715b8e5b2f53f0d892149383dcab77c493ea38e2b50ffa365.json,253,14,1.0,14,0.05533596837944664,1.0,4,0,1.0
1769,c345ee1ea5720866ec2879404925adb0c4fb6e9322325abe92d2053b4873bf92,ransomware,Loki,2021,I386,0,6.3015139778452,EXE,RanDS_Behaviour_Activity_Dataset/dataset/c3/c345ee1ea5720866ec2879404925adb0c4fb6e9322325abe92d2053b4873bf92.json,raw_reports/ransomware/c345ee1ea5720866ec2879404925adb0c4fb6e9322325abe92d2053b4873bf92.json,937,16,1.0,57,0.060832443970117396,1.0,5,0,1.0
1770,c358e010fdfea392f73173b0ab4a9b486a8d9a193bd2e8a71c50b39c14602741,ransomware,Loki,2022,I386,1,7.8052012083816,EXE,RanDS_Behaviour_Activity_Dataset/dataset/c3/c358e010fdfea392f73173b0ab4a9b486a8d9a193bd2e8a71c50b39c14602741.json,raw_reports/ransomware/c358e010fdfea392f73173b0ab4a9b486a8d9a193bd2e8a71c50b39c14602741.json,1045,13,1.0,15,0.014354066985645933,1.0,4,0,1.0
1771,c35dc511756121de1ea79ead44b8d25157d6356bc5a59c2ff530a60b2c444bec,ransomware,MSIL,2021,I386,0,6.2319403420016,EXE,RanDS_Behaviour_Activity_Dataset/dataset/c3/c35dc511756121de1ea79ead44b8d25157d6356bc5a59c2ff530a60b2c444bec.json,raw_reports/ransomware/c35dc511756121de1ea79ead44b8d25157d6356bc5a59c2ff530a60b2c444bec.json,1528,16,1.0,92,0.060209424083769635,1.0,8,0,1.0
1772,c370659751fff9888445826997052a9a734c3619098c05347774ab4d3f7e1e4a,ransomware,Loki,2023,I386,1,7.1973157283965,EXE,RanDS_Behaviour_Activity_Dataset/dataset/c3/c370659751fff9888445826997052a9a734c3619098c05347774ab4d3f7e1e4a.json,raw_reports/ransomware/c370659751fff9888445826997052a9a734c3619098c05347774ab4d3f7e1e4a.json,835,15,1.0,23,0.027544910179640718,1.0,7,0,1.0
1773,c393f4266b3411f9de7951fe1a2deb8e7bd37387e6c6a5b814f822df7633b76e,ransomware,LockBit,2023,I386,0,5.9461149817343,EXE,RanDS_Behaviour_Activity_Dataset/dataset/c3/c393f4266b3411f9de7951fe1a2deb8e7bd37387e6c6a5b814f822df7633b76e.json,raw_reports/ransomware/c393f4266b3411f9de7951fe1a2deb8e7bd37387e6c6a5b814f822df7633b76e.json,1192,15,1.0,131,0.1098993288590604,1.0,8,0,1.0
1774,c3dc317b25bce9e92fa7db833698fa5ff50ef74f65abbd5e57238cd95b12b01e,ransomware,Loki,2020,I386,1,7.6541346102431,EXE,RanDS_Behaviour_Activity_Dataset/dataset/c3/c3dc317b25bce9e92fa7db833698fa5ff50ef74f65abbd5e57238cd95b12b01e.json,raw_reports/ransomware/c3dc317b25bce9e92fa7db833698fa5ff50ef74f65abbd5e57238cd95b12b01e.json,945,15,1.0,0,0.0,1.0,5,0,1.0
1775,c40f786d75bc01ed85b86c091472f4133830dc04df87052b8b6ae598708e4108,ransomware,STOP,2022,I386,0,5.8938128683914,EXE,RanDS_Behaviour_Activity_Dataset/dataset/c4/c40f786d75bc01ed85b86c091472f4133830dc04df87052b8b6ae598708e4108.json,raw_reports/ransomware/c40f786d75bc01ed85b86c091472f4133830dc04df87052b8b6ae598708e4108.json,64,14,1.0,15,0.234375,1.0,3,0,1.0
1776,c47f1c11eb874ce92afbe8eb3e24f44609f7d7bc154f705116975d5f735a1d4e,ransomware,Nanobot,2022,I386,1,7.4765145876539,EXE,RanDS_Behaviour_Activity_Dataset/dataset/c4/c47f1c11eb874ce92afbe8eb3e24f44609f7d7bc154f705116975d5f735a1d4e.json,raw_reports/ransomware/c47f1c11eb874ce92afbe8eb3e24f44609f7d7bc154f705116975d5f735a1d4e.json,786,14,1.0,19,0.024173027989821884,1.0,5,0,1.0
1777,c48351300bbb0c3615e445d9bef22ae9aa728f7975f62ab49d3a47bfaacd8eaf,ransomware,Loki,2023,I386,1,7.6424793003381,EXE,RanDS_Behaviour_Activity_Dataset/dataset/c4/c48351300bbb0c3615e445d9bef22ae9aa728f7975f62ab49d3a47bfaacd8eaf.json,raw_reports/ransomware/c48351300bbb0c3615e445d9bef22ae9aa728f7975f62ab49d3a47bfaacd8eaf.json,935,15,1.0,28,0.029946524064171122,1.0,7,0,1.0
1778,c498c88360de57bc9aafce102efe582a988ca1859e1f4fba5914a0b02e41a2fd,ransomware,Loki,2023,I386,1,7.6706294204798,EXE,RanDS_Behaviour_Activity_Dataset/dataset/c4/c498c88360de57bc9aafce102efe582a988ca1859e1f4fba5914a0b02e41a2fd.json,raw_reports/ransomware/c498c88360de57bc9aafce102efe582a988ca1859e1f4fba5914a0b02e41a2fd.json,201,13,1.0,9,0.04477611940298507,1.0,5,0,1.0
1779,c561fe8488f1648556e97ff247f33b003f8a3418beeacbd6d2d45dd8d83708a7,ransomware,Zeppelin,2023,I386,1,6.5681769814814,EXE,RanDS_Behaviour_Activity_Dataset/dataset/c5/c561fe8488f1648556e97ff247f33b003f8a3418beeacbd6d2d45dd8d83708a7.json,raw_reports/ransomware/c561fe8488f1648556e97ff247f33b003f8a3418beeacbd6d2d45dd8d83708a7.json,529,13,1.0,18,0.034026465028355386,1.0,5,0,1.0
1780,c57ba99f520a67028fa6b949bf174d46681ade2eb8c69bfa7b37944ca0738e09,ransomware,LockBit,2023,I386,1,6.7815208155099,EXE,RanDS_Behaviour_Activity_Dataset/dataset/c5/c57ba99f520a67028fa6b949bf174d46681ade2eb8c69bfa7b37944ca0738e09.json,raw_reports/ransomware/c57ba99f520a67028fa6b949bf174d46681ade2eb8c69bfa7b37944ca0738e09.json,173,13,1.0,29,0.1676300578034682,1.0,4,0,1.0
1781,c59b8145b6552ff7e54b7b249457444bee198670f664048f9bfddbbb8c137915,ransomware,Loki,2020,I386,0,3.9578922214864,EXE,RanDS_Behaviour_Activity_Dataset/dataset/c5/c59b8145b6552ff7e54b7b249457444bee198670f664048f9bfddbbb8c137915.json,raw_reports/ransomware/c59b8145b6552ff7e54b7b249457444bee198670f664048f9bfddbbb8c137915.json,1367,16,1.0,9,0.006583760058522311,1.0,5,0,1.0
1782,c5f38e98e83cdf15b8d7f6943fa0399d00cc02589eff226733d09c97abecb1aa,ransomware,EEGO,2020,Amd64,1,7.9174758565828,EXE,RanDS_Behaviour_Activity_Dataset/dataset/c5/c5f38e98e83cdf15b8d7f6943fa0399d00cc02589eff226733d09c97abecb1aa.json,raw_reports/ransomware/c5f38e98e83cdf15b8d7f6943fa0399d00cc02589eff226733d09c97abecb1aa.json,150,10,1.0,21,0.14,1.0,3,0,1.0
1783,c660d6a834aa41d44968e788436c795767f7480b92eae198f4dc2306c69e113b,ransomware,Loki,2021,I386,1,7.706375749246,EXE,RanDS_Behaviour_Activity_Dataset/dataset/c6/c660d6a834aa41d44968e788436c795767f7480b92eae198f4dc2306c69e113b.json,raw_reports/ransomware/c660d6a834aa41d44968e788436c795767f7480b92eae198f4dc2306c69e113b.json,443,15,1.0,17,0.03837471783295711,1.0,5,0,1.0
1784,c666a65709b040157a175afb6caa5bd8e726849944562aa95ee941550167eaca,ransomware,ConvAgent,2023,I386,1,7.1808225444255,EXE,RanDS_Behaviour_Activity_Dataset/dataset/c6/c666a65709b040157a175afb6caa5bd8e726849944562aa95ee941550167eaca.json,raw_reports/ransomware/c666a65709b040157a175afb6caa5bd8e726849944562aa95ee941550167eaca.json,852,16,1.0,23,0.02699530516431925,1.0,6,0,1.0
1785,c681ad19ae3eaf10a09685621e5d01a7378ffb27c3f634e72e67ca43633eb38f,ransomware,Loki,2021,I386,1,7.5284277030748,EXE,RanDS_Behaviour_Activity_Dataset/dataset/c6/c681ad19ae3eaf10a09685621e5d01a7378ffb27c3f634e72e67ca43633eb38f.json,raw_reports/ransomware/c681ad19ae3eaf10a09685621e5d01a7378ffb27c3f634e72e67ca43633eb38f.json,405,15,1.0,41,0.10123456790123457,1.0,4,0,1.0
1786,c6a79c01335416c78e765d551d49900b91c5ee5f85b42fba910a2e070e350476,ransomware,Loki,2020,I386,1,7.3391476555718,EXE,RanDS_Behaviour_Activity_Dataset/dataset/c6/c6a79c01335416c78e765d551d49900b91c5ee5f85b42fba910a2e070e350476.json,raw_reports/ransomware/c6a79c01335416c78e765d551d49900b91c5ee5f85b42fba910a2e070e350476.json,1155,15,1.0,38,0.0329004329004329,1.0,6,0,1.0
1787,c6d0e1d187e6b9f4409e27547d0b49e6f4d8088af18ea5ca60c24a9f4ae1597a,ransomware,Zeppelin,2022,I386,1,6.8187510882727,EXE,RanDS_Behaviour_Activity_Dataset/dataset/c6/c6d0e1d187e6b9f4409e27547d0b49e6f4d8088af18ea5ca60c24a9f4ae1597a.json,raw_reports/ransomware/c6d0e1d187e6b9f4409e27547d0b49e6f4d8088af18ea5ca60c24a9f4ae1597a.json,1655,14,1.0,57,0.03444108761329305,1.0,7,0,1.0
1788,c7146447b6b4efeae32b380ccf8c2889bcf6d67ef9c8cb56b6301ba4d226af60,ransomware,Loki,2023,I386,0,4.3692807234051,EXE,RanDS_Behaviour_Activity_Dataset/dataset/c7/c7146447b6b4efeae32b380ccf8c2889bcf6d67ef9c8cb56b6301ba4d226af60.json,raw_reports/ransomware/c7146447b6b4efeae32b380ccf8c2889bcf6d67ef9c8cb56b6301ba4d226af60.json,747,14,1.0,17,0.022757697456492636,1.0,7,0,1.0
1789,c71c91c8c6cdb4cc17f2777a9078e0863f1e9ec76555043e85286af14fe275d4,ransomware,STOP,2023,I386,0,6.4427106062133,EXE,RanDS_Behaviour_Activity_Dataset/dataset/c7/c71c91c8c6cdb4cc17f2777a9078e0863f1e9ec76555043e85286af14fe275d4.json,raw_reports/ransomware/c71c91c8c6cdb4cc17f2777a9078e0863f1e9ec76555043e85286af14fe275d4.json,30,8,1.0,4,0.13333333333333333,0.7777777777777778,1,2,1.0
1790,c7573f0e33614200aabd85a18762922a3911f96f27f14829b3a36e325aed2d03,ransomware,Loki,2020,I386,0,3.0022813206002,EXE,RanDS_Behaviour_Activity_Dataset/dataset/c7/c7573f0e33614200aabd85a18762922a3911f96f27f14829b3a36e325aed2d03.json,raw_reports/ransomware/c7573f0e33614200aabd85a18762922a3911f96f27f14829b3a36e325aed2d03.json,493,15,1.0,56,0.11359026369168357,1.0,5,0,1.0
1791,c7a7cf228d04cae217e689217f6a810f560a3033773e38fef04d9e483c6ce902,ransomware,Loki,2023,I386,1,7.5537468644455,EXE,RanDS_Behaviour_Activity_Dataset/dataset/c7/c7a7cf228d04cae217e689217f6a810f560a3033773e38fef04d9e483c6ce902.json,raw_reports/ransomware/c7a7cf228d04cae217e689217f6a810f560a3033773e38fef04d9e483c6ce902.json,307,15,1.0,15,0.048859934853420196,1.0,5,0,1.0
1792,c7d5c20a8f8704cd72855276ade10f22dc95cbce0d89aedcaab2ad64a8753693,ransomware,Prometheus,2024,I386,1,7.6060353881886,EXE,RanDS_Behaviour_Activity_Dataset/dataset/c7/c7d5c20a8f8704cd72855276ade10f22dc95cbce0d89aedcaab2ad64a8753693.json,raw_reports/ransomware/c7d5c20a8f8704cd72855276ade10f22dc95cbce0d89aedcaab2ad64a8753693.json,1455,15,1.0,18,0.012371134020618556,1.0,9,0,1.0
1793,c80d7871963f4378e720adaf5d03d16b2658974dad854d9b6fb167546341cb6f,ransomware,Loki,2022,I386,1,7.3988761851107,EXE,RanDS_Behaviour_Activity_Dataset/dataset/c8/c80d7871963f4378e720adaf5d03d16b2658974dad854d9b6fb167546341cb6f.json,raw_reports/ransomware/c80d7871963f4378e720adaf5d03d16b2658974dad854d9b6fb167546341cb6f.json,656,14,1.0,15,0.022865853658536585,1.0,3,0,1.0
1794,c812d336befc1fa3ce6175f3ea6efeba20f82a07b1765c7bbec0c60c92e7812a,ransomware,Loki,2023,I386,1,7.638903148599,EXE,RanDS_Behaviour_Activity_Dataset/dataset/c8/c812d336befc1fa3ce6175f3ea6efeba20f82a07b1765c7bbec0c60c92e7812a.json,raw_reports/ransomware/c812d336befc1fa3ce6175f3ea6efeba20f82a07b1765c7bbec0c60c92e7812a.json,1115,15,1.0,24,0.021524663677130046,1.0,6,0,1.0
1795,c870c1260c0971b93525669fea8546b46ec996fa8790fae9713f7cb66c83570c,ransomware,Loki,2023,I386,1,7.398100893833,EXE,RanDS_Behaviour_Activity_Dataset/dataset/c8/c870c1260c0971b93525669fea8546b46ec996fa8790fae9713f7cb66c83570c.json,raw_reports/ransomware/c870c1260c0971b93525669fea8546b46ec996fa8790fae9713f7cb66c83570c.json,853,15,1.0,22,0.02579132473622509,1.0,4,0,1.0
1796,c8846304960a451a7b25b41886c816e5b5f4decfece3de1e76f40765df9432b7,ransomware,Marsilia,2023,I386,0,5.6730251672797,EXE,RanDS_Behaviour_Activity_Dataset/dataset/c8/c8846304960a451a7b25b41886c816e5b5f4decfece3de1e76f40765df9432b7.json,raw_reports/ransomware/c8846304960a451a7b25b41886c816e5b5f4decfece3de1e76f40765df9432b7.json,993,15,1.0,20,0.02014098690835851,1.0,5,0,1.0
1797,c8b9f0a469bd682725ef1503bf22fb7d59f08d2b1f2a713b2e1eeff1a342c675,ransomware,ConvAgent,2023,I386,1,7.2239233378348,EXE,RanDS_Behaviour_Activity_Dataset/dataset/c8/c8b9f0a469bd682725ef1503bf22fb7d59f08d2b1f2a713b2e1eeff1a342c675.json,raw_reports/ransomware/c8b9f0a469bd682725ef1503bf22fb7d59f08d2b1f2a713b2e1eeff1a342c675.json,128,11,1.0,7,0.0546875,0.8888888888888888,2,1,1.0
1798,c8d9a9758516d5a8936bd3bc01a9997fb677ed1dc54081caa985883935ff092b,ransomware,Phobos,2022,I386,1,7.0592270822726,EXE,RanDS_Behaviour_Activity_Dataset/dataset/c8/c8d9a9758516d5a8936bd3bc01a9997fb677ed1dc54081caa985883935ff092b.json,raw_reports/ransomware/c8d9a9758516d5a8936bd3bc01a9997fb677ed1dc54081caa985883935ff092b.json,1722,14,1.0,31,0.018002322880371662,1.0,8,0,1.0
1799,c925b4175f8bbb8626a1ea2369864912e701aff2307addfd195535f85a31785b,ransomware,LockBit,2023,I386,1,6.9848307788202,EXE,RanDS_Behaviour_Activity_Dataset/dataset/c9/c925b4175f8bbb8626a1ea2369864912e701aff2307addfd195535f85a31785b.json,raw_reports/ransomware/c925b4175f8bbb8626a1ea2369864912e701aff2307addfd195535f85a31785b.json,621,14,1.0,13,0.020933977455716585,1.0,4,0,1.0
1800,c926070e0daf649a551e540eaa57f16d4b44fc81c1800a9a22de6d415e63c10c,ransomware,Loki,2023,I386,1,7.0544823472121,EXE,RanDS_Behaviour_Activity_Dataset/dataset/c9/c926070e0daf649a551e540eaa57f16d4b44fc81c1800a9a22de6d415e63c10c.json,raw_reports/ransomware/c926070e0daf649a551e540eaa57f16d4b44fc81c1800a9a22de6d415e63c10c.json,84,13,1.0,10,0.11904761904761904,1.0,2,0,1.0
1801,c9e9f4d1945fc9cb9daf5b4a72032a00ba7040154e3fe44be5371fbb7da695ea,ransomware,CrypShed,2023,I386,1,7.799242240615,EXE,RanDS_Behaviour_Activity_Dataset/dataset/c9/c9e9f4d1945fc9cb9daf5b4a72032a00ba7040154e3fe44be5371fbb7da695ea.json,raw_reports/ransomware/c9e9f4d1945fc9cb9daf5b4a72032a00ba7040154e3fe44be5371fbb7da695ea.json,241,15,1.0,16,0.06639004149377593,1.0,2,0,1.0
1802,c9f7e2b26b3c7f17b5139e924a273930bd0b1d5f3b1fec76f19d4e6e4604694c,ransomware,MSILHeracles,2023,I386,0,3.1151155121393,EXE,RanDS_Behaviour_Activity_Dataset/dataset/c9/c9f7e2b26b3c7f17b5139e924a273930bd0b1d5f3b1fec76f19d4e6e4604694c.json,raw_reports/ransomware/c9f7e2b26b3c7f17b5139e924a273930bd0b1d5f3b1fec76f19d4e6e4604694c.json,1325,13,1.0,21,0.015849056603773583,1.0,5,0,1.0
1803,ca6ec95e35554a39ffb8cb132f253c56781a23c7618b08f9710ffa828e6817ef,ransomware,Loki,2023,I386,1,7.5307195160353,EXE,RanDS_Behaviour_Activity_Dataset/dataset/ca/ca6ec95e35554a39ffb8cb132f253c56781a23c7618b08f9710ffa828e6817ef.json,raw_reports/ransomware/ca6ec95e35554a39ffb8cb132f253c56781a23c7618b08f9710ffa828e6817ef.json,448,15,1.0,22,0.049107142857142856,1.0,5,0,1.0
1804,caefec94c0e5bb899a37db8b1f470453ce8ad2050ace464a3e9c16f801f99c94,ransomware,Zeppelin,2023,I386,1,6.6264140768125,EXE,RanDS_Behaviour_Activity_Dataset/dataset/ca/caefec94c0e5bb899a37db8b1f470453ce8ad2050ace464a3e9c16f801f99c94.json,raw_reports/ransomware/caefec94c0e5bb899a37db8b1f470453ce8ad2050ace464a3e9c16f801f99c94.json,317,14,1.0,23,0.07255520504731862,1.0,3,0,1.0
1805,cb1ca3f3d03dea830b1dba9444f6aa4d1345c42b16e0d624cbafd09103b220b6,ransomware,LockBit,2022,I386,1,6.9986296440656,EXE,RanDS_Behaviour_Activity_Dataset/dataset/cb/cb1ca3f3d03dea830b1dba9444f6aa4d1345c42b16e0d624cbafd09103b220b6.json,raw_reports/ransomware/cb1ca3f3d03dea830b1dba9444f6aa4d1345c42b16e0d624cbafd09103b220b6.json,945,14,1.0,43,0.0455026455026455,1.0,7,0,1.0
1806,cb82eb2cfc8e787914dfe92e161d309031f4d54aa7f01b1a9998383413e0bf7c,ransomware,GandCrab,2018,I386,0,6.4901477653905,EXE,RanDS_Behaviour_Activity_Dataset/dataset/cb/cb82eb2cfc8e787914dfe92e161d309031f4d54aa7f01b1a9998383413e0bf7c.json,raw_reports/ransomware/cb82eb2cfc8e787914dfe92e161d309031f4d54aa7f01b1a9998383413e0bf7c.json,791,13,1.0,6,0.007585335018963337,1.0,4,0,1.0
1807,cbef68f0196d1dd5d4226824593481affa8deacb3aa8f513cc46ce6b7079eea8,ransomware,Zeppelin,2022,I386,1,7.4656438722095,EXE,RanDS_Behaviour_Activity_Dataset/dataset/cb/cbef68f0196d1dd5d4226824593481affa8deacb3aa8f513cc46ce6b7079eea8.json,raw_reports/ransomware/cbef68f0196d1dd5d4226824593481affa8deacb3aa8f513cc46ce6b7079eea8.json,1296,14,1.0,26,0.020061728395061727,1.0,7,0,1.0
1808,cc2bef9329a741ecf4c4b92d6af68a78a7de8165b4876d598998abc6dd1a7903,ransomware,ConvAgent,2021,I386,1,6.9351881323805,EXE,RanDS_Behaviour_Activity_Dataset/dataset/cc/cc2bef9329a741ecf4c4b92d6af68a78a7de8165b4876d598998abc6dd1a7903.json,raw_reports/ransomware/cc2bef9329a741ecf4c4b92d6af68a78a7de8165b4876d598998abc6dd1a7903.json,2182,16,1.0,73,0.033455545371219066,1.0,6,0,1.0
1809,cc39541cad6c0d6e5212b0fb549880544658262af1e20e35bc8eb2a5fa327efc,ransomware,Loki,2022,I386,1,7.1608318003454,EXE,RanDS_Behaviour_Activity_Dataset/dataset/cc/cc39541cad6c0d6e5212b0fb549880544658262af1e20e35bc8eb2a5fa327efc.json,raw_reports/ransomware/cc39541cad6c0d6e5212b0fb549880544658262af1e20e35bc8eb2a5fa327efc.json,1258,14,1.0,26,0.02066772655007949,1.0,7,0,1.0
1810,cc455bbac9ab070aa72fb73ea9dea1215cae08f8d14fb45b9f86468e27a3a20b,ransomware,Loki,2022,I386,1,7.0869268590776,EXE,RanDS_Behaviour_Activity_Dataset/dataset/cc/cc455bbac9ab070aa72fb73ea9dea1215cae08f8d14fb45b9f86468e27a3a20b.json,raw_reports/ransomware/cc455bbac9ab070aa72fb73ea9dea1215cae08f8d14fb45b9f86468e27a3a20b.json,754,16,1.0,23,0.03050397877984085,1.0,7,0,1.0
1811,cc7e2217428f14e3a06133bdf794f3b6d0736d6903fb1baf9a475e346ae92525,ransomware,ConvAgent,2021,I386,0,5.8949972452333,EXE,RanDS_Behaviour_Activity_Dataset/dataset/cc/cc7e2217428f14e3a06133bdf794f3b6d0736d6903fb1baf9a475e346ae92525.json,raw_reports/ransomware/cc7e2217428f14e3a06133bdf794f3b6d0736d6903fb1baf9a475e346ae92525.json,1063,16,1.0,52,0.04891815616180621,1.0,6,0,1.0
1812,cd1e5d43202f27d75d48c1d6963ef572eb3321e1ca3d6510c6a999598db09a07,ransomware,STOP,2023,I386,1,7.3099765143418,EXE,RanDS_Behaviour_Activity_Dataset/dataset/cd/cd1e5d43202f27d75d48c1d6963ef572eb3321e1ca3d6510c6a999598db09a07.json,raw_reports/ransomware/cd1e5d43202f27d75d48c1d6963ef572eb3321e1ca3d6510c6a999598db09a07.json,1336,15,1.0,210,0.15718562874251496,1.0,5,0,1.0
1813,cd4c3c2bd35873b1645f1c991feb8c9bd6a0e920b64075114c26ea8e74a4c1c4,ransomware,Loki,2022,I386,1,7.342660836501,EXE,RanDS_Behaviour_Activity_Dataset/dataset/cd/cd4c3c2bd35873b1645f1c991feb8c9bd6a0e920b64075114c26ea8e74a4c1c4.json,raw_reports/ransomware/cd4c3c2bd35873b1645f1c991feb8c9bd6a0e920b64075114c26ea8e74a4c1c4.json,593,15,1.0,21,0.03541315345699832,1.0,6,0,1.0
1814,cd64f57bd9a9b878c59e49534efbea012d8ea2bf405c2550572b3bd2081635a7,ransomware,Loki,2022,I386,1,7.0156534617712,EXE,RanDS_Behaviour_Activity_Dataset/dataset/cd/cd64f57bd9a9b878c59e49534efbea012d8ea2bf405c2550572b3bd2081635a7.json,raw_reports/ransomware/cd64f57bd9a9b878c59e49534efbea012d8ea2bf405c2550572b3bd2081635a7.json,671,14,1.0,19,0.028315946348733235,1.0,7,0,1.0
1815,cdbe576f292ac04f3b0c033f2d20ebfdcabaf2088357941e494ef161e2f55b11,ransomware,Loki,2023,I386,1,7.8141996959072,EXE,RanDS_Behaviour_Activity_Dataset/dataset/cd/cdbe576f292ac04f3b0c033f2d20ebfdcabaf2088357941e494ef161e2f55b11.json,raw_reports/ransomware/cdbe576f292ac04f3b0c033f2d20ebfdcabaf2088357941e494ef161e2f55b11.json,865,15,1.0,17,0.019653179190751446,1.0,4,0,1.0
1816,ce28b5bb36eae2c073a5856951a22de3968efd713df1c4e373b1e16cfe5ae255,ransomware,AsyncRAT,2023,I386,1,7.9995457366056,EXE,RanDS_Behaviour_Activity_Dataset/dataset/ce/ce28b5bb36eae2c073a5856951a22de3968efd713df1c4e373b1e16cfe5ae255.json,raw_reports/ransomware/ce28b5bb36eae2c073a5856951a22de3968efd713df1c4e373b1e16cfe5ae255.json,1547,16,1.0,20,0.012928248222365869,1.0,7,0,1.0
1817,ce53630e164fefbd80810e812308044a6c6705ae6c797aa680c0952b1b28c15f,ransomware,STOP,2023,I386,1,7.41508730644,EXE,RanDS_Behaviour_Activity_Dataset/dataset/ce/ce53630e164fefbd80810e812308044a6c6705ae6c797aa680c0952b1b28c15f.json,raw_reports/ransomware/ce53630e164fefbd80810e812308044a6c6705ae6c797aa680c0952b1b28c15f.json,557,14,1.0,101,0.1813285457809695,1.0,5,0,1.0
1818,ce82d4823d35d70b941eed97aad3a8d3dd271a0f64963e3344d0efc7ab3ab298,ransomware,Loki,2022,I386,0,6.08557946319,EXE,RanDS_Behaviour_Activity_Dataset/dataset/ce/ce82d4823d35d70b941eed97aad3a8d3dd271a0f64963e3344d0efc7ab3ab298.json,raw_reports/ransomware/ce82d4823d35d70b941eed97aad3a8d3dd271a0f64963e3344d0efc7ab3ab298.json,511,14,1.0,17,0.033268101761252444,1.0,6,0,1.0
1819,cee8e6f12d51bfcb83ea14ff8e5b6f686213e6300b7f33901973cce3c90914a7,ransomware,STOP,2022,I386,0,6.3685473190241,EXE,RanDS_Behaviour_Activity_Dataset/dataset/ce/cee8e6f12d51bfcb83ea14ff8e5b6f686213e6300b7f33901973cce3c90914a7.json,raw_reports/ransomware/cee8e6f12d51bfcb83ea14ff8e5b6f686213e6300b7f33901973cce3c90914a7.json,262,13,1.0,15,0.05725190839694656,1.0,3,0,1.0
1820,ceeaf351408125592c58eb70508f0387f293210a0f8ce14cbbda70fd6ef2254c,ransomware,Loki,2022,I386,1,7.1378781895184,EXE,RanDS_Behaviour_Activity_Dataset/dataset/ce/ceeaf351408125592c58eb70508f0387f293210a0f8ce14cbbda70fd6ef2254c.json,raw_reports/ransomware/ceeaf351408125592c58eb70508f0387f293210a0f8ce14cbbda70fd6ef2254c.json,810,14,1.0,23,0.028395061728395062,1.0,6,0,1.0
1821,ceee4a6ad525c4f19fa728f00864cfae805a4e76d3c450679c2d0ff0161be253,ransomware,STOP,2023,I386,0,5.0746884333463,EXE,RanDS_Behaviour_Activity_Dataset/dataset/ce/ceee4a6ad525c4f19fa728f00864cfae805a4e76d3c450679c2d0ff0161be253.json,raw_reports/ransomware/ceee4a6ad525c4f19fa728f00864cfae805a4e76d3c450679c2d0ff0161be253.json,576,15,1.0,16,0.027777777777777776,1.0,5,0,1.0
1822,cf1c724aea4351db52502dc9a66c286b752d0a0424c5454631e9b8ca313c954f,ransomware,Medusa,2020,I386,0,4.9009117375125,EXE,RanDS_Behaviour_Activity_Dataset/dataset/cf/cf1c724aea4351db52502dc9a66c286b752d0a0424c5454631e9b8ca313c954f.json,raw_reports/ransomware/cf1c724aea4351db52502dc9a66c286b752d0a0424c5454631e9b8ca313c954f.json,139,8,1.0,0,0.0,0.6666666666666666,1,3,NA
1823,cf8d156365a4b9dc81ff3dd651a4b287f3513c4fc1784111eaf6bd13b2f3e91b,ransomware,Loki,2020,I386,1,7.8315213242043,EXE,RanDS_Behaviour_Activity_Dataset/dataset/cf/cf8d156365a4b9dc81ff3dd651a4b287f3513c4fc1784111eaf6bd13b2f3e91b.json,raw_reports/ransomware/cf8d156365a4b9dc81ff3dd651a4b287f3513c4fc1784111eaf6bd13b2f3e91b.json,785,12,1.0,1,0.0012738853503184713,1.0,4,0,1.0
1824,d04f18c2ac7d68f9edf2feff1b796a198de0c55977497b14d81f3a934d336ac2,ransomware,LockBit,2021,I386,1,7.4829389852107,EXE,RanDS_Behaviour_Activity_Dataset/dataset/d0/d04f18c2ac7d68f9edf2feff1b796a198de0c55977497b14d81f3a934d336ac2.json,raw_reports/ransomware/d04f18c2ac7d68f9edf2feff1b796a198de0c55977497b14d81f3a934d336ac2.json,615,14,1.0,43,0.06991869918699187,1.0,4,0,1.0
1825,d06b1e61f4dd076578a7ebff475aacb485b481b5617462bdabf7b0a583028dae,ransomware,Reveton,2014,I386,0,5.6885129299184,DLL,RanDS_Behaviour_Activity_Dataset/dataset/d0/d06b1e61f4dd076578a7ebff475aacb485b481b5617462bdabf7b0a583028dae.json,raw_reports/ransomware/d06b1e61f4dd076578a7ebff475aacb485b481b5617462bdabf7b0a583028dae.json,24,6,0.75,9,0.375,0.8888888888888888,4,1,1.0
1826,d0a83ca94c696a2b4015438fb0c0d2317af203afabd2750c8def9dd27bce372b,ransomware,Ursu,2016,I386,0,6.1699950905659,EXE,RanDS_Behaviour_Activity_Dataset/dataset/d0/d0a83ca94c696a2b4015438fb0c0d2317af203afabd2750c8def9dd27bce372b.json,raw_reports/ransomware/d0a83ca94c696a2b4015438fb0c0d2317af203afabd2750c8def9dd27bce372b.json,77,6,0.75,0,0.0,0.1111111111111111,1,8,NA
1827,d0bbf51d9dc7100fb76b837b5e5ffe89b767351518e76a64fa2748463a1c89e6,ransomware,Loki,2023,I386,1,7.6289853170414,EXE,RanDS_Behaviour_Activity_Dataset/dataset/d0/d0bbf51d9dc7100fb76b837b5e5ffe89b767351518e76a64fa2748463a1c89e6.json,raw_reports/ransomware/d0bbf51d9dc7100fb76b837b5e5ffe89b767351518e76a64fa2748463a1c89e6.json,681,15,1.0,27,0.039647577092511016,1.0,7,0,1.0
1828,d1a8c50ee845f68d1f95655dfe6e2ed99177676579f03bac39128352a5fba01a,ransomware,Xorist,2009,I386,0,3.5733990791422,EXE,RanDS_Behaviour_Activity_Dataset/dataset/d1/d1a8c50ee845f68d1f95655dfe6e2ed99177676579f03bac39128352a5fba01a.json,raw_reports/ransomware/d1a8c50ee845f68d1f95655dfe6e2ed99177676579f03bac39128352a5fba01a.json,2185,15,1.0,9,0.004118993135011442,1.0,6,0,1.0
1829,d29080809ab1fb959dbab1a1168e9b136aece03c7f91f071f7283aaa445e7eec,ransomware,Conti,2023,I386,0,6.3508212182027,EXE,RanDS_Behaviour_Activity_Dataset/dataset/d2/d29080809ab1fb959dbab1a1168e9b136aece03c7f91f071f7283aaa445e7eec.json,raw_reports/ransomware/d29080809ab1fb959dbab1a1168e9b136aece03c7f91f071f7283aaa445e7eec.json,1047,15,1.0,45,0.04297994269340974,1.0,8,0,1.0
1830,d35afbada1b1ae2f895e400e0a8cf05836b4ac916c4f1a781930a9324bfc37c0,ransomware,STOP,2023,I386,1,7.6309565829827,EXE,RanDS_Behaviour_Activity_Dataset/dataset/d3/d35afbada1b1ae2f895e400e0a8cf05836b4ac916c4f1a781930a9324bfc37c0.json,raw_reports/ransomware/d35afbada1b1ae2f895e400e0a8cf05836b4ac916c4f1a781930a9324bfc37c0.json,1544,15,1.0,122,0.07901554404145078,1.0,6,0,1.0
1831,d38878700256a6e61febd26b734b6b41fdf77a555a78354562e8390c0fbb2bf9,ransomware,EEIA,2020,Amd64,1,7.9160859586425,EXE,RanDS_Behaviour_Activity_Dataset/dataset/d3/d38878700256a6e61febd26b734b6b41fdf77a555a78354562e8390c0fbb2bf9.json,raw_reports/ransomware/d38878700256a6e61febd26b734b6b41fdf77a555a78354562e8390c0fbb2bf9.json,644,12,1.0,5,0.007763975155279503,1.0,4,0,1.0
1832,d47c8ba828cb3c52a859e80ea08a306dcbe0c75d957c1809580d08e37c6407a7,ransomware,Loki,2023,I386,1,7.8696155103287,EXE,RanDS_Behaviour_Activity_Dataset/dataset/d4/d47c8ba828cb3c52a859e80ea08a306dcbe0c75d957c1809580d08e37c6407a7.json,raw_reports/ransomware/d47c8ba828cb3c52a859e80ea08a306dcbe0c75d957c1809580d08e37c6407a7.json,809,11,1.0,11,0.013597033374536464,1.0,4,0,1.0
1833,d51b7a58525789f5d7a0eed7ae9aba9e8c146f741f36289f805b2e00fa09ea54,ransomware,Loki,2023,I386,1,7.6292626812162,EXE,RanDS_Behaviour_Activity_Dataset/dataset/d5/d51b7a58525789f5d7a0eed7ae9aba9e8c146f741f36289f805b2e00fa09ea54.json,raw_reports/ransomware/d51b7a58525789f5d7a0eed7ae9aba9e8c146f741f36289f805b2e00fa09ea54.json,1081,15,1.0,21,0.01942645698427382,1.0,4,0,1.0
1834,d54151c230934c4d85c69c1b0e9f8dacd60104fde0d2036a7752f49293d25c5b,ransomware,Loki,2023,I386,1,7.7115312905996,EXE,RanDS_Behaviour_Activity_Dataset/dataset/d5/d54151c230934c4d85c69c1b0e9f8dacd60104fde0d2036a7752f49293d25c5b.json,raw_reports/ransomware/d54151c230934c4d85c69c1b0e9f8dacd60104fde0d2036a7752f49293d25c5b.json,1049,15,1.0,19,0.01811248808388942,1.0,4,0,1.0
1835,d55ed6edc1d88b77349bc30c36e8796e0fd1495f36b565c9300dff667860ce44,ransomware,Loki,2023,I386,1,7.6215431793389,EXE,RanDS_Behaviour_Activity_Dataset/dataset/d5/d55ed6edc1d88b77349bc30c36e8796e0fd1495f36b565c9300dff667860ce44.json,raw_reports/ransomware/d55ed6edc1d88b77349bc30c36e8796e0fd1495f36b565c9300dff667860ce44.json,408,14,1.0,13,0.031862745098039214,1.0,3,0,1.0
1836,d5d20876298dde3e49b0284b29f04b45d96f1d23b3a143aa1e22dfffaf8ad26c,ransomware,STOP,2022,I386,0,6.0365601027122,EXE,RanDS_Behaviour_Activity_Dataset/dataset/d5/d5d20876298dde3e49b0284b29f04b45d96f1d23b3a143aa1e22dfffaf8ad26c.json,raw_reports/ransomware/d5d20876298dde3e49b0284b29f04b45d96f1d23b3a143aa1e22dfffaf8ad26c.json,1263,15,1.0,52,0.04117181314330958,1.0,5,0,1.0
1837,d5ec257877161b57d63b21d23e5355d2fad6f2c2cea1fd16639ed5c71d2468f5,ransomware,Loki,2022,I386,1,6.7107180225898,EXE,RanDS_Behaviour_Activity_Dataset/dataset/d5/d5ec257877161b57d63b21d23e5355d2fad6f2c2cea1fd16639ed5c71d2468f5.json,raw_reports/ransomware/d5ec257877161b57d63b21d23e5355d2fad6f2c2cea1fd16639ed5c71d2468f5.json,853,13,1.0,15,0.017584994138335287,1.0,7,0,1.0
1838,d5ed9504812940d2447bb851ae8bb2467a1578b4554b52bac7654ca62d9e04c1,ransomware,Loki,2023,I386,1,7.6280855888491,EXE,RanDS_Behaviour_Activity_Dataset/dataset/d5/d5ed9504812940d2447bb851ae8bb2467a1578b4554b52bac7654ca62d9e04c1.json,raw_reports/ransomware/d5ed9504812940d2447bb851ae8bb2467a1578b4554b52bac7654ca62d9e04c1.json,805,14,1.0,38,0.04720496894409938,1.0,5,0,1.0
1839,d605e810b66784e82e04bb9fe371c85e090f0dd49fc1eeac56f3d88bea6799a0,ransomware,Loki,2023,I386,0,6.374678033252,EXE,RanDS_Behaviour_Activity_Dataset/dataset/d6/d605e810b66784e82e04bb9fe371c85e090f0dd49fc1eeac56f3d88bea6799a0.json,raw_reports/ransomware/d605e810b66784e82e04bb9fe371c85e090f0dd49fc1eeac56f3d88bea6799a0.json,524,15,1.0,17,0.03244274809160305,1.0,4,0,1.0
1840,d632ab7152824714b8cc8e02f712512efd4940858bbd21c98a17f36caccc111c,ransomware,Loki,2022,I386,1,7.9383421770942,EXE,RanDS_Behaviour_Activity_Dataset/dataset/d6/d632ab7152824714b8cc8e02f712512efd4940858bbd21c98a17f36caccc111c.json,raw_reports/ransomware/d632ab7152824714b8cc8e02f712512efd4940858bbd21c98a17f36caccc111c.json,687,15,1.0,14,0.020378457059679767,1.0,4,0,1.0
1841,d6bc2b0f5899b66f3e21c6f8616c02aa218b6fbf292e9131da0414badacfe62e,ransomware,STOP,2023,I386,1,7.0987143283122,EXE,RanDS_Behaviour_Activity_Dataset/dataset/d6/d6bc2b0f5899b66f3e21c6f8616c02aa218b6fbf292e9131da0414badacfe62e.json,raw_reports/ransomware/d6bc2b0f5899b66f3e21c6f8616c02aa218b6fbf292e9131da0414badacfe62e.json,1109,16,1.0,48,0.04328223624887286,1.0,6,0,1.0
1842,d7573284c29cf5f68bb64860f1be0a696c852678fac36f176fd88f555ed853f2,ransomware,Conti,2023,I386,0,6.3477551088568,EXE,RanDS_Behaviour_Activity_Dataset/dataset/d7/d7573284c29cf5f68bb64860f1be0a696c852678fac36f176fd88f555ed853f2.json,raw_reports/ransomware/d7573284c29cf5f68bb64860f1be0a696c852678fac36f176fd88f555ed853f2.json,1224,13,1.0,25,0.02042483660130719,1.0,8,0,1.0
1843,d7980c1e8ee9c38009cacdbc00f12940564aa7b33bc35ccc67510aeb57b75e2e,ransomware,Loki,2020,I386,1,7.4625432652239,EXE,RanDS_Behaviour_Activity_Dataset/dataset/d7/d7980c1e8ee9c38009cacdbc00f12940564aa7b33bc35ccc67510aeb57b75e2e.json,raw_reports/ransomware/d7980c1e8ee9c38009cacdbc00f12940564aa7b33bc35ccc67510aeb57b75e2e.json,817,13,1.0,13,0.01591187270501836,1.0,5,0,1.0
1844,d7c413a17b18a3ce5b4fbc679ea4f141a31b77f4c13962bc7ad4f80a4df03cd9,ransomware,Loki,2020,I386,1,7.7297313297434,EXE,RanDS_Behaviour_Activity_Dataset/dataset/d7/d7c413a17b18a3ce5b4fbc679ea4f141a31b77f4c13962bc7ad4f80a4df03cd9.json,raw_reports/ransomware/d7c413a17b18a3ce5b4fbc679ea4f141a31b77f4c13962bc7ad4f80a4df03cd9.json,356,13,1.0,34,0.09550561797752809,1.0,4,0,1.0
1845,d7ce5c446babcebb082adc57a95ee0987e64f30abce2c258cf8d1469186df3d9,ransomware,ConvAgent,2022,I386,1,6.8235304236986,EXE,RanDS_Behaviour_Activity_Dataset/dataset/d7/d7ce5c446babcebb082adc57a95ee0987e64f30abce2c258cf8d1469186df3d9.json,raw_reports/ransomware/d7ce5c446babcebb082adc57a95ee0987e64f30abce2c258cf8d1469186df3d9.json,91,13,1.0,24,0.26373626373626374,1.0,3,0,1.0
1846,d86748932f9cb3a50dff01edf92e500ada10750630e29ad61c55df9c247bf292,ransomware,Mallox,2023,I386,0,6.1621196352863,EXE,RanDS_Behaviour_Activity_Dataset/dataset/d8/d86748932f9cb3a50dff01edf92e500ada10750630e29ad61c55df9c247bf292.json,raw_reports/ransomware/d86748932f9cb3a50dff01edf92e500ada10750630e29ad61c55df9c247bf292.json,674,14,1.0,26,0.03857566765578635,1.0,4,0,1.0
1847,d89d155e9f165274747e649631b9e174b842a8d2eb5d6629a130cb00aac1727f,ransomware,EEIA,2020,Amd64,1,7.9156162805652,EXE,RanDS_Behaviour_Activity_Dataset/dataset/d8/d89d155e9f165274747e649631b9e174b842a8d2eb5d6629a130cb00aac1727f.json,raw_reports/ransomware/d89d155e9f165274747e649631b9e174b842a8d2eb5d6629a130cb00aac1727f.json,689,13,1.0,8,0.011611030478955007,1.0,4,0,1.0
1848,d9120b7128669cadb3d5352dbec578f94f34108ca6b317d00aec52411fc45a42,ransomware,STOP,2023,I386,1,6.7169270992059,EXE,RanDS_Behaviour_Activity_Dataset/dataset/d9/d9120b7128669cadb3d5352dbec578f94f34108ca6b317d00aec52411fc45a42.json,raw_reports/ransomware/d9120b7128669cadb3d5352dbec578f94f34108ca6b317d00aec52411fc45a42.json,544,15,1.0,19,0.034926470588235295,1.0,5,0,1.0
1849,d943f08a35dc06253557151dbff927a9eb4c26f425d328cf612cb7e5211c3822,ransomware,Loki,2022,I386,0,4.7661741020206,EXE,RanDS_Behaviour_Activity_Dataset/dataset/d9/d943f08a35dc06253557151dbff927a9eb4c26f425d328cf612cb7e5211c3822.json,raw_reports/ransomware/d943f08a35dc06253557151dbff927a9eb4c26f425d328cf612cb7e5211c3822.json,445,14,1.0,14,0.03146067415730337,1.0,3,0,1.0
1850,d96270f6bb0efd49003e83412063f8d86b98fa72093d37a3d5c641350d77b85a,ransomware,Loki,2022,I386,1,7.9217849288304,EXE,RanDS_Behaviour_Activity_Dataset/dataset/d9/d96270f6bb0efd49003e83412063f8d86b98fa72093d37a3d5c641350d77b85a.json,raw_reports/ransomware/d96270f6bb0efd49003e83412063f8d86b98fa72093d37a3d5c641350d77b85a.json,806,13,1.0,27,0.033498759305210915,1.0,7,0,1.0
1851,d999ea24a63d51de747956882700b282102765b563c8b477a038e3ec17a31679,ransomware,STOP,2022,I386,0,4.8004014169304,EXE,RanDS_Behaviour_Activity_Dataset/dataset/d9/d999ea24a63d51de747956882700b282102765b563c8b477a038e3ec17a31679.json,raw_reports/ransomware/d999ea24a63d51de747956882700b282102765b563c8b477a038e3ec17a31679.json,715,15,1.0,42,0.05874125874125874,1.0,9,0,1.0
1852,dab763da8a7566dbb511cbc13d9a0b4698719af94a5cd70cf027601edda87364,ransomware,GandCrab,2021,I386,0,6.479430857012,EXE,RanDS_Behaviour_Activity_Dataset/dataset/da/dab763da8a7566dbb511cbc13d9a0b4698719af94a5cd70cf027601edda87364.json,raw_reports/ransomware/dab763da8a7566dbb511cbc13d9a0b4698719af94a5cd70cf027601edda87364.json,1217,11,1.0,3,0.0024650780608052587,0.8888888888888888,3,1,1.0
1853,dadbdeb239152d48606a9245e37e341293f8dc21497b1f7f49faf7047b7d45c1,ransomware,Loki,2023,I386,1,6.7778165511876,EXE,RanDS_Behaviour_Activity_Dataset/dataset/da/dadbdeb239152d48606a9245e37e341293f8dc21497b1f7f49faf7047b7d45c1.json,raw_reports/ransomware/dadbdeb239152d48606a9245e37e341293f8dc21497b1f7f49faf7047b7d45c1.json,37,10,1.0,8,0.21621621621621623,0.7777777777777778,1,2,1.0
1854,db182e4d02790fa627a9d62e3b9439203d2dd5c88c44a5355a7681b7defe24da,ransomware,Loki,2023,I386,1,7.7755240704744,EXE,RanDS_Behaviour_Activity_Dataset/dataset/db/db182e4d02790fa627a9d62e3b9439203d2dd5c88c44a5355a7681b7defe24da.json,raw_reports/ransomware/db182e4d02790fa627a9d62e3b9439203d2dd5c88c44a5355a7681b7defe24da.json,859,15,1.0,21,0.024447031431897557,1.0,4,0,1.0
1855,db31b33ef9ba03ebc8ad2ff4fe5ab3fb5934d92a26c2b512e784bfc34c3effc2,ransomware,STOP,2022,I386,1,7.393851362094,EXE,RanDS_Behaviour_Activity_Dataset/dataset/db/db31b33ef9ba03ebc8ad2ff4fe5ab3fb5934d92a26c2b512e784bfc34c3effc2.json,raw_reports/ransomware/db31b33ef9ba03ebc8ad2ff4fe5ab3fb5934d92a26c2b512e784bfc34c3effc2.json,1563,16,1.0,81,0.05182341650671785,1.0,6,0,1.0
1856,db8eae6ede6a43fac5b49d89810a2e17c3e2c0d78c6487af3b6532e4a32779ce,ransomware,Loki,2023,I386,1,7.377570723984,EXE,RanDS_Behaviour_Activity_Dataset/dataset/db/db8eae6ede6a43fac5b49d89810a2e17c3e2c0d78c6487af3b6532e4a32779ce.json,raw_reports/ransomware/db8eae6ede6a43fac5b49d89810a2e17c3e2c0d78c6487af3b6532e4a32779ce.json,968,16,1.0,18,0.01859504132231405,1.0,6,0,1.0
1857,dc09ed4ade0b108f9774523d064a9a074f46248f1fd42651ba6fb17820e6a417,ransomware,Loki,2024,I386,0,6.274724818895,EXE,RanDS_Behaviour_Activity_Dataset/dataset/dc/dc09ed4ade0b108f9774523d064a9a074f46248f1fd42651ba6fb17820e6a417.json,raw_reports/ransomware/dc09ed4ade0b108f9774523d064a9a074f46248f1fd42651ba6fb17820e6a417.json,1129,14,1.0,145,0.12843224092116917,1.0,7,0,1.0
1858,dc2196428e0069efb0bad5103944ead8a87d9c0e89026acdbaf864b31e21cf8a,ransomware,STOP,2023,I386,1,6.5640343569957,EXE,RanDS_Behaviour_Activity_Dataset/dataset/dc/dc2196428e0069efb0bad5103944ead8a87d9c0e89026acdbaf864b31e21cf8a.json,raw_reports/ransomware/dc2196428e0069efb0bad5103944ead8a87d9c0e89026acdbaf864b31e21cf8a.json,614,14,1.0,33,0.05374592833876222,1.0,5,0,1.0
1859,dc3273714826a414d720a8f89438add8b89e8c24fd938ce902ac03b573d9d69d,ransomware,Xorist,2012,I386,1,6.5062524416098,EXE,RanDS_Behaviour_Activity_Dataset/dataset/dc/dc3273714826a414d720a8f89438add8b89e8c24fd938ce902ac03b573d9d69d.json,raw_reports/ransomware/dc3273714826a414d720a8f89438add8b89e8c24fd938ce902ac03b573d9d69d.json,61,5,0.625,0,0.0,0.1111111111111111,1,8,NA
1860,dc63baabd84deecd8eea558f7998ad10e22551ec39103bf02d4ae040c6c5d30f,ransomware,STOP,2023,I386,1,7.6650745786908,EXE,RanDS_Behaviour_Activity_Dataset/dataset/dc/dc63baabd84deecd8eea558f7998ad10e22551ec39103bf02d4ae040c6c5d30f.json,raw_reports/ransomware/dc63baabd84deecd8eea558f7998ad10e22551ec39103bf02d4ae040c6c5d30f.json,1226,15,1.0,140,0.11419249592169657,1.0,5,0,1.0
1861,dc6b80f55d8c97e740fd1a4f8d9c9a57501203e41cc7039dd1b9e89953cb05c2,ransomware,LockBit,2024,I386,0,6.4543431567253,EXE,RanDS_Behaviour_Activity_Dataset/dataset/dc/dc6b80f55d8c97e740fd1a4f8d9c9a57501203e41cc7039dd1b9e89953cb05c2.json,raw_reports/ransomware/dc6b80f55d8c97e740fd1a4f8d9c9a57501203e41cc7039dd1b9e89953cb05c2.json,359,13,1.0,18,0.05013927576601671,1.0,3,0,1.0
1862,dcaf57e3527a5f374f1e4ae9dd5056e74eea93de0c5f5410fd94f5d7e360d3c7,ransomware,LockBit,2022,I386,1,6.981442245926,EXE,RanDS_Behaviour_Activity_Dataset/dataset/dc/dcaf57e3527a5f374f1e4ae9dd5056e74eea93de0c5f5410fd94f5d7e360d3c7.json,raw_reports/ransomware/dcaf57e3527a5f374f1e4ae9dd5056e74eea93de0c5f5410fd94f5d7e360d3c7.json,1118,14,1.0,24,0.02146690518783542,1.0,7,0,1.0
1863,dcd68b47c9f98cde982318d889dbfdaadec966651f957410075bb8b413a811fa,ransomware,Sodinokibi,2020,I386,1,7.2850406331861,DLL,RanDS_Behaviour_Activity_Dataset/dataset/dc/dcd68b47c9f98cde982318d889dbfdaadec966651f957410075bb8b413a811fa.json,raw_reports/ransomware/dcd68b47c9f98cde982318d889dbfdaadec966651f957410075bb8b413a811fa.json,45,8,1.0,0,0.0,0.7777777777777778,3,2,1.0
1864,dcddaac9bbbbee2fa3285cb9f35f28a692ede37bd4b9e5b1da18be5b1b8ab10e,ransomware,ConvAgent,2023,I386,1,6.6515964198709,EXE,RanDS_Behaviour_Activity_Dataset/dataset/dc/dcddaac9bbbbee2fa3285cb9f35f28a692ede37bd4b9e5b1da18be5b1b8ab10e.json,raw_reports/ransomware/dcddaac9bbbbee2fa3285cb9f35f28a692ede37bd4b9e5b1da18be5b1b8ab10e.json,601,15,1.0,18,0.029950083194675542,1.0,4,0,1.0
1865,dd53d18a4c884dba2710a5a6803e7d262e19ea2483ac526d5cca087edb318098,ransomware,Petya,2023,I386,1,7.9299893849417,EXE,RanDS_Behaviour_Activity_Dataset/dataset/dd/dd53d18a4c884dba2710a5a6803e7d262e19ea2483ac526d5cca087edb318098.json,raw_reports/ransomware/dd53d18a4c884dba2710a5a6803e7d262e19ea2483ac526d5cca087edb318098.json,780,16,1.0,60,0.07692307692307693,1.0,5,0,1.0
1866,dd7a49a716398f0f8f87ebf46d6065341f6d48dc8c5861920a8783aac662b972,ransomware,Loki,2019,I386,0,2.7899818433363,EXE,RanDS_Behaviour_Activity_Dataset/dataset/dd/dd7a49a716398f0f8f87ebf46d6065341f6d48dc8c5861920a8783aac662b972.json,raw_reports/ransomware/dd7a49a716398f0f8f87ebf46d6065341f6d48dc8c5861920a8783aac662b972.json,618,15,1.0,15,0.024271844660194174,1.0,6,0,1.0
1867,ddfc0507ced17d04d1c63ad261716af41bb49b0699ad2b59ed4699fc689503ed,ransomware,Loki,2023,I386,1,7.6241317951273,EXE,RanDS_Behaviour_Activity_Dataset/dataset/dd/ddfc0507ced17d04d1c63ad261716af41bb49b0699ad2b59ed4699fc689503ed.json,raw_reports/ransomware/ddfc0507ced17d04d1c63ad261716af41bb49b0699ad2b59ed4699fc689503ed.json,653,13,1.0,14,0.021439509954058193,1.0,4,0,1.0
1868,debcf6875b244e45fe0c79c6e076af1994b09426048c22118791df5fb466a949,ransomware,LockBit,2022,I386,1,7.0362489131853,EXE,RanDS_Behaviour_Activity_Dataset/dataset/de/debcf6875b244e45fe0c79c6e076af1994b09426048c22118791df5fb466a949.json,raw_reports/ransomware/debcf6875b244e45fe0c79c6e076af1994b09426048c22118791df5fb466a949.json,499,15,1.0,25,0.050100200400801605,1.0,6,0,1.0
1869,deeac2896e04b64a94004463b2332f27d9d96fae2c1c1179d54e492d715ce66a,ransomware,ConvAgent,2022,I386,0,6.2535452499911,EXE,RanDS_Behaviour_Activity_Dataset/dataset/de/deeac2896e04b64a94004463b2332f27d9d96fae2c1c1179d54e492d715ce66a.json,raw_reports/ransomware/deeac2896e04b64a94004463b2332f27d9d96fae2c1c1179d54e492d715ce66a.json,538,14,1.0,14,0.026022304832713755,1.0,4,0,1.0
1870,dfc36d4ddb287ef4480e9dbe251ff8af0788d717a15d3ca0b291e428e782bdfc,ransomware,Zeppelin,2022,I386,1,6.9432134389523,EXE,RanDS_Behaviour_Activity_Dataset/dataset/df/dfc36d4ddb287ef4480e9dbe251ff8af0788d717a15d3ca0b291e428e782bdfc.json,raw_reports/ransomware/dfc36d4ddb287ef4480e9dbe251ff8af0788d717a15d3ca0b291e428e782bdfc.json,114,7,0.875,21,0.18421052631578946,0.8888888888888888,3,1,1.0
1871,dff610d1e149c13ed0668d4802c1f876650383dc1777db71201c9e7ae57e1197,ransomware,Loki,2023,I386,1,7.6412722038136,EXE,RanDS_Behaviour_Activity_Dataset/dataset/df/dff610d1e149c13ed0668d4802c1f876650383dc1777db71201c9e7ae57e1197.json,raw_reports/ransomware/dff610d1e149c13ed0668d4802c1f876650383dc1777db71201c9e7ae57e1197.json,840,14,1.0,11,0.013095238095238096,1.0,4,0,1.0
1872,dffb7537e5135064dfc4af9a75b40cc231530b1bcbf78b86e2537aaf14293dbe,ransomware,Loki,2022,I386,1,6.9926957665049,EXE,RanDS_Behaviour_Activity_Dataset/dataset/df/dffb7537e5135064dfc4af9a75b40cc231530b1bcbf78b86e2537aaf14293dbe.json,raw_reports/ransomware/dffb7537e5135064dfc4af9a75b40cc231530b1bcbf78b86e2537aaf14293dbe.json,99,13,1.0,17,0.1717171717171717,1.0,3,0,1.0
1873,e01332a4fe4dccce77e4549ec280426162dc150181afb0529bd1fb405daa2bd8,ransomware,Blocker,2023,I386,0,6.0594035205446,EXE,RanDS_Behaviour_Activity_Dataset/dataset/e0/e01332a4fe4dccce77e4549ec280426162dc150181afb0529bd1fb405daa2bd8.json,raw_reports/ransomware/e01332a4fe4dccce77e4549ec280426162dc150181afb0529bd1fb405daa2bd8.json,921,14,1.0,30,0.03257328990228013,1.0,6,0,1.0
1874,e0c0a69f8f756b3ab1bc1bf2f5537dbb36a4057f5b1672729cd320d7ac343d62,ransomware,Blocker,2024,Amd64,0,4.4886372562405,EXE,RanDS_Behaviour_Activity_Dataset/dataset/e0/e0c0a69f8f756b3ab1bc1bf2f5537dbb36a4057f5b1672729cd320d7ac343d62.json,raw_reports/ransomware/e0c0a69f8f756b3ab1bc1bf2f5537dbb36a4057f5b1672729cd320d7ac343d62.json,1396,14,1.0,29,0.020773638968481375,1.0,8,0,1.0
1875,e0deee05d04b88fc36ba27ae150339d4e3c2a1c7a11ff38918f2e0cebe3cc41a,ransomware,Loki,2022,I386,1,7.880615565351,EXE,RanDS_Behaviour_Activity_Dataset/dataset/e0/e0deee05d04b88fc36ba27ae150339d4e3c2a1c7a11ff38918f2e0cebe3cc41a.json,raw_reports/ransomware/e0deee05d04b88fc36ba27ae150339d4e3c2a1c7a11ff38918f2e0cebe3cc41a.json,1195,16,1.0,41,0.03430962343096234,1.0,5,0,1.0
1876,e0edd00203acc80dfeb3121dfe150c1fa5cbc6341b3cdeb1e8271adbc9d7be5c,ransomware,GandCrab,2021,I386,0,6.4216056680374,EXE,RanDS_Behaviour_Activity_Dataset/dataset/e0/e0edd00203acc80dfeb3121dfe150c1fa5cbc6341b3cdeb1e8271adbc9d7be5c.json,raw_reports/ransomware/e0edd00203acc80dfeb3121dfe150c1fa5cbc6341b3cdeb1e8271adbc9d7be5c.json,360,14,1.0,5,0.013888888888888888,1.0,4,0,1.0
1877,e0fdf86fc02f69f4c0f9717f216bfc704a07926df45ac979e7aaf4bfa44f69f2,ransomware,Loki,2021,I386,0,5.1963222927278,EXE,RanDS_Behaviour_Activity_Dataset/dataset/e0/e0fdf86fc02f69f4c0f9717f216bfc704a07926df45ac979e7aaf4bfa44f69f2.json,raw_reports/ransomware/e0fdf86fc02f69f4c0f9717f216bfc704a07926df45ac979e7aaf4bfa44f69f2.json,1160,16,1.0,47,0.04051724137931034,1.0,7,0,1.0
1878,e131950a925158b637f77523a77a2c5566f5b4b102a84a703b979b603e199ce4,ransomware,Prometheus,2024,I386,1,6.8855876785416,EXE,RanDS_Behaviour_Activity_Dataset/dataset/e1/e131950a925158b637f77523a77a2c5566f5b4b102a84a703b979b603e199ce4.json,raw_reports/ransomware/e131950a925158b637f77523a77a2c5566f5b4b102a84a703b979b603e199ce4.json,1130,15,1.0,8,0.007079646017699115,1.0,9,0,1.0
1879,e15f9f1f3757325a4af0c327a602598d1f52fbaee85a0a1e370b7437ac3e9ebf,ransomware,Loki,2023,I386,1,7.7560525364123,EXE,RanDS_Behaviour_Activity_Dataset/dataset/e1/e15f9f1f3757325a4af0c327a602598d1f52fbaee85a0a1e370b7437ac3e9ebf.json,raw_reports/ransomware/e15f9f1f3757325a4af0c327a602598d1f52fbaee85a0a1e370b7437ac3e9ebf.json,834,15,1.0,22,0.026378896882494004,1.0,6,0,1.0
1880,e1c6326177f63eb9ab106f40e440aa2b807596d91f7fd74a44a532521a127280,ransomware,LockBit,2023,I386,1,7.0440845595153,EXE,RanDS_Behaviour_Activity_Dataset/dataset/e1/e1c6326177f63eb9ab106f40e440aa2b807596d91f7fd74a44a532521a127280.json,raw_reports/ransomware/e1c6326177f63eb9ab106f40e440aa2b807596d91f7fd74a44a532521a127280.json,292,13,1.0,15,0.05136986301369863,1.0,4,0,1.0
1881,e254f675a862686022256d39d8d1c91b2731d4776f674d6a353f59fa4358f1a2,ransomware,LockBit,2023,I386,0,6.3274351767342,EXE,RanDS_Behaviour_Activity_Dataset/dataset/e2/e254f675a862686022256d39d8d1c91b2731d4776f674d6a353f59fa4358f1a2.json,raw_reports/ransomware/e254f675a862686022256d39d8d1c91b2731d4776f674d6a353f59fa4358f1a2.json,129,13,1.0,18,0.13953488372093023,1.0,2,0,1.0
1882,e2692d8654379888f957c8c1c53f1835bc72901f95b224aa1a8cd441e5920b68,ransomware,Prometheus,2023,I386,1,7.4629391556468,EXE,RanDS_Behaviour_Activity_Dataset/dataset/e2/e2692d8654379888f957c8c1c53f1835bc72901f95b224aa1a8cd441e5920b68.json,raw_reports/ransomware/e2692d8654379888f957c8c1c53f1835bc72901f95b224aa1a8cd441e5920b68.json,623,15,1.0,12,0.019261637239165328,1.0,8,0,1.0
1883,e302530e680780414528ef634f5e9c258ddcedbca098eb079be321650441b1f8,ransomware,STOP,2022,I386,1,6.5905492714258,EXE,RanDS_Behaviour_Activity_Dataset/dataset/e3/e302530e680780414528ef634f5e9c258ddcedbca098eb079be321650441b1f8.json,raw_reports/ransomware/e302530e680780414528ef634f5e9c258ddcedbca098eb079be321650441b1f8.json,505,14,1.0,18,0.03564356435643564,1.0,4,0,1.0
1884,e3a31e3c8d9b67fb180772b26ca45331b1cc3089ce92c7f82812e62acdc6514b,ransomware,Loki,2011,I386,0,6.1649838460912,EXE,RanDS_Behaviour_Activity_Dataset/dataset/e3/e3a31e3c8d9b67fb180772b26ca45331b1cc3089ce92c7f82812e62acdc6514b.json,raw_reports/ransomware/e3a31e3c8d9b67fb180772b26ca45331b1cc3089ce92c7f82812e62acdc6514b.json,268,14,1.0,15,0.055970149253731345,1.0,5,0,1.0
1885,e3e37c5cf4b43ea92fd71e08edc38bcfe6fe33f283f62aa5632113c444a71b00,ransomware,Sodinokibi,2020,I386,1,6.6207458966115,DLL,RanDS_Behaviour_Activity_Dataset/dataset/e3/e3e37c5cf4b43ea92fd71e08edc38bcfe6fe33f283f62aa5632113c444a71b00.json,raw_reports/ransomware/e3e37c5cf4b43ea92fd71e08edc38bcfe6fe33f283f62aa5632113c444a71b00.json,1320,13,1.0,108,0.08181818181818182,1.0,5,0,1.0
1886,e4169cdd8170b82e2d75f368a8740561a533b047de2f4219147453279f176e4b,ransomware,LockBit,2023,I386,1,6.7955576161039,EXE,RanDS_Behaviour_Activity_Dataset/dataset/e4/e4169cdd8170b82e2d75f368a8740561a533b047de2f4219147453279f176e4b.json,raw_reports/ransomware/e4169cdd8170b82e2d75f368a8740561a533b047de2f4219147453279f176e4b.json,352,15,1.0,16,0.045454545454545456,1.0,3,0,1.0
1887,e434ec347a8ea1f0712561bccf0153468a943e16d2cd792fbc72720bd0a8002e,ransomware,Hive,2022,Amd64,1,7.8747202313975,EXE,RanDS_Behaviour_Activity_Dataset/dataset/e4/e434ec347a8ea1f0712561bccf0153468a943e16d2cd792fbc72720bd0a8002e.json,raw_reports/ransomware/e434ec347a8ea1f0712561bccf0153468a943e16d2cd792fbc72720bd0a8002e.json,263,12,1.0,7,0.026615969581749048,1.0,3,0,1.0
1888,e4385e5feb8e6148b8bd24b5d3f86c9fb5f45c5520bbe7c08c01a8befd1c8601,ransomware,Thanos,2024,I386,0,5.3275510562818,EXE,RanDS_Behaviour_Activity_Dataset/dataset/e4/e4385e5feb8e6148b8bd24b5d3f86c9fb5f45c5520bbe7c08c01a8befd1c8601.json,raw_reports/ransomware/e4385e5feb8e6148b8bd24b5d3f86c9fb5f45c5520bbe7c08c01a8befd1c8601.json,1531,15,1.0,60,0.039190071848465055,1.0,8,0,1.0
1889,e454f05739b9742e902d3cf9e053c7ce1ecbff1632eb3134193dd343ee0423d8,ransomware,STOP,2023,I386,1,6.561230197061,EXE,RanDS_Behaviour_Activity_Dataset/dataset/e4/e454f05739b9742e902d3cf9e053c7ce1ecbff1632eb3134193dd343ee0423d8.json,raw_reports/ransomware/e454f05739b9742e902d3cf9e053c7ce1ecbff1632eb3134193dd343ee0423d8.json,510,14,1.0,20,0.0392156862745098,1.0,5,0,1.0
1890,e45af7f5388dd4a3dedc03eb45e0323604259960647e68d2c3865d0d57e04163,ransomware,Loki,2023,I386,1,7.7418959998089,EXE,RanDS_Behaviour_Activity_Dataset/dataset/e4/e45af7f5388dd4a3dedc03eb45e0323604259960647e68d2c3865d0d57e04163.json,raw_reports/ransomware/e45af7f5388dd4a3dedc03eb45e0323604259960647e68d2c3865d0d57e04163.json,713,13,1.0,17,0.023842917251051893,1.0,3,0,1.0
1891,e49778d20a2f9b1f8b00ddd24b6bcee81af381ed02cfe0a3c9ab3111cda5f573,ransomware,Cryak,2015,I386,1,6.9341812369369,EXE,RanDS_Behaviour_Activity_Dataset/dataset/e4/e49778d20a2f9b1f8b00ddd24b6bcee81af381ed02cfe0a3c9ab3111cda5f573.json,raw_reports/ransomware/e49778d20a2f9b1f8b00ddd24b6bcee81af381ed02cfe0a3c9ab3111cda5f573.json,434,14,1.0,9,0.020737327188940093,1.0,6,0,1.0
1892,e4d943bf256f88198cc15cbbb46ba00ceef11727e1aa20d0374a4a4654a7990e,ransomware,ConvAgent,2022,I386,1,6.664539278768,EXE,RanDS_Behaviour_Activity_Dataset/dataset/e4/e4d943bf256f88198cc15cbbb46ba00ceef11727e1aa20d0374a4a4654a7990e.json,raw_reports/ransomware/e4d943bf256f88198cc15cbbb46ba00ceef11727e1aa20d0374a4a4654a7990e.json,26,8,1.0,6,0.23076923076923078,0.7777777777777778,1,2,1.0
1893,e4e6f1d963aa205a17573538112f7389fa8661083819510936f966beceea4c42,ransomware,ConvAgent,2022,I386,0,6.2372826102473,EXE,RanDS_Behaviour_Activity_Dataset/dataset/e4/e4e6f1d963aa205a17573538112f7389fa8661083819510936f966beceea4c42.json,raw_reports/ransomware/e4e6f1d963aa205a17573538112f7389fa8661083819510936f966beceea4c42.json,29,9,1.0,7,0.2413793103448276,0.7777777777777778,1,2,1.0
1894,e4e7da85c23c2568520169e9cd6e8228cddc9c92f4c9858e240687f46635df92,ransomware,Loki,2023,I386,1,7.5616550265848,EXE,RanDS_Behaviour_Activity_Dataset/dataset/e4/e4e7da85c23c2568520169e9cd6e8228cddc9c92f4c9858e240687f46635df92.json,raw_reports/ransomware/e4e7da85c23c2568520169e9cd6e8228cddc9c92f4c9858e240687f46635df92.json,855,15,1.0,20,0.023391812865497075,1.0,5,0,1.0
1895,e51a6391514210d971a76cec2a5b8773344c36a57a2a850a678f3974abd5dc81,ransomware,Loki,2023,I386,1,7.1736130283155,EXE,RanDS_Behaviour_Activity_Dataset/dataset/e5/e51a6391514210d971a76cec2a5b8773344c36a57a2a850a678f3974abd5dc81.json,raw_reports/ransomware/e51a6391514210d971a76cec2a5b8773344c36a57a2a850a678f3974abd5dc81.json,837,15,1.0,61,0.07287933094384708,1.0,8,0,1.0
1896,e52837903a4691ce153290d9dbb0be62261898aadd5a4742228a1ee9fb35819e,ransomware,STOP,2022,I386,1,6.9408318887283,EXE,RanDS_Behaviour_Activity_Dataset/dataset/e5/e52837903a4691ce153290d9dbb0be62261898aadd5a4742228a1ee9fb35819e.json,raw_reports/ransomware/e52837903a4691ce153290d9dbb0be62261898aadd5a4742228a1ee9fb35819e.json,244,12,1.0,14,0.05737704918032787,1.0,3,0,1.0
1897,e53d06c97fba2a905b2471bed2de6069ff9e244337d630dd63252712824c9afd,ransomware,ConvAgent,2023,I386,1,7.1566563733032,EXE,RanDS_Behaviour_Activity_Dataset/dataset/e5/e53d06c97fba2a905b2471bed2de6069ff9e244337d630dd63252712824c9afd.json,raw_reports/ransomware/e53d06c97fba2a905b2471bed2de6069ff9e244337d630dd63252712824c9afd.json,560,12,1.0,16,0.02857142857142857,1.0,4,0,1.0
1898,e58277ef012927b9d2edceb826ec6150a81ec6ddc91ef8c82761f38102727c49,ransomware,LockBit,2023,I386,1,7.0428246535428,EXE,RanDS_Behaviour_Activity_Dataset/dataset/e5/e58277ef012927b9d2edceb826ec6150a81ec6ddc91ef8c82761f38102727c49.json,raw_reports/ransomware/e58277ef012927b9d2edceb826ec6150a81ec6ddc91ef8c82761f38102727c49.json,97,16,1.0,17,0.17525773195876287,1.0,3,0,1.0
1899,e5988d6453c4830066089250a0a014265e6275e2b8598dee940b56b34410cbe6,ransomware,Loki,2023,I386,1,6.7162696394339,EXE,RanDS_Behaviour_Activity_Dataset/dataset/e5/e5988d6453c4830066089250a0a014265e6275e2b8598dee940b56b34410cbe6.json,raw_reports/ransomware/e5988d6453c4830066089250a0a014265e6275e2b8598dee940b56b34410cbe6.json,1455,14,1.0,28,0.019243986254295534,1.0,7,0,1.0
1900,e5a87b27c03e65abef7933af36a80813ec882cf63728b2d34e61e6d12ec84d98,ransomware,Loki,2023,I386,1,7.8615319993751,EXE,RanDS_Behaviour_Activity_Dataset/dataset/e5/e5a87b27c03e65abef7933af36a80813ec882cf63728b2d34e61e6d12ec84d98.json,raw_reports/ransomware/e5a87b27c03e65abef7933af36a80813ec882cf63728b2d34e61e6d12ec84d98.json,948,14,1.0,17,0.017932489451476793,1.0,5,0,1.0
1901,e5e242f8384500a304eb770bda1fa280c64c4a1e718c89826775d25341fc82c3,ransomware,Loki,2023,I386,1,7.7282515674215,EXE,RanDS_Behaviour_Activity_Dataset/dataset/e5/e5e242f8384500a304eb770bda1fa280c64c4a1e718c89826775d25341fc82c3.json,raw_reports/ransomware/e5e242f8384500a304eb770bda1fa280c64c4a1e718c89826775d25341fc82c3.json,1046,15,1.0,25,0.02390057361376673,1.0,7,0,1.0
1902,e5e47731a20bd455d7196d9fa37a6243cbe7f8e1f0042c571d9a4c3e01cd6f66,ransomware,Blocker,2023,I386,0,4.9972020771026,EXE,RanDS_Behaviour_Activity_Dataset/dataset/e5/e5e47731a20bd455d7196d9fa37a6243cbe7f8e1f0042c571d9a4c3e01cd6f66.json,raw_reports/ransomware/e5e47731a20bd455d7196d9fa37a6243cbe7f8e1f0042c571d9a4c3e01cd6f66.json,809,14,1.0,23,0.02843016069221261,1.0,6,0,1.0
1903,e600c55644ad7de134de19f4a284b041ca4090a38cb6306141a10df911596b08,ransomware,Loki,2020,I386,1,7.3065276118625,EXE,RanDS_Behaviour_Activity_Dataset/dataset/e6/e600c55644ad7de134de19f4a284b041ca4090a38cb6306141a10df911596b08.json,raw_reports/ransomware/e600c55644ad7de134de19f4a284b041ca4090a38cb6306141a10df911596b08.json,1199,15,1.0,25,0.020850708924103418,1.0,5,0,1.0
1904,e671deac46898cd1ce138deb64f63c2a7d09f40b593213e2337b0ffa08aab8e7,ransomware,STOP,2021,I386,1,7.7738145710958,EXE,RanDS_Behaviour_Activity_Dataset/dataset/e6/e671deac46898cd1ce138deb64f63c2a7d09f40b593213e2337b0ffa08aab8e7.json,raw_reports/ransomware/e671deac46898cd1ce138deb64f63c2a7d09f40b593213e2337b0ffa08aab8e7.json,927,15,1.0,34,0.036677454153182305,1.0,5,0,1.0
1905,e69a13add1245bc1b7b6337e64eee9b53395b9574f2b85d32f891680c7165ff5,ransomware,BlackCat,2021,I386,1,6.9190789112924,EXE,RanDS_Behaviour_Activity_Dataset/dataset/e6/e69a13add1245bc1b7b6337e64eee9b53395b9574f2b85d32f891680c7165ff5.json,raw_reports/ransomware/e69a13add1245bc1b7b6337e64eee9b53395b9574f2b85d32f891680c7165ff5.json,322,11,1.0,16,0.049689440993788817,1.0,7,0,1.0
1906,e69f9ad1a39625c68a758abd264ed9809ad54e77f197aaf6ae4b8b4f79029ced,ransomware,Blocker,2023,I386,0,5.5020824627815,EXE,RanDS_Behaviour_Activity_Dataset/dataset/e6/e69f9ad1a39625c68a758abd264ed9809ad54e77f197aaf6ae4b8b4f79029ced.json,raw_reports/ransomware/e69f9ad1a39625c68a758abd264ed9809ad54e77f197aaf6ae4b8b4f79029ced.json,692,14,1.0,25,0.036127167630057806,1.0,6,0,1.0
1907,e71a0b1dc02ef56ce34fc20ab78ca14eeb04c691b37401064c91d51ffa801f2e,ransomware,STOP,2023,I386,1,6.7820386928382,EXE,RanDS_Behaviour_Activity_Dataset/dataset/e7/e71a0b1dc02ef56ce34fc20ab78ca14eeb04c691b37401064c91d51ffa801f2e.json,raw_reports/ransomware/e71a0b1dc02ef56ce34fc20ab78ca14eeb04c691b37401064c91d51ffa801f2e.json,1045,14,1.0,21,0.020095693779904306,1.0,6,0,1.0
1908,e72635f5f3ef72e10339b89e86a859604de9ea7e25d36daa7a9e87529802322d,ransomware,Loki,2023,I386,1,7.4398948573756,EXE,RanDS_Behaviour_Activity_Dataset/dataset/e7/e72635f5f3ef72e10339b89e86a859604de9ea7e25d36daa7a9e87529802322d.json,raw_reports/ransomware/e72635f5f3ef72e10339b89e86a859604de9ea7e25d36daa7a9e87529802322d.json,630,14,1.0,13,0.020634920634920634,1.0,4,0,1.0
1909,e7605626b779361e3f52fd85d50b368497fbb25f11858a984fe0e718697990e5,ransomware,EEIA,2020,Amd64,1,7.8872188996254,EXE,RanDS_Behaviour_Activity_Dataset/dataset/e7/e7605626b779361e3f52fd85d50b368497fbb25f11858a984fe0e718697990e5.json,raw_reports/ransomware/e7605626b779361e3f52fd85d50b368497fbb25f11858a984fe0e718697990e5.json,598,12,1.0,3,0.005016722408026756,1.0,4,0,1.0
1910,e77b1f4456e8e8709e8c0e0aff0003af3767ffe7846afa878664407831290743,ransomware,Sodinokibi,2020,I386,1,7.1679228464917,DLL,RanDS_Behaviour_Activity_Dataset/dataset/e7/e77b1f4456e8e8709e8c0e0aff0003af3767ffe7846afa878664407831290743.json,raw_reports/ransomware/e77b1f4456e8e8709e8c0e0aff0003af3767ffe7846afa878664407831290743.json,581,13,1.0,33,0.05679862306368331,1.0,8,0,1.0
1911,e7a690dae9484e6f3cf049e4d09f4a22c98ff9eaa2fd7f363630907ed56f00ce,ransomware,STOP,2022,I386,1,7.1051534663763,EXE,RanDS_Behaviour_Activity_Dataset/dataset/e7/e7a690dae9484e6f3cf049e4d09f4a22c98ff9eaa2fd7f363630907ed56f00ce.json,raw_reports/ransomware/e7a690dae9484e6f3cf049e4d09f4a22c98ff9eaa2fd7f363630907ed56f00ce.json,815,15,1.0,31,0.03803680981595092,1.0,6,0,1.0
1912,e7e9fd4b0e934bebd522415047aba62c10c6b91a66cba5c0961a010507937892,ransomware,Zeppelin,2022,I386,1,6.9652796250929,EXE,RanDS_Behaviour_Activity_Dataset/dataset/e7/e7e9fd4b0e934bebd522415047aba62c10c6b91a66cba5c0961a010507937892.json,raw_reports/ransomware/e7e9fd4b0e934bebd522415047aba62c10c6b91a66cba5c0961a010507937892.json,496,13,1.0,12,0.024193548387096774,1.0,4,0,1.0
1913,e82f9cf6d104bb438e455d83f347d68cf95ba7df49c23d057c20312c2d06f30e,ransomware,Loki,2023,I386,1,7.6200113744921,EXE,RanDS_Behaviour_Activity_Dataset/dataset/e8/e82f9cf6d104bb438e455d83f347d68cf95ba7df49c23d057c20312c2d06f30e.json,raw_reports/ransomware/e82f9cf6d104bb438e455d83f347d68cf95ba7df49c23d057c20312c2d06f30e.json,880,15,1.0,25,0.028409090909090908,1.0,4,0,1.0
1914,e920ea63575f0728547dbf8333695e2e0e4ec98c04a276410f39d3f68ab02532,ransomware,STOP,2022,I386,0,6.4990654460579,EXE,RanDS_Behaviour_Activity_Dataset/dataset/e9/e920ea63575f0728547dbf8333695e2e0e4ec98c04a276410f39d3f68ab02532.json,raw_reports/ransomware/e920ea63575f0728547dbf8333695e2e0e4ec98c04a276410f39d3f68ab02532.json,247,14,1.0,17,0.06882591093117409,1.0,3,0,1.0
1915,e9439e30548f1ed8c32d7670ce4f9936ad5e802d488b931577e37c6741d27dce,ransomware,Loki,2023,I386,1,7.7006715552935,EXE,RanDS_Behaviour_Activity_Dataset/dataset/e9/e9439e30548f1ed8c32d7670ce4f9936ad5e802d488b931577e37c6741d27dce.json,raw_reports/ransomware/e9439e30548f1ed8c32d7670ce4f9936ad5e802d488b931577e37c6741d27dce.json,1365,15,1.0,34,0.02490842490842491,1.0,7,0,1.0
1916,e9adc2a8a1d94fb13c2b4c6343c4dae56accdeea3b37004b7f17cfbe30c1bd85,ransomware,Loki,2022,I386,1,7.3880038922907,EXE,RanDS_Behaviour_Activity_Dataset/dataset/e9/e9adc2a8a1d94fb13c2b4c6343c4dae56accdeea3b37004b7f17cfbe30c1bd85.json,raw_reports/ransomware/e9adc2a8a1d94fb13c2b4c6343c4dae56accdeea3b37004b7f17cfbe30c1bd85.json,161,14,1.0,5,0.031055900621118012,0.8888888888888888,3,1,1.0
1917,e9c489e19f7466eb5509102f0eabe682e0cdc835bdeb22fd2eaacb8742705767,ransomware,LockBit,2023,I386,1,7.5020585781064,EXE,RanDS_Behaviour_Activity_Dataset/dataset/e9/e9c489e19f7466eb5509102f0eabe682e0cdc835bdeb22fd2eaacb8742705767.json,raw_reports/ransomware/e9c489e19f7466eb5509102f0eabe682e0cdc835bdeb22fd2eaacb8742705767.json,643,12,1.0,16,0.024883359253499222,1.0,3,0,1.0
1918,e9d1437184a90a2d3f7d2c6fb72090f05708e8836f012fc86157fae568869ab1,ransomware,Zeppelin,2023,I386,1,6.623444302172,EXE,RanDS_Behaviour_Activity_Dataset/dataset/e9/e9d1437184a90a2d3f7d2c6fb72090f05708e8836f012fc86157fae568869ab1.json,raw_reports/ransomware/e9d1437184a90a2d3f7d2c6fb72090f05708e8836f012fc86157fae568869ab1.json,1160,14,1.0,34,0.029310344827586206,1.0,5,0,1.0
1919,ea04a9aeb2edff9e0bd4bc67bca5231967f54e3f7e621968a7ac5c08151f7515,ransomware,Loki,2021,I386,1,7.0958114176002,EXE,RanDS_Behaviour_Activity_Dataset/dataset/ea/ea04a9aeb2edff9e0bd4bc67bca5231967f54e3f7e621968a7ac5c08151f7515.json,raw_reports/ransomware/ea04a9aeb2edff9e0bd4bc67bca5231967f54e3f7e621968a7ac5c08151f7515.json,1204,16,1.0,50,0.04152823920265781,1.0,7,0,1.0
1920,ea211051cf9e6ad0c2fe1461ded16b6c7bb7342e0653be9463a9ed111ff1f473,ransomware,Loki,2023,I386,1,6.7651857984836,EXE,RanDS_Behaviour_Activity_Dataset/dataset/ea/ea211051cf9e6ad0c2fe1461ded16b6c7bb7342e0653be9463a9ed111ff1f473.json,raw_reports/ransomware/ea211051cf9e6ad0c2fe1461ded16b6c7bb7342e0653be9463a9ed111ff1f473.json,501,11,1.0,12,0.023952095808383235,1.0,3,0,1.0
1921,ea2e3d117ce894917aa964a4a7a342632017277c3900e8dba6ecef2d6e682f46,ransomware,ConvAgent,2023,I386,1,6.6551620802027,EXE,RanDS_Behaviour_Activity_Dataset/dataset/ea/ea2e3d117ce894917aa964a4a7a342632017277c3900e8dba6ecef2d6e682f46.json,raw_reports/ransomware/ea2e3d117ce894917aa964a4a7a342632017277c3900e8dba6ecef2d6e682f46.json,282,15,1.0,16,0.05673758865248227,1.0,3,0,1.0
1922,ea3ffc350fd1bc51e6f7b156dd74bfda3b8348ab514549d35168e3096f26ac9e,ransomware,STOP,2022,I386,1,6.6961898617412,EXE,RanDS_Behaviour_Activity_Dataset/dataset/ea/ea3ffc350fd1bc51e6f7b156dd74bfda3b8348ab514549d35168e3096f26ac9e.json,raw_reports/ransomware/ea3ffc350fd1bc51e6f7b156dd74bfda3b8348ab514549d35168e3096f26ac9e.json,494,15,1.0,22,0.044534412955465584,1.0,5,0,1.0
1923,ea76225ef3af8b56357598d450933a092b1cef6bce3b71500d40151866894c15,ransomware,Loki,2022,I386,0,6.1425686884364,EXE,RanDS_Behaviour_Activity_Dataset/dataset/ea/ea76225ef3af8b56357598d450933a092b1cef6bce3b71500d40151866894c15.json,raw_reports/ransomware/ea76225ef3af8b56357598d450933a092b1cef6bce3b71500d40151866894c15.json,162,15,1.0,19,0.11728395061728394,1.0,4,0,1.0
1924,eac584ebb2cdd6fdf408cf5009c9dc301d90093abc529ea290c134d6c9f33cba,ransomware,Loki,2022,I386,1,6.6146890503362,EXE,RanDS_Behaviour_Activity_Dataset/dataset/ea/eac584ebb2cdd6fdf408cf5009c9dc301d90093abc529ea290c134d6c9f33cba.json,raw_reports/ransomware/eac584ebb2cdd6fdf408cf5009c9dc301d90093abc529ea290c134d6c9f33cba.json,581,13,1.0,22,0.0378657487091222,1.0,4,0,1.0
1925,eb509445f26bb3ea68109a6cb3a3b4ec95fa8f96457f99726e5eb8c9b712eb16,ransomware,Razy,2016,I386,0,6.1748500518673,EXE,RanDS_Behaviour_Activity_Dataset/dataset/eb/eb509445f26bb3ea68109a6cb3a3b4ec95fa8f96457f99726e5eb8c9b712eb16.json,raw_reports/ransomware/eb509445f26bb3ea68109a6cb3a3b4ec95fa8f96457f99726e5eb8c9b712eb16.json,131,5,0.625,0,0.0,0.4444444444444444,2,5,NA
1926,eb88b00742a1467791f1eb152c3d1385d7a2b01cb67ff5d9fff169b1c9a2b54a,ransomware,Loki,2022,I386,1,7.4755590553832,EXE,RanDS_Behaviour_Activity_Dataset/dataset/eb/eb88b00742a1467791f1eb152c3d1385d7a2b01cb67ff5d9fff169b1c9a2b54a.json,raw_reports/ransomware/eb88b00742a1467791f1eb152c3d1385d7a2b01cb67ff5d9fff169b1c9a2b54a.json,859,14,1.0,30,0.034924330616996506,1.0,7,0,1.0
1927,ec138fd03e6239e84fa8751411c8dfec0fb3ebff47e0deb9f7aad7e3b3cfd744,ransomware,Loki,2023,I386,1,7.4200506243837,EXE,RanDS_Behaviour_Activity_Dataset/dataset/ec/ec138fd03e6239e84fa8751411c8dfec0fb3ebff47e0deb9f7aad7e3b3cfd744.json,raw_reports/ransomware/ec138fd03e6239e84fa8751411c8dfec0fb3ebff47e0deb9f7aad7e3b3cfd744.json,1077,15,1.0,33,0.03064066852367688,1.0,7,0,1.0
1928,ec75d2e78898eef0f85ec90d16989cf9c1fb5f1e0f7b45cddad67192846aa8da,ransomware,MSIL,2021,I386,1,7.3058849747075,EXE,RanDS_Behaviour_Activity_Dataset/dataset/ec/ec75d2e78898eef0f85ec90d16989cf9c1fb5f1e0f7b45cddad67192846aa8da.json,raw_reports/ransomware/ec75d2e78898eef0f85ec90d16989cf9c1fb5f1e0f7b45cddad67192846aa8da.json,1112,14,1.0,14,0.012589928057553957,1.0,3,0,1.0
1929,ec782c6c9788c784234f2bf815b0a2774d55e5a08d42aac4ddc79f8710b4d469,ransomware,CryptoJoker,2023,I386,1,7.1028110375987,EXE,RanDS_Behaviour_Activity_Dataset/dataset/ec/ec782c6c9788c784234f2bf815b0a2774d55e5a08d42aac4ddc79f8710b4d469.json,raw_reports/ransomware/ec782c6c9788c784234f2bf815b0a2774d55e5a08d42aac4ddc79f8710b4d469.json,1058,15,1.0,58,0.054820415879017016,1.0,7,0,1.0
1930,ed1ac43c1959cf965024bab1d57a1ed1e14170256f003cc91ead9c5c76e09a6a,ransomware,ConvAgent,2022,I386,0,5.54555723826,EXE,RanDS_Behaviour_Activity_Dataset/dataset/ed/ed1ac43c1959cf965024bab1d57a1ed1e14170256f003cc91ead9c5c76e09a6a.json,raw_reports/ransomware/ed1ac43c1959cf965024bab1d57a1ed1e14170256f003cc91ead9c5c76e09a6a.json,490,13,1.0,5,0.01020408163265306,1.0,4,0,1.0
1931,ed67efe535126e2fb1c936c728b534f1d78d90eadcc227a097f8c3b85f8ec575,ransomware,STOP,2023,I386,1,7.4057479526218,EXE,RanDS_Behaviour_Activity_Dataset/dataset/ed/ed67efe535126e2fb1c936c728b534f1d78d90eadcc227a097f8c3b85f8ec575.json,raw_reports/ransomware/ed67efe535126e2fb1c936c728b534f1d78d90eadcc227a097f8c3b85f8ec575.json,2018,16,1.0,190,0.09415262636273539,1.0,5,0,1.0
1932,ed6d0ca3a0a95df226da38607dd80e09f1d4a00902f28e8cc99d37e8fa14e434,ransomware,EEIA,2020,Amd64,1,7.9172330555914,EXE,RanDS_Behaviour_Activity_Dataset/dataset/ed/ed6d0ca3a0a95df226da38607dd80e09f1d4a00902f28e8cc99d37e8fa14e434.json,raw_reports/ransomware/ed6d0ca3a0a95df226da38607dd80e09f1d4a00902f28e8cc99d37e8fa14e434.json,90,10,1.0,23,0.25555555555555554,0.8888888888888888,3,1,1.0
1933,ed801a3e54843afe989aadd69cdab5e6fbf00e8e02742f354519b4b16de8f31c,ransomware,Troldesh,2021,I386,1,7.1737330108803,EXE,RanDS_Behaviour_Activity_Dataset/dataset/ed/ed801a3e54843afe989aadd69cdab5e6fbf00e8e02742f354519b4b16de8f31c.json,raw_reports/ransomware/ed801a3e54843afe989aadd69cdab5e6fbf00e8e02742f354519b4b16de8f31c.json,851,14,1.0,41,0.0481786133960047,1.0,5,0,1.0
1934,ed99f130ee95e198f2377ef972995d725db7b9f72631db960e96927cc3b3e0c6,ransomware,GandCrab,2021,I386,0,6.4215755453979,EXE,RanDS_Behaviour_Activity_Dataset/dataset/ed/ed99f130ee95e198f2377ef972995d725db7b9f72631db960e96927cc3b3e0c6.json,raw_reports/ransomware/ed99f130ee95e198f2377ef972995d725db7b9f72631db960e96927cc3b3e0c6.json,291,13,1.0,3,0.010309278350515464,1.0,4,0,1.0
1935,ee4f8b57a8079b8446a1effa1607fad6101db23fe0babc908085c49838e25e5b,ransomware,Nymaim,2022,I386,1,7.0599560317523,EXE,RanDS_Behaviour_Activity_Dataset/dataset/ee/ee4f8b57a8079b8446a1effa1607fad6101db23fe0babc908085c49838e25e5b.json,raw_reports/ransomware/ee4f8b57a8079b8446a1effa1607fad6101db23fe0babc908085c49838e25e5b.json,835,13,1.0,23,0.027544910179640718,1.0,7,0,1.0
1936,ee52d8834cce35ee8287c44108bd9f6fca35dc7ffa15ec2b699e254c1818ee18,ransomware,Zeppelin,2022,I386,1,7.124951023228,EXE,RanDS_Behaviour_Activity_Dataset/dataset/ee/ee52d8834cce35ee8287c44108bd9f6fca35dc7ffa15ec2b699e254c1818ee18.json,raw_reports/ransomware/ee52d8834cce35ee8287c44108bd9f6fca35dc7ffa15ec2b699e254c1818ee18.json,208,14,1.0,9,0.04326923076923077,1.0,5,0,1.0
1937,ee6d60c7d9010957f87576189e151b1901c09b14c9ad466dbe3d5fa45374c326,ransomware,Loki,2023,I386,0,6.1255937811973,EXE,RanDS_Behaviour_Activity_Dataset/dataset/ee/ee6d60c7d9010957f87576189e151b1901c09b14c9ad466dbe3d5fa45374c326.json,raw_reports/ransomware/ee6d60c7d9010957f87576189e151b1901c09b14c9ad466dbe3d5fa45374c326.json,570,12,1.0,14,0.02456140350877193,1.0,3,0,1.0
1938,ee6eb44ef159328f2802d2f54dae785f2512c421f808cdfd8eca1376134b8f60,ransomware,MSILMamut,2023,I386,0,6.445179872741,EXE,RanDS_Behaviour_Activity_Dataset/dataset/ee/ee6eb44ef159328f2802d2f54dae785f2512c421f808cdfd8eca1376134b8f60.json,raw_reports/ransomware/ee6eb44ef159328f2802d2f54dae785f2512c421f808cdfd8eca1376134b8f60.json,1205,14,1.0,22,0.018257261410788383,1.0,5,0,1.0
1939,eeabb0a04ea59624d05185afbbf4a1c8e5db554c0c325871c4c0ac5de34c5547,ransomware,Loki,2022,I386,1,7.6660224642965,EXE,RanDS_Behaviour_Activity_Dataset/dataset/ee/eeabb0a04ea59624d05185afbbf4a1c8e5db554c0c325871c4c0ac5de34c5547.json,raw_reports/ransomware/eeabb0a04ea59624d05185afbbf4a1c8e5db554c0c325871c4c0ac5de34c5547.json,668,13,1.0,15,0.02245508982035928,1.0,6,0,1.0
1940,ef3191cbf3683a12b9245991f3ddae25496fea0b5b98376cd510c5c808168ece,ransomware,Loki,2022,I386,1,7.2675784838671,EXE,RanDS_Behaviour_Activity_Dataset/dataset/ef/ef3191cbf3683a12b9245991f3ddae25496fea0b5b98376cd510c5c808168ece.json,raw_reports/ransomware/ef3191cbf3683a12b9245991f3ddae25496fea0b5b98376cd510c5c808168ece.json,666,11,1.0,13,0.01951951951951952,1.0,7,0,1.0
1941,ef683b83b977511f40064d0b2b35c9147c5eb3b0b54fa538be2147fef93b3089,ransomware,Loki,2023,I386,1,6.5446504285359,EXE,RanDS_Behaviour_Activity_Dataset/dataset/ef/ef683b83b977511f40064d0b2b35c9147c5eb3b0b54fa538be2147fef93b3089.json,raw_reports/ransomware/ef683b83b977511f40064d0b2b35c9147c5eb3b0b54fa538be2147fef93b3089.json,448,11,1.0,15,0.033482142857142856,1.0,4,0,1.0
1942,efa920373efaa4bd26fb1704e6ea6cb05ed8e91b5e552db7ff2a7764ace07758,ransomware,Loki,2023,I386,1,7.0592830142717,EXE,RanDS_Behaviour_Activity_Dataset/dataset/ef/efa920373efaa4bd26fb1704e6ea6cb05ed8e91b5e552db7ff2a7764ace07758.json,raw_reports/ransomware/efa920373efaa4bd26fb1704e6ea6cb05ed8e91b5e552db7ff2a7764ace07758.json,478,15,1.0,13,0.027196652719665274,1.0,5,0,1.0
1943,f0c606a4da9e9e591255b8a1d4b61c47a36b8b54a7520955776fd0f82b63325d,ransomware,STOP,2022,I386,0,6.3778917538661,EXE,RanDS_Behaviour_Activity_Dataset/dataset/f0/f0c606a4da9e9e591255b8a1d4b61c47a36b8b54a7520955776fd0f82b63325d.json,raw_reports/ransomware/f0c606a4da9e9e591255b8a1d4b61c47a36b8b54a7520955776fd0f82b63325d.json,852,15,1.0,69,0.08098591549295775,1.0,7,0,1.0
1944,f0f4648624a7d35c58bc4d6b67792744727fdf8c1fdc149df0dcfe3b1eed2a27,ransomware,STOP,2023,I386,1,7.3899084104274,EXE,RanDS_Behaviour_Activity_Dataset/dataset/f0/f0f4648624a7d35c58bc4d6b67792744727fdf8c1fdc149df0dcfe3b1eed2a27.json,raw_reports/ransomware/f0f4648624a7d35c58bc4d6b67792744727fdf8c1fdc149df0dcfe3b1eed2a27.json,841,14,1.0,15,0.0178359096313912,1.0,4,0,1.0
1945,f101217119247d1ddd30264900c83836ec3e2d87376e5f4708363f01ab506b39,ransomware,Zeppelin,2022,I386,1,7.3906781244124,EXE,RanDS_Behaviour_Activity_Dataset/dataset/f1/f101217119247d1ddd30264900c83836ec3e2d87376e5f4708363f01ab506b39.json,raw_reports/ransomware/f101217119247d1ddd30264900c83836ec3e2d87376e5f4708363f01ab506b39.json,945,15,1.0,23,0.02433862433862434,1.0,7,0,1.0
1946,f158ba150a2cf3c0fff452d16f26921e5434f8b6c77d05fdf049f0986d32153b,ransomware,Loki,2020,I386,1,7.502148257392,EXE,RanDS_Behaviour_Activity_Dataset/dataset/f1/f158ba150a2cf3c0fff452d16f26921e5434f8b6c77d05fdf049f0986d32153b.json,raw_reports/ransomware/f158ba150a2cf3c0fff452d16f26921e5434f8b6c77d05fdf049f0986d32153b.json,817,15,1.0,2,0.0024479804161566705,1.0,4,0,1.0
1947,f1a566ebee3c225b2683813ce31c30f6e7648c1dcdd03c991a2d2e99c11bc6d7,ransomware,Loki,2022,I386,1,7.9011422503775,EXE,RanDS_Behaviour_Activity_Dataset/dataset/f1/f1a566ebee3c225b2683813ce31c30f6e7648c1dcdd03c991a2d2e99c11bc6d7.json,raw_reports/ransomware/f1a566ebee3c225b2683813ce31c30f6e7648c1dcdd03c991a2d2e99c11bc6d7.json,1619,16,1.0,25,0.015441630636195183,1.0,7,0,1.0
1948,f1bcd722667511c3dbc6333ea198d2aacbac786495b507984ff1d0089071e174,ransomware,Loki,2023,I386,1,7.0508645950238,EXE,RanDS_Behaviour_Activity_Dataset/dataset/f1/f1bcd722667511c3dbc6333ea198d2aacbac786495b507984ff1d0089071e174.json,raw_reports/ransomware/f1bcd722667511c3dbc6333ea198d2aacbac786495b507984ff1d0089071e174.json,562,10,1.0,9,0.01601423487544484,1.0,4,0,1.0
1949,f1ecf2469a831081ce9d895a7f1fde88e882e2c96b4c96bbea2f3c622786ffdc,ransomware,STOP,2024,I386,1,7.2208264195187,EXE,RanDS_Behaviour_Activity_Dataset/dataset/f1/f1ecf2469a831081ce9d895a7f1fde88e882e2c96b4c96bbea2f3c622786ffdc.json,raw_reports/ransomware/f1ecf2469a831081ce9d895a7f1fde88e882e2c96b4c96bbea2f3c622786ffdc.json,278,16,1.0,41,0.1474820143884892,1.0,5,0,1.0
1950,f2227038e0ff26cbcf040a694c1e6e0fd3c42316179c97eb539744aebc4ec0f2,ransomware,Loki,2023,I386,1,7.8388767841535,EXE,RanDS_Behaviour_Activity_Dataset/dataset/f2/f2227038e0ff26cbcf040a694c1e6e0fd3c42316179c97eb539744aebc4ec0f2.json,raw_reports/ransomware/f2227038e0ff26cbcf040a694c1e6e0fd3c42316179c97eb539744aebc4ec0f2.json,821,15,1.0,21,0.025578562728380026,1.0,5,0,1.0
1951,f2b4c728867bcc659b1f180783aa3c748f2ee95f0d2f6ed2fdc13869b1b9f0ff,ransomware,Loki,2023,I386,0,6.4549457189878,EXE,RanDS_Behaviour_Activity_Dataset/dataset/f2/f2b4c728867bcc659b1f180783aa3c748f2ee95f0d2f6ed2fdc13869b1b9f0ff.json,raw_reports/ransomware/f2b4c728867bcc659b1f180783aa3c748f2ee95f0d2f6ed2fdc13869b1b9f0ff.json,72,12,1.0,11,0.1527777777777778,0.8888888888888888,2,1,1.0
1952,f2bf0dc32d5f561ef8bed931d8503e40bf9bf11a04743d8e3aece2188afd7ac1,ransomware,Loki,2023,I386,1,7.8806149245563,EXE,RanDS_Behaviour_Activity_Dataset/dataset/f2/f2bf0dc32d5f561ef8bed931d8503e40bf9bf11a04743d8e3aece2188afd7ac1.json,raw_reports/ransomware/f2bf0dc32d5f561ef8bed931d8503e40bf9bf11a04743d8e3aece2188afd7ac1.json,732,15,1.0,23,0.031420765027322405,1.0,5,0,1.0
1953,f2fe69e80d500d993b1984314dcfa5a1e102b1714130da9d56525e8df5ef190b,ransomware,Loki,2022,I386,1,6.8205780638227,EXE,RanDS_Behaviour_Activity_Dataset/dataset/f2/f2fe69e80d500d993b1984314dcfa5a1e102b1714130da9d56525e8df5ef190b.json,raw_reports/ransomware/f2fe69e80d500d993b1984314dcfa5a1e102b1714130da9d56525e8df5ef190b.json,231,14,1.0,14,0.06060606060606061,1.0,3,0,1.0
1954,f4e8b7d9843776c8d92cbc77a69ba7cdd9ade0314f8e4cfe7cad71b2f83de6c4,ransomware,Loki,2023,I386,1,7.9353362354596,EXE,RanDS_Behaviour_Activity_Dataset/dataset/f4/f4e8b7d9843776c8d92cbc77a69ba7cdd9ade0314f8e4cfe7cad71b2f83de6c4.json,raw_reports/ransomware/f4e8b7d9843776c8d92cbc77a69ba7cdd9ade0314f8e4cfe7cad71b2f83de6c4.json,648,15,1.0,19,0.029320987654320986,1.0,7,0,1.0
1955,f5417e47651d0dd6d5e1a15bd0e0e9395e5b468cf90c1ffab7c1ae6593eb78d4,ransomware,Loki,2022,I386,1,7.0258253132194,EXE,RanDS_Behaviour_Activity_Dataset/dataset/f5/f5417e47651d0dd6d5e1a15bd0e0e9395e5b468cf90c1ffab7c1ae6593eb78d4.json,raw_reports/ransomware/f5417e47651d0dd6d5e1a15bd0e0e9395e5b468cf90c1ffab7c1ae6593eb78d4.json,829,14,1.0,34,0.04101326899879373,1.0,6,0,1.0
1956,f5a84bf51c4075d3dc72f3fb33a6137292b453086642a95114bdb3a5eb00195a,ransomware,LockBit,2023,I386,1,7.0248728783669,EXE,RanDS_Behaviour_Activity_Dataset/dataset/f5/f5a84bf51c4075d3dc72f3fb33a6137292b453086642a95114bdb3a5eb00195a.json,raw_reports/ransomware/f5a84bf51c4075d3dc72f3fb33a6137292b453086642a95114bdb3a5eb00195a.json,875,14,1.0,14,0.016,1.0,6,0,1.0
1957,f625a27fb4ed8ae652cbe55b620eb52c4ac90f53dccfa857388650f596965686,ransomware,MSIL,2024,I386,1,7.66676810292,EXE,RanDS_Behaviour_Activity_Dataset/dataset/f6/f625a27fb4ed8ae652cbe55b620eb52c4ac90f53dccfa857388650f596965686.json,raw_reports/ransomware/f625a27fb4ed8ae652cbe55b620eb52c4ac90f53dccfa857388650f596965686.json,570,15,1.0,19,0.03333333333333333,1.0,6,0,1.0
1958,f6708f40adf0eaffb3562164eec23411f5df9e79aa45e6caff42cb13eaba5316,ransomware,Prometheus,2022,I386,1,7.6404921399851,EXE,RanDS_Behaviour_Activity_Dataset/dataset/f6/f6708f40adf0eaffb3562164eec23411f5df9e79aa45e6caff42cb13eaba5316.json,raw_reports/ransomware/f6708f40adf0eaffb3562164eec23411f5df9e79aa45e6caff42cb13eaba5316.json,1575,16,1.0,31,0.019682539682539683,1.0,9,0,1.0
1959,f6ff1fffbf45e14ae626b363661ff66cfe25aa48fe03d66760526576efe9d324,ransomware,GandCrab,2018,I386,0,6.421593921626,EXE,RanDS_Behaviour_Activity_Dataset/dataset/f6/f6ff1fffbf45e14ae626b363661ff66cfe25aa48fe03d66760526576efe9d324.json,raw_reports/ransomware/f6ff1fffbf45e14ae626b363661ff66cfe25aa48fe03d66760526576efe9d324.json,1167,15,1.0,8,0.006855184233076264,1.0,6,0,1.0
1960,f7169aa58adbe12a7065383c75d9413cfd0480c8969c669d58b09821389c0f90,ransomware,Loki,2020,I386,1,7.7788995746273,EXE,RanDS_Behaviour_Activity_Dataset/dataset/f7/f7169aa58adbe12a7065383c75d9413cfd0480c8969c669d58b09821389c0f90.json,raw_reports/ransomware/f7169aa58adbe12a7065383c75d9413cfd0480c8969c669d58b09821389c0f90.json,1487,15,1.0,15,0.010087424344317418,1.0,8,0,1.0
1961,f71af415b9939891015d10018b116c538506e55aaa67dc825c2c95cf6626555c,ransomware,Loki,2021,I386,1,7.39785719154,EXE,RanDS_Behaviour_Activity_Dataset/dataset/f7/f71af415b9939891015d10018b116c538506e55aaa67dc825c2c95cf6626555c.json,raw_reports/ransomware/f71af415b9939891015d10018b116c538506e55aaa67dc825c2c95cf6626555c.json,392,14,1.0,41,0.10459183673469388,1.0,4,0,1.0
1962,f765020098a4202f1c997906d5dbb7b777dbf730ecabf53328983e8bc5965e56,ransomware,GandCrab,2018,I386,0,6.4592448812315,EXE,RanDS_Behaviour_Activity_Dataset/dataset/f7/f765020098a4202f1c997906d5dbb7b777dbf730ecabf53328983e8bc5965e56.json,raw_reports/ransomware/f765020098a4202f1c997906d5dbb7b777dbf730ecabf53328983e8bc5965e56.json,267,13,1.0,0,0.0,1.0,7,0,1.0
1963,f768fb9b0889d2fb04045939e24ca90f105165debc413696e0c3fb6509bf9dc1,ransomware,Loki,2023,I386,1,7.2879404253313,EXE,RanDS_Behaviour_Activity_Dataset/dataset/f7/f768fb9b0889d2fb04045939e24ca90f105165debc413696e0c3fb6509bf9dc1.json,raw_reports/ransomware/f768fb9b0889d2fb04045939e24ca90f105165debc413696e0c3fb6509bf9dc1.json,983,14,1.0,13,0.013224821973550356,1.0,7,0,1.0
1964,f76c7d8841a467f13ab5d2c39b56d297a2fa94867973c201d40f877355849092,ransomware,Blocker,2023,I386,1,7.8355249426033,EXE,RanDS_Behaviour_Activity_Dataset/dataset/f7/f76c7d8841a467f13ab5d2c39b56d297a2fa94867973c201d40f877355849092.json,raw_reports/ransomware/f76c7d8841a467f13ab5d2c39b56d297a2fa94867973c201d40f877355849092.json,1113,14,1.0,19,0.017070979335130278,1.0,6,0,1.0
1965,f79385f9bcec46db2e28c2437a0ea603e208685f9d42ef70b326edd821d6fb75,ransomware,Loki,2023,I386,1,7.5673311663257,EXE,RanDS_Behaviour_Activity_Dataset/dataset/f7/f79385f9bcec46db2e28c2437a0ea603e208685f9d42ef70b326edd821d6fb75.json,raw_reports/ransomware/f79385f9bcec46db2e28c2437a0ea603e208685f9d42ef70b326edd821d6fb75.json,168,13,1.0,39,0.23214285714285715,1.0,4,0,1.0
1966,f7d99a21243a3f643960b9c4ca7c006a71d2f2cd46d1aed4e8fe615dba6f9376,ransomware,Prometheus,2024,I386,1,7.6050018103605,EXE,RanDS_Behaviour_Activity_Dataset/dataset/f7/f7d99a21243a3f643960b9c4ca7c006a71d2f2cd46d1aed4e8fe615dba6f9376.json,raw_reports/ransomware/f7d99a21243a3f643960b9c4ca7c006a71d2f2cd46d1aed4e8fe615dba6f9376.json,1392,15,1.0,18,0.01293103448275862,1.0,9,0,1.0
1967,f81185426901a3519e4d8d030d677ecf8a50d873fecfdd3980ef3ccfac785707,ransomware,Jalapeno,2024,I386,1,7.095968106509,EXE,RanDS_Behaviour_Activity_Dataset/dataset/f8/f81185426901a3519e4d8d030d677ecf8a50d873fecfdd3980ef3ccfac785707.json,raw_reports/ransomware/f81185426901a3519e4d8d030d677ecf8a50d873fecfdd3980ef3ccfac785707.json,635,13,1.0,26,0.04094488188976378,1.0,6,0,1.0
1968,f846dd83d3d111e5e9ead985dcdc3f43a651ea92a7eca716a672f2b6f63f1302,ransomware,LockBit,2023,I386,1,7.3774012421148,EXE,RanDS_Behaviour_Activity_Dataset/dataset/f8/f846dd83d3d111e5e9ead985dcdc3f43a651ea92a7eca716a672f2b6f63f1302.json,raw_reports/ransomware/f846dd83d3d111e5e9ead985dcdc3f43a651ea92a7eca716a672f2b6f63f1302.json,579,13,1.0,14,0.024179620034542316,1.0,2,0,1.0
1969,f87448574d4c3b106bf98dbc26d79049a1e896e749689f4d9b53f58baf54f85a,ransomware,Loki,2022,I386,1,6.6353150094186,EXE,RanDS_Behaviour_Activity_Dataset/dataset/f8/f87448574d4c3b106bf98dbc26d79049a1e896e749689f4d9b53f58baf54f85a.json,raw_reports/ransomware/f87448574d4c3b106bf98dbc26d79049a1e896e749689f4d9b53f58baf54f85a.json,714,15,1.0,38,0.05322128851540616,1.0,6,0,1.0
1970,f87be226e26e873275bde549539f70210ffe5e3a129448ae807a319cbdcf7789,ransomware,Rook,2021,Amd64,1,7.8782336321631,EXE,RanDS_Behaviour_Activity_Dataset/dataset/f8/f87be226e26e873275bde549539f70210ffe5e3a129448ae807a319cbdcf7789.json,raw_reports/ransomware/f87be226e26e873275bde549539f70210ffe5e3a129448ae807a319cbdcf7789.json,2330,15,1.0,30,0.012875536480686695,1.0,8,0,1.0
1971,f8dc0dafbd86c3ebfbade47dcc66084303130b82da9c09132a9407c05c0d4641,ransomware,Loki,2021,I386,1,6.9388708537411,EXE,RanDS_Behaviour_Activity_Dataset/dataset/f8/f8dc0dafbd86c3ebfbade47dcc66084303130b82da9c09132a9407c05c0d4641.json,raw_reports/ransomware/f8dc0dafbd86c3ebfbade47dcc66084303130b82da9c09132a9407c05c0d4641.json,1325,16,1.0,69,0.052075471698113204,1.0,6,0,1.0
1972,f9516ebfc10a3341bf35c07a61e278e6be36079b57ec705f458338ca7484fb81,ransomware,EEIA,2020,Amd64,1,7.9151007758577,EXE,RanDS_Behaviour_Activity_Dataset/dataset/f9/f9516ebfc10a3341bf35c07a61e278e6be36079b57ec705f458338ca7484fb81.json,raw_reports/ransomware/f9516ebfc10a3341bf35c07a61e278e6be36079b57ec705f458338ca7484fb81.json,578,13,1.0,3,0.005190311418685121,1.0,4,0,1.0
1973,f95ba7807f9cc21eefc244c4223b4568b971cc2c62328ad28abed7dedf978499,ransomware,Zeppelin,2021,I386,0,6.3953831916935,EXE,RanDS_Behaviour_Activity_Dataset/dataset/f9/f95ba7807f9cc21eefc244c4223b4568b971cc2c62328ad28abed7dedf978499.json,raw_reports/ransomware/f95ba7807f9cc21eefc244c4223b4568b971cc2c62328ad28abed7dedf978499.json,1228,15,1.0,18,0.014657980456026058,1.0,8,0,1.0
1974,f996793f010581c5c8a2531f746cad44d77546ae7cd2315a5d1896b61c4f9af7,ransomware,Zeppelin,2022,I386,1,6.8090519781949,EXE,RanDS_Behaviour_Activity_Dataset/dataset/f9/f996793f010581c5c8a2531f746cad44d77546ae7cd2315a5d1896b61c4f9af7.json,raw_reports/ransomware/f996793f010581c5c8a2531f746cad44d77546ae7cd2315a5d1896b61c4f9af7.json,780,14,1.0,35,0.04487179487179487,1.0,7,0,1.0
1975,f9a88af0c5c20b6baffd5d2b30f9e190b31e7c3cd770aed00287a1604990a16d,ransomware,Loki,2023,I386,1,7.6426676209895,EXE,RanDS_Behaviour_Activity_Dataset/dataset/f9/f9a88af0c5c20b6baffd5d2b30f9e190b31e7c3cd770aed00287a1604990a16d.json,raw_reports/ransomware/f9a88af0c5c20b6baffd5d2b30f9e190b31e7c3cd770aed00287a1604990a16d.json,1329,15,1.0,26,0.019563581640331076,1.0,7,0,1.0
1976,fa28414beb5467b5f805e2a83eb76a5face95c36040bd3edd1bd791ee8ef48d1,ransomware,Loki,2020,I386,1,7.701692465956,EXE,RanDS_Behaviour_Activity_Dataset/dataset/fa/fa28414beb5467b5f805e2a83eb76a5face95c36040bd3edd1bd791ee8ef48d1.json,raw_reports/ransomware/fa28414beb5467b5f805e2a83eb76a5face95c36040bd3edd1bd791ee8ef48d1.json,1104,15,1.0,65,0.058876811594202896,1.0,8,0,1.0
1977,fa9768671a5cf88a6140c7dc6a4a23e428707e903640e66d7eab3fa7e0ba52e2,ransomware,CryptoJoker,2023,I386,1,7.3815447353222,EXE,RanDS_Behaviour_Activity_Dataset/dataset/fa/fa9768671a5cf88a6140c7dc6a4a23e428707e903640e66d7eab3fa7e0ba52e2.json,raw_reports/ransomware/fa9768671a5cf88a6140c7dc6a4a23e428707e903640e66d7eab3fa7e0ba52e2.json,1125,14,1.0,29,0.025777777777777778,1.0,7,0,1.0
1978,fac6a7623bd40a11274201b5ea609d276e8fd43d82eff03e3136997dbe54c19e,ransomware,Loki,2022,I386,1,7.62651220525,EXE,RanDS_Behaviour_Activity_Dataset/dataset/fa/fac6a7623bd40a11274201b5ea609d276e8fd43d82eff03e3136997dbe54c19e.json,raw_reports/ransomware/fac6a7623bd40a11274201b5ea609d276e8fd43d82eff03e3136997dbe54c19e.json,948,14,1.0,19,0.020042194092827006,1.0,3,0,1.0
1979,fac94a8e02f92d63cfdf1299db27e40410da46c9e86d8bb2cd4b1a0d68d5f7a2,ransomware,CryptoLocker,2021,I386,0,3.8439216779982,EXE,RanDS_Behaviour_Activity_Dataset/dataset/fa/fac94a8e02f92d63cfdf1299db27e40410da46c9e86d8bb2cd4b1a0d68d5f7a2.json,raw_reports/ransomware/fac94a8e02f92d63cfdf1299db27e40410da46c9e86d8bb2cd4b1a0d68d5f7a2.json,419,13,1.0,39,0.09307875894988067,1.0,5,0,1.0
1980,fb1fc5323853e3289c41b4df3851cda88462ce954c2b9c7102c5a363dfa8166d,ransomware,Medusa,2022,I386,0,6.1786870349948,EXE,RanDS_Behaviour_Activity_Dataset/dataset/fb/fb1fc5323853e3289c41b4df3851cda88462ce954c2b9c7102c5a363dfa8166d.json,raw_reports/ransomware/fb1fc5323853e3289c41b4df3851cda88462ce954c2b9c7102c5a363dfa8166d.json,1489,13,1.0,14,0.009402283411685695,1.0,9,0,1.0
1981,fb4f752b3ecf5ec05653f73d515b23e10c6615a60e467b48ab22ac86fdbc7cae,ransomware,Prometheus,2022,I386,1,7.0680025973964,EXE,RanDS_Behaviour_Activity_Dataset/dataset/fb/fb4f752b3ecf5ec05653f73d515b23e10c6615a60e467b48ab22ac86fdbc7cae.json,raw_reports/ransomware/fb4f752b3ecf5ec05653f73d515b23e10c6615a60e467b48ab22ac86fdbc7cae.json,1217,14,1.0,13,0.010682004930156122,1.0,7,0,1.0
1982,fc08a11c0ab49f27d54890ea6fa09916df6456cd0ebefc8eb84baafcfe9bbab6,ransomware,EEIA,2020,Amd64,1,7.9171326208848,EXE,RanDS_Behaviour_Activity_Dataset/dataset/fc/fc08a11c0ab49f27d54890ea6fa09916df6456cd0ebefc8eb84baafcfe9bbab6.json,raw_reports/ransomware/fc08a11c0ab49f27d54890ea6fa09916df6456cd0ebefc8eb84baafcfe9bbab6.json,194,12,1.0,33,0.17010309278350516,1.0,3,0,1.0
1983,fc76bb87d992815131b6a39804a23c024e788c7a7bc4e55e614d20d8966cf256,ransomware,Zeppelin,2022,I386,1,7.394928482496,EXE,RanDS_Behaviour_Activity_Dataset/dataset/fc/fc76bb87d992815131b6a39804a23c024e788c7a7bc4e55e614d20d8966cf256.json,raw_reports/ransomware/fc76bb87d992815131b6a39804a23c024e788c7a7bc4e55e614d20d8966cf256.json,748,14,1.0,22,0.029411764705882353,1.0,7,0,1.0
1984,fc9165f2702032e355b392fe6ada38cfd6e1eceafb5453de7991369addd266a6,ransomware,Loki,2021,I386,1,7.7217124967274,EXE,RanDS_Behaviour_Activity_Dataset/dataset/fc/fc9165f2702032e355b392fe6ada38cfd6e1eceafb5453de7991369addd266a6.json,raw_reports/ransomware/fc9165f2702032e355b392fe6ada38cfd6e1eceafb5453de7991369addd266a6.json,1151,15,1.0,48,0.04170286707211121,1.0,5,0,1.0
1985,fcbb0a893857ef1a65ed50f65d9d21505aeec595aab6695b417bb3665e1797ed,ransomware,STOP,2023,I386,1,7.1027632226136,EXE,RanDS_Behaviour_Activity_Dataset/dataset/fc/fcbb0a893857ef1a65ed50f65d9d21505aeec595aab6695b417bb3665e1797ed.json,raw_reports/ransomware/fcbb0a893857ef1a65ed50f65d9d21505aeec595aab6695b417bb3665e1797ed.json,136,15,1.0,8,0.058823529411764705,1.0,7,0,1.0
1986,fccf57db9ef1edb43daabe262bc2bca44423ac7beab6249ceba5f87d0d15f97f,ransomware,Loki,2022,I386,1,7.4185987692448,EXE,RanDS_Behaviour_Activity_Dataset/dataset/fc/fccf57db9ef1edb43daabe262bc2bca44423ac7beab6249ceba5f87d0d15f97f.json,raw_reports/ransomware/fccf57db9ef1edb43daabe262bc2bca44423ac7beab6249ceba5f87d0d15f97f.json,1037,14,1.0,23,0.022179363548698167,1.0,7,0,1.0
1987,fd4742dfd2456459d918c11b54318b4e79f157229a8d0c63a9a28484ecaa53f5,ransomware,MSIL,2023,I386,1,7.2343746022355,EXE,RanDS_Behaviour_Activity_Dataset/dataset/fd/fd4742dfd2456459d918c11b54318b4e79f157229a8d0c63a9a28484ecaa53f5.json,raw_reports/ransomware/fd4742dfd2456459d918c11b54318b4e79f157229a8d0c63a9a28484ecaa53f5.json,1260,15,1.0,61,0.048412698412698414,1.0,7,0,1.0
1988,fd5030b33e9f626dceea517a8ff935dcd2f9d9d8d6ff9ded6f998ecee7de7e52,ransomware,Loki,2023,I386,1,7.5021953863974,EXE,RanDS_Behaviour_Activity_Dataset/dataset/fd/fd5030b33e9f626dceea517a8ff935dcd2f9d9d8d6ff9ded6f998ecee7de7e52.json,raw_reports/ransomware/fd5030b33e9f626dceea517a8ff935dcd2f9d9d8d6ff9ded6f998ecee7de7e52.json,1001,15,1.0,15,0.014985014985014986,1.0,5,0,1.0
1989,fd5957eee1c9955a0e640d3447fd62b464feed850ed5ea539a78bd87020490bc,ransomware,Loki,2023,I386,0,6.2571103764945,EXE,RanDS_Behaviour_Activity_Dataset/dataset/fd/fd5957eee1c9955a0e640d3447fd62b464feed850ed5ea539a78bd87020490bc.json,raw_reports/ransomware/fd5957eee1c9955a0e640d3447fd62b464feed850ed5ea539a78bd87020490bc.json,93,16,1.0,25,0.26881720430107525,1.0,3,0,1.0
1990,fda0911dca7590a76d9ad415817b83f11b1857569d356169c979c1e39592a9b4,ransomware,Loki,2023,I386,1,7.6049093572079,EXE,RanDS_Behaviour_Activity_Dataset/dataset/fd/fda0911dca7590a76d9ad415817b83f11b1857569d356169c979c1e39592a9b4.json,raw_reports/ransomware/fda0911dca7590a76d9ad415817b83f11b1857569d356169c979c1e39592a9b4.json,326,15,1.0,15,0.046012269938650305,1.0,3,0,1.0
1991,fdc677aa3058f9a262cb3c70cff1aa6acf627c9722385ab999813f01af0888c0,ransomware,Loki,2020,I386,1,7.8609796919853,EXE,RanDS_Behaviour_Activity_Dataset/dataset/fd/fdc677aa3058f9a262cb3c70cff1aa6acf627c9722385ab999813f01af0888c0.json,raw_reports/ransomware/fdc677aa3058f9a262cb3c70cff1aa6acf627c9722385ab999813f01af0888c0.json,702,14,1.0,21,0.029914529914529916,1.0,4,0,1.0
1992,fdd48565b4c05b6c75f020cf10fecbfec30bc9e90ccc02134a3d3fef820dfcd2,ransomware,Sodinokibi,2020,I386,1,6.5766516656671,DLL,RanDS_Behaviour_Activity_Dataset/dataset/fd/fdd48565b4c05b6c75f020cf10fecbfec30bc9e90ccc02134a3d3fef820dfcd2.json,raw_reports/ransomware/fdd48565b4c05b6c75f020cf10fecbfec30bc9e90ccc02134a3d3fef820dfcd2.json,28,8,1.0,0,0.0,0.7777777777777778,2,2,1.0
1993,fdf0c7d08d92b27b19cd74779d71066a5605f3389421a4b9f3e50276ed7223ea,ransomware,Loki,2023,I386,1,7.9476461038675,EXE,RanDS_Behaviour_Activity_Dataset/dataset/fd/fdf0c7d08d92b27b19cd74779d71066a5605f3389421a4b9f3e50276ed7223ea.json,raw_reports/ransomware/fdf0c7d08d92b27b19cd74779d71066a5605f3389421a4b9f3e50276ed7223ea.json,1025,14,1.0,16,0.015609756097560976,1.0,4,0,1.0
1994,fe5543492a9e4e16791d47d369be38cca870b124a009a073cdb6cdf215e26a80,ransomware,Blocker,2024,Amd64,0,5.1544862434052,EXE,RanDS_Behaviour_Activity_Dataset/dataset/fe/fe5543492a9e4e16791d47d369be38cca870b124a009a073cdb6cdf215e26a80.json,raw_reports/ransomware/fe5543492a9e4e16791d47d369be38cca870b124a009a073cdb6cdf215e26a80.json,1026,15,1.0,138,0.13450292397660818,1.0,8,0,1.0
1995,fe7957318166dd7147d4b7b42360f9369f0657308fa68f929d573d4ac99aed9d,ransomware,Loki,2023,I386,1,7.7162607208594,EXE,RanDS_Behaviour_Activity_Dataset/dataset/fe/fe7957318166dd7147d4b7b42360f9369f0657308fa68f929d573d4ac99aed9d.json,raw_reports/ransomware/fe7957318166dd7147d4b7b42360f9369f0657308fa68f929d573d4ac99aed9d.json,138,12,1.0,10,0.07246376811594203,1.0,5,0,1.0
1996,fe7fbe60225bf1f9a524420802b7af625f162e1bb2bca6a1efe53880e27f25a3,ransomware,Zeppelin,2022,I386,1,6.852881421288,EXE,RanDS_Behaviour_Activity_Dataset/dataset/fe/fe7fbe60225bf1f9a524420802b7af625f162e1bb2bca6a1efe53880e27f25a3.json,raw_reports/ransomware/fe7fbe60225bf1f9a524420802b7af625f162e1bb2bca6a1efe53880e27f25a3.json,559,14,1.0,54,0.09660107334525939,1.0,5,0,1.0
1997,fef0ad22b4d7cdca14fcd378769fe3f2787b10417d870b26d498654fc6f2866e,ransomware,Loki,2023,I386,1,7.7518117173225,EXE,RanDS_Behaviour_Activity_Dataset/dataset/fe/fef0ad22b4d7cdca14fcd378769fe3f2787b10417d870b26d498654fc6f2866e.json,raw_reports/ransomware/fef0ad22b4d7cdca14fcd378769fe3f2787b10417d870b26d498654fc6f2866e.json,955,14,1.0,19,0.019895287958115182,1.0,6,0,1.0
1998,ff2349d0baa3d38b56f1251ad1299c07d9ebf947a38c6bce1122482ed4aa48c7,ransomware,STOP,2023,I386,1,6.7630986013612,EXE,RanDS_Behaviour_Activity_Dataset/dataset/ff/ff2349d0baa3d38b56f1251ad1299c07d9ebf947a38c6bce1122482ed4aa48c7.json,raw_reports/ransomware/ff2349d0baa3d38b56f1251ad1299c07d9ebf947a38c6bce1122482ed4aa48c7.json,43,14,1.0,8,0.18604651162790697,1.0,2,0,1.0
1999,ffd10221005211f090f34086ba86a046bf7e44410e6f0163dd5bb82ecdadecb1,ransomware,Loki,2021,I386,0,6.0052470789744,EXE,RanDS_Behaviour_Activity_Dataset/dataset/ff/ffd10221005211f090f34086ba86a046bf7e44410e6f0163dd5bb82ecdadecb1.json,raw_reports/ransomware/ffd10221005211f090f34086ba86a046bf7e44410e6f0163dd5bb82ecdadecb1.json,570,14,1.0,9,0.015789473684210527,1.0,6,0,1.0
2000,ffe005fbedb256fd73d88068639c1498dff4349755048184d8aa3cb254ea1e0d,ransomware,Loki,2020,I386,1,6.8334845278254,EXE,RanDS_Behaviour_Activity_Dataset/dataset/ff/ffe005fbedb256fd73d88068639c1498dff4349755048184d8aa3cb254ea1e0d.json,raw_reports/ransomware/ffe005fbedb256fd73d88068639c1498dff4349755048184d8aa3cb254ea1e0d.json,531,15,1.0,9,0.01694915254237288,1.0,7,0,1.0
