sha256,label,operation,field,index,expected_effect,expected_property,expected_capabilities
ea80b5fc2cc98eea5376f3ef1b1de3c447550ae5ee3c7cc8dfbbe9310c288880,benign,delete_critical_atom,accessed_files,0,target support may become indeterminate; unrelated claims remain unchanged,missingness_separation,file_impact
ea80b5fc2cc98eea5376f3ef1b1de3c447550ae5ee3c7cc8dfbbe9310c288880,benign,delete_noncritical_atom,accessed_registry_keys,0,unrelated capability should remain unchanged where no shared atom exists,noncritical_deletion_locality,
ea80b5fc2cc98eea5376f3ef1b1de3c447550ae5ee3c7cc8dfbbe9310c288880,benign,normalize_identifier,accessed_files,0,environment marker changed; semantic capability should be invariant unless marker is the only support,identifier_invariance,
ea80b5fc2cc98eea5376f3ef1b1de3c447550ae5ee3c7cc8dfbbe9310c288880,benign,substitute_identifier,accessed_files,0,environment marker changed; semantic capability should be invariant unless marker is the only support,identifier_invariance,
ea80b5fc2cc98eea5376f3ef1b1de3c447550ae5ee3c7cc8dfbbe9310c288880,benign,inject_conflict,executed_commands,0,explicit success/failure conflict must be recorded separately from missingness,explicit_conflict_recording,
efb1e6237926364158969a14105962ef4fbfdde67311711cc2e31340675996aa,benign,delete_critical_atom,accessed_registry_keys,47,target support may become indeterminate; unrelated claims remain unchanged,missingness_separation,anti_analysis
efb1e6237926364158969a14105962ef4fbfdde67311711cc2e31340675996aa,benign,delete_noncritical_atom,accessed_registry_keys,0,unrelated capability should remain unchanged where no shared atom exists,noncritical_deletion_locality,
efb1e6237926364158969a14105962ef4fbfdde67311711cc2e31340675996aa,benign,inject_conflict,executed_commands,0,explicit success/failure conflict must be recorded separately from missingness,explicit_conflict_recording,
5e5868d3f825d7e7fcdc1ba607fda85b13274eb955bf15cc500247387e4e5237,benign,delete_critical_atom,accessed_registry_keys,31,target support may become indeterminate; unrelated claims remain unchanged,missingness_separation,anti_analysis
5e5868d3f825d7e7fcdc1ba607fda85b13274eb955bf15cc500247387e4e5237,benign,delete_noncritical_atom,accessed_registry_keys,0,unrelated capability should remain unchanged where no shared atom exists,noncritical_deletion_locality,
5e5868d3f825d7e7fcdc1ba607fda85b13274eb955bf15cc500247387e4e5237,benign,normalize_identifier,accessed_files,52,environment marker changed; semantic capability should be invariant unless marker is the only support,identifier_invariance,
5e5868d3f825d7e7fcdc1ba607fda85b13274eb955bf15cc500247387e4e5237,benign,substitute_identifier,accessed_files,52,environment marker changed; semantic capability should be invariant unless marker is the only support,identifier_invariance,
5e5868d3f825d7e7fcdc1ba607fda85b13274eb955bf15cc500247387e4e5237,benign,inject_conflict,executed_commands,0,explicit success/failure conflict must be recorded separately from missingness,explicit_conflict_recording,
3e2b82652a950241de488afbdab04837a1be28d0aca360d21ab8250ddffbc2e3,benign,delete_critical_atom,accessed_registry_keys,51,target support may become indeterminate; unrelated claims remain unchanged,missingness_separation,anti_analysis
3e2b82652a950241de488afbdab04837a1be28d0aca360d21ab8250ddffbc2e3,benign,delete_noncritical_atom,accessed_registry_keys,0,unrelated capability should remain unchanged where no shared atom exists,noncritical_deletion_locality,
3e2b82652a950241de488afbdab04837a1be28d0aca360d21ab8250ddffbc2e3,benign,normalize_identifier,accessed_files,0,environment marker changed; semantic capability should be invariant unless marker is the only support,identifier_invariance,
3e2b82652a950241de488afbdab04837a1be28d0aca360d21ab8250ddffbc2e3,benign,substitute_identifier,accessed_files,0,environment marker changed; semantic capability should be invariant unless marker is the only support,identifier_invariance,
3e2b82652a950241de488afbdab04837a1be28d0aca360d21ab8250ddffbc2e3,benign,inject_conflict,executed_commands,0,explicit success/failure conflict must be recorded separately from missingness,explicit_conflict_recording,
c3f3d7a07fab9af38a2a00bf0df6eee18ca8fe26277bec9d8adb793f2cd5ec1f,benign,delete_critical_atom,accessed_files,0,target support may become indeterminate; unrelated claims remain unchanged,missingness_separation,file_impact
c3f3d7a07fab9af38a2a00bf0df6eee18ca8fe26277bec9d8adb793f2cd5ec1f,benign,delete_noncritical_atom,accessed_registry_keys,0,unrelated capability should remain unchanged where no shared atom exists,noncritical_deletion_locality,
c3f3d7a07fab9af38a2a00bf0df6eee18ca8fe26277bec9d8adb793f2cd5ec1f,benign,normalize_identifier,accessed_files,20,environment marker changed; semantic capability should be invariant unless marker is the only support,identifier_invariance,
c3f3d7a07fab9af38a2a00bf0df6eee18ca8fe26277bec9d8adb793f2cd5ec1f,benign,substitute_identifier,accessed_files,20,environment marker changed; semantic capability should be invariant unless marker is the only support,identifier_invariance,
c3f3d7a07fab9af38a2a00bf0df6eee18ca8fe26277bec9d8adb793f2cd5ec1f,benign,inject_conflict,executed_commands,0,explicit success/failure conflict must be recorded separately from missingness,explicit_conflict_recording,
368fa8da7478a441e07ff1c6ab2d20adc8e16b2dfe4dc9231c51f600e914ed92,benign,delete_critical_atom,accessed_registry_keys,73,target support may become indeterminate; unrelated claims remain unchanged,missingness_separation,privilege_manipulation
368fa8da7478a441e07ff1c6ab2d20adc8e16b2dfe4dc9231c51f600e914ed92,benign,delete_noncritical_atom,accessed_registry_keys,0,unrelated capability should remain unchanged where no shared atom exists,noncritical_deletion_locality,
368fa8da7478a441e07ff1c6ab2d20adc8e16b2dfe4dc9231c51f600e914ed92,benign,normalize_identifier,accessed_files,0,environment marker changed; semantic capability should be invariant unless marker is the only support,identifier_invariance,
368fa8da7478a441e07ff1c6ab2d20adc8e16b2dfe4dc9231c51f600e914ed92,benign,substitute_identifier,accessed_files,0,environment marker changed; semantic capability should be invariant unless marker is the only support,identifier_invariance,
368fa8da7478a441e07ff1c6ab2d20adc8e16b2dfe4dc9231c51f600e914ed92,benign,inject_conflict,executed_commands,0,explicit success/failure conflict must be recorded separately from missingness,explicit_conflict_recording,
fd5462bb516729dc02bb7c902b6725997bd11e46962184f3d8363479bdcc591b,benign,delete_critical_atom,accessed_registry_keys,21,target support may become indeterminate; unrelated claims remain unchanged,missingness_separation,anti_analysis
fd5462bb516729dc02bb7c902b6725997bd11e46962184f3d8363479bdcc591b,benign,delete_noncritical_atom,accessed_registry_keys,0,unrelated capability should remain unchanged where no shared atom exists,noncritical_deletion_locality,
fd5462bb516729dc02bb7c902b6725997bd11e46962184f3d8363479bdcc591b,benign,normalize_identifier,accessed_files,0,environment marker changed; semantic capability should be invariant unless marker is the only support,identifier_invariance,
fd5462bb516729dc02bb7c902b6725997bd11e46962184f3d8363479bdcc591b,benign,substitute_identifier,accessed_files,0,environment marker changed; semantic capability should be invariant unless marker is the only support,identifier_invariance,
fd5462bb516729dc02bb7c902b6725997bd11e46962184f3d8363479bdcc591b,benign,inject_conflict,executed_commands,0,explicit success/failure conflict must be recorded separately from missingness,explicit_conflict_recording,
6896c1f21cc9a5bc17e2e2fb645669ae708cb378c63e5eef11b3e95527f3da32,benign,delete_critical_atom,accessed_files,0,target support may become indeterminate; unrelated claims remain unchanged,missingness_separation,file_impact
6896c1f21cc9a5bc17e2e2fb645669ae708cb378c63e5eef11b3e95527f3da32,benign,delete_noncritical_atom,accessed_registry_keys,0,unrelated capability should remain unchanged where no shared atom exists,noncritical_deletion_locality,
6896c1f21cc9a5bc17e2e2fb645669ae708cb378c63e5eef11b3e95527f3da32,benign,normalize_identifier,accessed_files,1,environment marker changed; semantic capability should be invariant unless marker is the only support,identifier_invariance,
6896c1f21cc9a5bc17e2e2fb645669ae708cb378c63e5eef11b3e95527f3da32,benign,substitute_identifier,accessed_files,1,environment marker changed; semantic capability should be invariant unless marker is the only support,identifier_invariance,
6896c1f21cc9a5bc17e2e2fb645669ae708cb378c63e5eef11b3e95527f3da32,benign,inject_conflict,executed_commands,0,explicit success/failure conflict must be recorded separately from missingness,explicit_conflict_recording,
618bab871bc042d3df170a3df1cfe512adb4a6c90c6ec38ae2a37b45c58abfb4,benign,delete_critical_atom,accessed_files,0,target support may become indeterminate; unrelated claims remain unchanged,missingness_separation,file_impact
618bab871bc042d3df170a3df1cfe512adb4a6c90c6ec38ae2a37b45c58abfb4,benign,delete_noncritical_atom,accessed_registry_keys,0,unrelated capability should remain unchanged where no shared atom exists,noncritical_deletion_locality,
618bab871bc042d3df170a3df1cfe512adb4a6c90c6ec38ae2a37b45c58abfb4,benign,inject_conflict,executed_commands,0,explicit success/failure conflict must be recorded separately from missingness,explicit_conflict_recording,
db81e987840b5d2629dca10abca7f3972d1faec53d777258e2228f4eff077726,benign,delete_critical_atom,accessed_registry_keys,28,target support may become indeterminate; unrelated claims remain unchanged,missingness_separation,anti_analysis
db81e987840b5d2629dca10abca7f3972d1faec53d777258e2228f4eff077726,benign,delete_noncritical_atom,accessed_registry_keys,0,unrelated capability should remain unchanged where no shared atom exists,noncritical_deletion_locality,
db81e987840b5d2629dca10abca7f3972d1faec53d777258e2228f4eff077726,benign,normalize_identifier,accessed_files,61,environment marker changed; semantic capability should be invariant unless marker is the only support,identifier_invariance,
db81e987840b5d2629dca10abca7f3972d1faec53d777258e2228f4eff077726,benign,substitute_identifier,accessed_files,61,environment marker changed; semantic capability should be invariant unless marker is the only support,identifier_invariance,
db81e987840b5d2629dca10abca7f3972d1faec53d777258e2228f4eff077726,benign,inject_conflict,executed_commands,0,explicit success/failure conflict must be recorded separately from missingness,explicit_conflict_recording,
6ba23b5102f9ab8b74ada2a47be870e1ff3bb27b92cd78e2bc6421ee1de44941,benign,delete_critical_atom,accessed_registry_keys,175,target support may become indeterminate; unrelated claims remain unchanged,missingness_separation,anti_analysis
6ba23b5102f9ab8b74ada2a47be870e1ff3bb27b92cd78e2bc6421ee1de44941,benign,delete_noncritical_atom,accessed_registry_keys,0,unrelated capability should remain unchanged where no shared atom exists,noncritical_deletion_locality,
6ba23b5102f9ab8b74ada2a47be870e1ff3bb27b92cd78e2bc6421ee1de44941,benign,normalize_identifier,created_registry_keys,3,environment marker changed; semantic capability should be invariant unless marker is the only support,identifier_invariance,
6ba23b5102f9ab8b74ada2a47be870e1ff3bb27b92cd78e2bc6421ee1de44941,benign,substitute_identifier,created_registry_keys,3,environment marker changed; semantic capability should be invariant unless marker is the only support,identifier_invariance,
6ba23b5102f9ab8b74ada2a47be870e1ff3bb27b92cd78e2bc6421ee1de44941,benign,inject_conflict,executed_commands,0,explicit success/failure conflict must be recorded separately from missingness,explicit_conflict_recording,
475ab98b7722e965bd38c8fa6ed23502309582ccf294ff1061cb290c7988f0d1,benign,delete_critical_atom,accessed_registry_keys,1,target support may become indeterminate; unrelated claims remain unchanged,missingness_separation,anti_analysis
475ab98b7722e965bd38c8fa6ed23502309582ccf294ff1061cb290c7988f0d1,benign,delete_noncritical_atom,accessed_registry_keys,0,unrelated capability should remain unchanged where no shared atom exists,noncritical_deletion_locality,
475ab98b7722e965bd38c8fa6ed23502309582ccf294ff1061cb290c7988f0d1,benign,normalize_identifier,accessed_files,152,environment marker changed; semantic capability should be invariant unless marker is the only support,identifier_invariance,
475ab98b7722e965bd38c8fa6ed23502309582ccf294ff1061cb290c7988f0d1,benign,substitute_identifier,accessed_files,152,environment marker changed; semantic capability should be invariant unless marker is the only support,identifier_invariance,
475ab98b7722e965bd38c8fa6ed23502309582ccf294ff1061cb290c7988f0d1,benign,inject_conflict,executed_commands,0,explicit success/failure conflict must be recorded separately from missingness,explicit_conflict_recording,
794bb66c96bfb2413e04e9e88edcf875de9398d9e07008cb431b03df3168d9cf,benign,delete_critical_atom,created_process,0,target support may become indeterminate; unrelated claims remain unchanged,missingness_separation,persistence;execution_proxy
794bb66c96bfb2413e04e9e88edcf875de9398d9e07008cb431b03df3168d9cf,benign,delete_noncritical_atom,accessed_registry_keys,0,unrelated capability should remain unchanged where no shared atom exists,noncritical_deletion_locality,
794bb66c96bfb2413e04e9e88edcf875de9398d9e07008cb431b03df3168d9cf,benign,normalize_identifier,killed_process,0,environment marker changed; semantic capability should be invariant unless marker is the only support,identifier_invariance,
794bb66c96bfb2413e04e9e88edcf875de9398d9e07008cb431b03df3168d9cf,benign,substitute_identifier,killed_process,0,environment marker changed; semantic capability should be invariant unless marker is the only support,identifier_invariance,
794bb66c96bfb2413e04e9e88edcf875de9398d9e07008cb431b03df3168d9cf,benign,inject_conflict,executed_commands,0,explicit success/failure conflict must be recorded separately from missingness,explicit_conflict_recording,
994a8c3a1d3a5a8008b2e283adfeed3fae01e5c5e6db34cd8c9978f065e96d89,benign,delete_critical_atom,accessed_files,0,target support may become indeterminate; unrelated claims remain unchanged,missingness_separation,file_impact
994a8c3a1d3a5a8008b2e283adfeed3fae01e5c5e6db34cd8c9978f065e96d89,benign,delete_noncritical_atom,accessed_registry_keys,0,unrelated capability should remain unchanged where no shared atom exists,noncritical_deletion_locality,
994a8c3a1d3a5a8008b2e283adfeed3fae01e5c5e6db34cd8c9978f065e96d89,benign,normalize_identifier,accessed_files,0,environment marker changed; semantic capability should be invariant unless marker is the only support,identifier_invariance,
994a8c3a1d3a5a8008b2e283adfeed3fae01e5c5e6db34cd8c9978f065e96d89,benign,substitute_identifier,accessed_files,0,environment marker changed; semantic capability should be invariant unless marker is the only support,identifier_invariance,
994a8c3a1d3a5a8008b2e283adfeed3fae01e5c5e6db34cd8c9978f065e96d89,benign,inject_conflict,executed_commands,0,explicit success/failure conflict must be recorded separately from missingness,explicit_conflict_recording,
932a57f2c6fb303ef7d875819705cf95c45d2f94a9c3c73d9fb238e7f9482d00,benign,delete_critical_atom,created_registry_keys,14,target support may become indeterminate; unrelated claims remain unchanged,missingness_separation,persistence
932a57f2c6fb303ef7d875819705cf95c45d2f94a9c3c73d9fb238e7f9482d00,benign,delete_noncritical_atom,accessed_registry_keys,0,unrelated capability should remain unchanged where no shared atom exists,noncritical_deletion_locality,
932a57f2c6fb303ef7d875819705cf95c45d2f94a9c3c73d9fb238e7f9482d00,benign,normalize_identifier,accessed_files,275,environment marker changed; semantic capability should be invariant unless marker is the only support,identifier_invariance,
932a57f2c6fb303ef7d875819705cf95c45d2f94a9c3c73d9fb238e7f9482d00,benign,substitute_identifier,accessed_files,275,environment marker changed; semantic capability should be invariant unless marker is the only support,identifier_invariance,
932a57f2c6fb303ef7d875819705cf95c45d2f94a9c3c73d9fb238e7f9482d00,benign,inject_conflict,executed_commands,0,explicit success/failure conflict must be recorded separately from missingness,explicit_conflict_recording,
bc5c6e555f5b4789b3dfcce4ad54b305f4fdc3cfd6f851438ef77aa1c23bba03,benign,delete_critical_atom,accessed_files,0,target support may become indeterminate; unrelated claims remain unchanged,missingness_separation,file_impact
bc5c6e555f5b4789b3dfcce4ad54b305f4fdc3cfd6f851438ef77aa1c23bba03,benign,delete_noncritical_atom,accessed_registry_keys,0,unrelated capability should remain unchanged where no shared atom exists,noncritical_deletion_locality,
bc5c6e555f5b4789b3dfcce4ad54b305f4fdc3cfd6f851438ef77aa1c23bba03,benign,normalize_identifier,created_registry_keys,19,environment marker changed; semantic capability should be invariant unless marker is the only support,identifier_invariance,
bc5c6e555f5b4789b3dfcce4ad54b305f4fdc3cfd6f851438ef77aa1c23bba03,benign,substitute_identifier,created_registry_keys,19,environment marker changed; semantic capability should be invariant unless marker is the only support,identifier_invariance,
bc5c6e555f5b4789b3dfcce4ad54b305f4fdc3cfd6f851438ef77aa1c23bba03,benign,inject_conflict,executed_commands,0,explicit success/failure conflict must be recorded separately from missingness,explicit_conflict_recording,
d8b6fea4215367e3a204d97149b6fc3fb66070ae59ef2abe6bfb22ff9a246228,benign,delete_critical_atom,accessed_files,0,target support may become indeterminate; unrelated claims remain unchanged,missingness_separation,file_impact
d8b6fea4215367e3a204d97149b6fc3fb66070ae59ef2abe6bfb22ff9a246228,benign,delete_noncritical_atom,accessed_registry_keys,0,unrelated capability should remain unchanged where no shared atom exists,noncritical_deletion_locality,
d8b6fea4215367e3a204d97149b6fc3fb66070ae59ef2abe6bfb22ff9a246228,benign,inject_conflict,executed_commands,0,explicit success/failure conflict must be recorded separately from missingness,explicit_conflict_recording,
a1667d0d212bde2df1f28526a35d2d29d49ff5696f64caf72d4bfa9defabcda2,benign,delete_critical_atom,accessed_registry_keys,32,target support may become indeterminate; unrelated claims remain unchanged,missingness_separation,anti_analysis
a1667d0d212bde2df1f28526a35d2d29d49ff5696f64caf72d4bfa9defabcda2,benign,delete_noncritical_atom,accessed_registry_keys,0,unrelated capability should remain unchanged where no shared atom exists,noncritical_deletion_locality,
a1667d0d212bde2df1f28526a35d2d29d49ff5696f64caf72d4bfa9defabcda2,benign,normalize_identifier,accessed_files,67,environment marker changed; semantic capability should be invariant unless marker is the only support,identifier_invariance,
a1667d0d212bde2df1f28526a35d2d29d49ff5696f64caf72d4bfa9defabcda2,benign,substitute_identifier,accessed_files,67,environment marker changed; semantic capability should be invariant unless marker is the only support,identifier_invariance,
a1667d0d212bde2df1f28526a35d2d29d49ff5696f64caf72d4bfa9defabcda2,benign,inject_conflict,executed_commands,0,explicit success/failure conflict must be recorded separately from missingness,explicit_conflict_recording,
d4c6e7c540afa02ec55a924f49dc814f004d48f82f21009bd4e69ba2585ed665,benign,delete_critical_atom,accessed_files,0,target support may become indeterminate; unrelated claims remain unchanged,missingness_separation,file_impact
d4c6e7c540afa02ec55a924f49dc814f004d48f82f21009bd4e69ba2585ed665,benign,delete_noncritical_atom,accessed_registry_keys,0,unrelated capability should remain unchanged where no shared atom exists,noncritical_deletion_locality,
d4c6e7c540afa02ec55a924f49dc814f004d48f82f21009bd4e69ba2585ed665,benign,normalize_identifier,accessed_files,1,environment marker changed; semantic capability should be invariant unless marker is the only support,identifier_invariance,
d4c6e7c540afa02ec55a924f49dc814f004d48f82f21009bd4e69ba2585ed665,benign,substitute_identifier,accessed_files,1,environment marker changed; semantic capability should be invariant unless marker is the only support,identifier_invariance,
d4c6e7c540afa02ec55a924f49dc814f004d48f82f21009bd4e69ba2585ed665,benign,inject_conflict,executed_commands,0,explicit success/failure conflict must be recorded separately from missingness,explicit_conflict_recording,
45bdf89c40a35f2bb5e8a49a8fe3b67a9984adb4f65bc40ebf4e320c50194218,benign,delete_critical_atom,accessed_files,0,target support may become indeterminate; unrelated claims remain unchanged,missingness_separation,file_impact
45bdf89c40a35f2bb5e8a49a8fe3b67a9984adb4f65bc40ebf4e320c50194218,benign,delete_noncritical_atom,accessed_registry_keys,0,unrelated capability should remain unchanged where no shared atom exists,noncritical_deletion_locality,
45bdf89c40a35f2bb5e8a49a8fe3b67a9984adb4f65bc40ebf4e320c50194218,benign,normalize_identifier,accessed_files,3,environment marker changed; semantic capability should be invariant unless marker is the only support,identifier_invariance,
45bdf89c40a35f2bb5e8a49a8fe3b67a9984adb4f65bc40ebf4e320c50194218,benign,substitute_identifier,accessed_files,3,environment marker changed; semantic capability should be invariant unless marker is the only support,identifier_invariance,
45bdf89c40a35f2bb5e8a49a8fe3b67a9984adb4f65bc40ebf4e320c50194218,benign,inject_conflict,executed_commands,0,explicit success/failure conflict must be recorded separately from missingness,explicit_conflict_recording,
75b1e5e7aaf84fbfa154739459e7ade2c10c92865da65620eb3cdd569530c331,benign,delete_critical_atom,accessed_registry_keys,19,target support may become indeterminate; unrelated claims remain unchanged,missingness_separation,anti_analysis
75b1e5e7aaf84fbfa154739459e7ade2c10c92865da65620eb3cdd569530c331,benign,delete_noncritical_atom,accessed_registry_keys,0,unrelated capability should remain unchanged where no shared atom exists,noncritical_deletion_locality,
75b1e5e7aaf84fbfa154739459e7ade2c10c92865da65620eb3cdd569530c331,benign,normalize_identifier,accessed_files,0,environment marker changed; semantic capability should be invariant unless marker is the only support,identifier_invariance,
75b1e5e7aaf84fbfa154739459e7ade2c10c92865da65620eb3cdd569530c331,benign,substitute_identifier,accessed_files,0,environment marker changed; semantic capability should be invariant unless marker is the only support,identifier_invariance,
75b1e5e7aaf84fbfa154739459e7ade2c10c92865da65620eb3cdd569530c331,benign,inject_conflict,executed_commands,0,explicit success/failure conflict must be recorded separately from missingness,explicit_conflict_recording,
e6c9c88491ef6fb4b4dafac3276c8e2a3b2bc3c4d7825f4eaa3ac99e1801195b,benign,delete_critical_atom,accessed_registry_keys,10,target support may become indeterminate; unrelated claims remain unchanged,missingness_separation,privilege_manipulation
e6c9c88491ef6fb4b4dafac3276c8e2a3b2bc3c4d7825f4eaa3ac99e1801195b,benign,delete_noncritical_atom,accessed_registry_keys,0,unrelated capability should remain unchanged where no shared atom exists,noncritical_deletion_locality,
e6c9c88491ef6fb4b4dafac3276c8e2a3b2bc3c4d7825f4eaa3ac99e1801195b,benign,normalize_identifier,accessed_files,0,environment marker changed; semantic capability should be invariant unless marker is the only support,identifier_invariance,
e6c9c88491ef6fb4b4dafac3276c8e2a3b2bc3c4d7825f4eaa3ac99e1801195b,benign,substitute_identifier,accessed_files,0,environment marker changed; semantic capability should be invariant unless marker is the only support,identifier_invariance,
e6c9c88491ef6fb4b4dafac3276c8e2a3b2bc3c4d7825f4eaa3ac99e1801195b,benign,inject_conflict,executed_commands,0,explicit success/failure conflict must be recorded separately from missingness,explicit_conflict_recording,
93b7d25e728ac117582b60d3ce27a57db20f2e4c5dc86eab4af3f5a97f74a629,benign,delete_critical_atom,created_registry_keys,7,target support may become indeterminate; unrelated claims remain unchanged,missingness_separation,persistence
93b7d25e728ac117582b60d3ce27a57db20f2e4c5dc86eab4af3f5a97f74a629,benign,delete_noncritical_atom,accessed_registry_keys,0,unrelated capability should remain unchanged where no shared atom exists,noncritical_deletion_locality,
93b7d25e728ac117582b60d3ce27a57db20f2e4c5dc86eab4af3f5a97f74a629,benign,normalize_identifier,created_registry_keys,11,environment marker changed; semantic capability should be invariant unless marker is the only support,identifier_invariance,
93b7d25e728ac117582b60d3ce27a57db20f2e4c5dc86eab4af3f5a97f74a629,benign,substitute_identifier,created_registry_keys,11,environment marker changed; semantic capability should be invariant unless marker is the only support,identifier_invariance,
93b7d25e728ac117582b60d3ce27a57db20f2e4c5dc86eab4af3f5a97f74a629,benign,inject_conflict,executed_commands,0,explicit success/failure conflict must be recorded separately from missingness,explicit_conflict_recording,
27f2937e5d1008539ff2d046ea489a751080ec6b8ea1b2bda2fc703120a3615a,benign,delete_critical_atom,accessed_files,0,target support may become indeterminate; unrelated claims remain unchanged,missingness_separation,file_impact
27f2937e5d1008539ff2d046ea489a751080ec6b8ea1b2bda2fc703120a3615a,benign,delete_noncritical_atom,accessed_registry_keys,0,unrelated capability should remain unchanged where no shared atom exists,noncritical_deletion_locality,
27f2937e5d1008539ff2d046ea489a751080ec6b8ea1b2bda2fc703120a3615a,benign,normalize_identifier,accessed_files,16,environment marker changed; semantic capability should be invariant unless marker is the only support,identifier_invariance,
27f2937e5d1008539ff2d046ea489a751080ec6b8ea1b2bda2fc703120a3615a,benign,substitute_identifier,accessed_files,16,environment marker changed; semantic capability should be invariant unless marker is the only support,identifier_invariance,
27f2937e5d1008539ff2d046ea489a751080ec6b8ea1b2bda2fc703120a3615a,benign,inject_conflict,executed_commands,0,explicit success/failure conflict must be recorded separately from missingness,explicit_conflict_recording,
db4f8b9df75e29c142c6dd6e07df7b4ae5342ab0b6ae7b38ec71b52e0191dbd9,benign,delete_critical_atom,accessed_registry_keys,52,target support may become indeterminate; unrelated claims remain unchanged,missingness_separation,privilege_manipulation
db4f8b9df75e29c142c6dd6e07df7b4ae5342ab0b6ae7b38ec71b52e0191dbd9,benign,delete_noncritical_atom,accessed_registry_keys,0,unrelated capability should remain unchanged where no shared atom exists,noncritical_deletion_locality,
db4f8b9df75e29c142c6dd6e07df7b4ae5342ab0b6ae7b38ec71b52e0191dbd9,benign,normalize_identifier,accessed_files,0,environment marker changed; semantic capability should be invariant unless marker is the only support,identifier_invariance,
db4f8b9df75e29c142c6dd6e07df7b4ae5342ab0b6ae7b38ec71b52e0191dbd9,benign,substitute_identifier,accessed_files,0,environment marker changed; semantic capability should be invariant unless marker is the only support,identifier_invariance,
db4f8b9df75e29c142c6dd6e07df7b4ae5342ab0b6ae7b38ec71b52e0191dbd9,benign,inject_conflict,executed_commands,0,explicit success/failure conflict must be recorded separately from missingness,explicit_conflict_recording,
d23f9f72c064b5d2a7979674703585345a78f7be88887794fc9ca2971818b3dc,benign,delete_critical_atom,accessed_files,0,target support may become indeterminate; unrelated claims remain unchanged,missingness_separation,file_impact
d23f9f72c064b5d2a7979674703585345a78f7be88887794fc9ca2971818b3dc,benign,delete_noncritical_atom,accessed_registry_keys,0,unrelated capability should remain unchanged where no shared atom exists,noncritical_deletion_locality,
d23f9f72c064b5d2a7979674703585345a78f7be88887794fc9ca2971818b3dc,benign,normalize_identifier,accessed_files,1,environment marker changed; semantic capability should be invariant unless marker is the only support,identifier_invariance,
d23f9f72c064b5d2a7979674703585345a78f7be88887794fc9ca2971818b3dc,benign,substitute_identifier,accessed_files,1,environment marker changed; semantic capability should be invariant unless marker is the only support,identifier_invariance,
d23f9f72c064b5d2a7979674703585345a78f7be88887794fc9ca2971818b3dc,benign,inject_conflict,executed_commands,0,explicit success/failure conflict must be recorded separately from missingness,explicit_conflict_recording,
4d3521e15b791ca36ab5642f656d8df05f0aca76d055ec870513b0a603be3943,benign,delete_critical_atom,created_registry_keys,0,target support may become indeterminate; unrelated claims remain unchanged,missingness_separation,persistence
4d3521e15b791ca36ab5642f656d8df05f0aca76d055ec870513b0a603be3943,benign,delete_noncritical_atom,accessed_registry_keys,0,unrelated capability should remain unchanged where no shared atom exists,noncritical_deletion_locality,
4d3521e15b791ca36ab5642f656d8df05f0aca76d055ec870513b0a603be3943,benign,normalize_identifier,accessed_files,0,environment marker changed; semantic capability should be invariant unless marker is the only support,identifier_invariance,
4d3521e15b791ca36ab5642f656d8df05f0aca76d055ec870513b0a603be3943,benign,substitute_identifier,accessed_files,0,environment marker changed; semantic capability should be invariant unless marker is the only support,identifier_invariance,
4d3521e15b791ca36ab5642f656d8df05f0aca76d055ec870513b0a603be3943,benign,inject_conflict,executed_commands,0,explicit success/failure conflict must be recorded separately from missingness,explicit_conflict_recording,
711ee1648675dd4871e3ca586db3dd1f8d513a0b6115302fc1d8b04e3a3cc6c8,benign,delete_critical_atom,accessed_files,0,target support may become indeterminate; unrelated claims remain unchanged,missingness_separation,file_impact
711ee1648675dd4871e3ca586db3dd1f8d513a0b6115302fc1d8b04e3a3cc6c8,benign,delete_noncritical_atom,accessed_registry_keys,0,unrelated capability should remain unchanged where no shared atom exists,noncritical_deletion_locality,
711ee1648675dd4871e3ca586db3dd1f8d513a0b6115302fc1d8b04e3a3cc6c8,benign,normalize_identifier,accessed_files,4,environment marker changed; semantic capability should be invariant unless marker is the only support,identifier_invariance,
711ee1648675dd4871e3ca586db3dd1f8d513a0b6115302fc1d8b04e3a3cc6c8,benign,substitute_identifier,accessed_files,4,environment marker changed; semantic capability should be invariant unless marker is the only support,identifier_invariance,
711ee1648675dd4871e3ca586db3dd1f8d513a0b6115302fc1d8b04e3a3cc6c8,benign,inject_conflict,executed_commands,0,explicit success/failure conflict must be recorded separately from missingness,explicit_conflict_recording,
d448975a81e9bf37f6a495d19ee77815914e783c908a7cef8ae48d8a6d9d9da5,benign,delete_critical_atom,accessed_registry_keys,1,target support may become indeterminate; unrelated claims remain unchanged,missingness_separation,privilege_manipulation
d448975a81e9bf37f6a495d19ee77815914e783c908a7cef8ae48d8a6d9d9da5,benign,delete_noncritical_atom,accessed_registry_keys,0,unrelated capability should remain unchanged where no shared atom exists,noncritical_deletion_locality,
d448975a81e9bf37f6a495d19ee77815914e783c908a7cef8ae48d8a6d9d9da5,benign,normalize_identifier,accessed_files,67,environment marker changed; semantic capability should be invariant unless marker is the only support,identifier_invariance,
d448975a81e9bf37f6a495d19ee77815914e783c908a7cef8ae48d8a6d9d9da5,benign,substitute_identifier,accessed_files,67,environment marker changed; semantic capability should be invariant unless marker is the only support,identifier_invariance,
d448975a81e9bf37f6a495d19ee77815914e783c908a7cef8ae48d8a6d9d9da5,benign,inject_conflict,executed_commands,0,explicit success/failure conflict must be recorded separately from missingness,explicit_conflict_recording,
2dde3212904ffc93a4fd273f667f5eeb91981a058695fc10e60d23f04029fb7b,benign,delete_critical_atom,accessed_registry_keys,21,target support may become indeterminate; unrelated claims remain unchanged,missingness_separation,anti_analysis
2dde3212904ffc93a4fd273f667f5eeb91981a058695fc10e60d23f04029fb7b,benign,delete_noncritical_atom,accessed_registry_keys,0,unrelated capability should remain unchanged where no shared atom exists,noncritical_deletion_locality,
2dde3212904ffc93a4fd273f667f5eeb91981a058695fc10e60d23f04029fb7b,benign,normalize_identifier,accessed_files,0,environment marker changed; semantic capability should be invariant unless marker is the only support,identifier_invariance,
2dde3212904ffc93a4fd273f667f5eeb91981a058695fc10e60d23f04029fb7b,benign,substitute_identifier,accessed_files,0,environment marker changed; semantic capability should be invariant unless marker is the only support,identifier_invariance,
2dde3212904ffc93a4fd273f667f5eeb91981a058695fc10e60d23f04029fb7b,benign,inject_conflict,executed_commands,0,explicit success/failure conflict must be recorded separately from missingness,explicit_conflict_recording,
1626307a63872a2d8aacb3f0d7b2b53001e8130f1e7d448501955bee49165748,benign,delete_critical_atom,accessed_files,0,target support may become indeterminate; unrelated claims remain unchanged,missingness_separation,file_impact
1626307a63872a2d8aacb3f0d7b2b53001e8130f1e7d448501955bee49165748,benign,delete_noncritical_atom,accessed_registry_keys,0,unrelated capability should remain unchanged where no shared atom exists,noncritical_deletion_locality,
1626307a63872a2d8aacb3f0d7b2b53001e8130f1e7d448501955bee49165748,benign,inject_conflict,executed_commands,0,explicit success/failure conflict must be recorded separately from missingness,explicit_conflict_recording,
949b9a9e8137e3ae9dcdd987f3ce9ff6614d238b9d52829e12dacea147b4df29,benign,delete_critical_atom,accessed_registry_keys,65,target support may become indeterminate; unrelated claims remain unchanged,missingness_separation,anti_analysis
949b9a9e8137e3ae9dcdd987f3ce9ff6614d238b9d52829e12dacea147b4df29,benign,delete_noncritical_atom,accessed_registry_keys,0,unrelated capability should remain unchanged where no shared atom exists,noncritical_deletion_locality,
949b9a9e8137e3ae9dcdd987f3ce9ff6614d238b9d52829e12dacea147b4df29,benign,normalize_identifier,accessed_files,0,environment marker changed; semantic capability should be invariant unless marker is the only support,identifier_invariance,
949b9a9e8137e3ae9dcdd987f3ce9ff6614d238b9d52829e12dacea147b4df29,benign,substitute_identifier,accessed_files,0,environment marker changed; semantic capability should be invariant unless marker is the only support,identifier_invariance,
949b9a9e8137e3ae9dcdd987f3ce9ff6614d238b9d52829e12dacea147b4df29,benign,inject_conflict,executed_commands,0,explicit success/failure conflict must be recorded separately from missingness,explicit_conflict_recording,
bd0d8e7ee977dfe6be278d549a31ed09c37f8008ab2e8229b49cb91be41d7219,benign,delete_critical_atom,accessed_files,0,target support may become indeterminate; unrelated claims remain unchanged,missingness_separation,file_impact
bd0d8e7ee977dfe6be278d549a31ed09c37f8008ab2e8229b49cb91be41d7219,benign,delete_noncritical_atom,accessed_registry_keys,0,unrelated capability should remain unchanged where no shared atom exists,noncritical_deletion_locality,
bd0d8e7ee977dfe6be278d549a31ed09c37f8008ab2e8229b49cb91be41d7219,benign,normalize_identifier,accessed_files,1,environment marker changed; semantic capability should be invariant unless marker is the only support,identifier_invariance,
bd0d8e7ee977dfe6be278d549a31ed09c37f8008ab2e8229b49cb91be41d7219,benign,substitute_identifier,accessed_files,1,environment marker changed; semantic capability should be invariant unless marker is the only support,identifier_invariance,
bd0d8e7ee977dfe6be278d549a31ed09c37f8008ab2e8229b49cb91be41d7219,benign,inject_conflict,executed_commands,0,explicit success/failure conflict must be recorded separately from missingness,explicit_conflict_recording,
41eeb645d553fb119449d521bad24623e24ec9eb1f3ba9047bb8ae1781301080,benign,delete_critical_atom,accessed_files,0,target support may become indeterminate; unrelated claims remain unchanged,missingness_separation,file_impact
41eeb645d553fb119449d521bad24623e24ec9eb1f3ba9047bb8ae1781301080,benign,delete_noncritical_atom,accessed_registry_keys,0,unrelated capability should remain unchanged where no shared atom exists,noncritical_deletion_locality,
41eeb645d553fb119449d521bad24623e24ec9eb1f3ba9047bb8ae1781301080,benign,normalize_identifier,accessed_files,1,environment marker changed; semantic capability should be invariant unless marker is the only support,identifier_invariance,
41eeb645d553fb119449d521bad24623e24ec9eb1f3ba9047bb8ae1781301080,benign,substitute_identifier,accessed_files,1,environment marker changed; semantic capability should be invariant unless marker is the only support,identifier_invariance,
41eeb645d553fb119449d521bad24623e24ec9eb1f3ba9047bb8ae1781301080,benign,inject_conflict,executed_commands,0,explicit success/failure conflict must be recorded separately from missingness,explicit_conflict_recording,
bcf3012a44b448402166bbab661a9fbca7f9e3c11ad17b3f96a54bbbb82bb235,benign,delete_critical_atom,accessed_files,0,target support may become indeterminate; unrelated claims remain unchanged,missingness_separation,file_impact
bcf3012a44b448402166bbab661a9fbca7f9e3c11ad17b3f96a54bbbb82bb235,benign,delete_noncritical_atom,accessed_registry_keys,0,unrelated capability should remain unchanged where no shared atom exists,noncritical_deletion_locality,
bcf3012a44b448402166bbab661a9fbca7f9e3c11ad17b3f96a54bbbb82bb235,benign,normalize_identifier,created_registry_keys,5,environment marker changed; semantic capability should be invariant unless marker is the only support,identifier_invariance,
bcf3012a44b448402166bbab661a9fbca7f9e3c11ad17b3f96a54bbbb82bb235,benign,substitute_identifier,created_registry_keys,5,environment marker changed; semantic capability should be invariant unless marker is the only support,identifier_invariance,
bcf3012a44b448402166bbab661a9fbca7f9e3c11ad17b3f96a54bbbb82bb235,benign,inject_conflict,executed_commands,0,explicit success/failure conflict must be recorded separately from missingness,explicit_conflict_recording,
3fff3645d6003b77fb09b69ec8e0ef49186b09f12debd4abbda77d7c69fedb7d,benign,delete_critical_atom,accessed_registry_keys,9,target support may become indeterminate; unrelated claims remain unchanged,missingness_separation,privilege_manipulation
3fff3645d6003b77fb09b69ec8e0ef49186b09f12debd4abbda77d7c69fedb7d,benign,delete_noncritical_atom,accessed_registry_keys,0,unrelated capability should remain unchanged where no shared atom exists,noncritical_deletion_locality,
3fff3645d6003b77fb09b69ec8e0ef49186b09f12debd4abbda77d7c69fedb7d,benign,normalize_identifier,accessed_files,25,environment marker changed; semantic capability should be invariant unless marker is the only support,identifier_invariance,
3fff3645d6003b77fb09b69ec8e0ef49186b09f12debd4abbda77d7c69fedb7d,benign,substitute_identifier,accessed_files,25,environment marker changed; semantic capability should be invariant unless marker is the only support,identifier_invariance,
3fff3645d6003b77fb09b69ec8e0ef49186b09f12debd4abbda77d7c69fedb7d,benign,inject_conflict,executed_commands,0,explicit success/failure conflict must be recorded separately from missingness,explicit_conflict_recording,
9e1eb310bb42f5b6f4d85b8140541daf5e5d3b00cb574a5815a4d6c3d0730ccd,benign,delete_critical_atom,accessed_registry_keys,36,target support may become indeterminate; unrelated claims remain unchanged,missingness_separation,anti_analysis
9e1eb310bb42f5b6f4d85b8140541daf5e5d3b00cb574a5815a4d6c3d0730ccd,benign,delete_noncritical_atom,accessed_registry_keys,0,unrelated capability should remain unchanged where no shared atom exists,noncritical_deletion_locality,
9e1eb310bb42f5b6f4d85b8140541daf5e5d3b00cb574a5815a4d6c3d0730ccd,benign,normalize_identifier,accessed_files,0,environment marker changed; semantic capability should be invariant unless marker is the only support,identifier_invariance,
9e1eb310bb42f5b6f4d85b8140541daf5e5d3b00cb574a5815a4d6c3d0730ccd,benign,substitute_identifier,accessed_files,0,environment marker changed; semantic capability should be invariant unless marker is the only support,identifier_invariance,
9e1eb310bb42f5b6f4d85b8140541daf5e5d3b00cb574a5815a4d6c3d0730ccd,benign,inject_conflict,executed_commands,0,explicit success/failure conflict must be recorded separately from missingness,explicit_conflict_recording,
19f8797dc1c69909d8d0fb563d13e955dc98a1d22fdf8b2c551731323d672505,benign,delete_critical_atom,accessed_registry_keys,553,target support may become indeterminate; unrelated claims remain unchanged,missingness_separation,privilege_manipulation
19f8797dc1c69909d8d0fb563d13e955dc98a1d22fdf8b2c551731323d672505,benign,delete_noncritical_atom,accessed_registry_keys,0,unrelated capability should remain unchanged where no shared atom exists,noncritical_deletion_locality,
19f8797dc1c69909d8d0fb563d13e955dc98a1d22fdf8b2c551731323d672505,benign,normalize_identifier,accessed_files,88,environment marker changed; semantic capability should be invariant unless marker is the only support,identifier_invariance,
19f8797dc1c69909d8d0fb563d13e955dc98a1d22fdf8b2c551731323d672505,benign,substitute_identifier,accessed_files,88,environment marker changed; semantic capability should be invariant unless marker is the only support,identifier_invariance,
19f8797dc1c69909d8d0fb563d13e955dc98a1d22fdf8b2c551731323d672505,benign,inject_conflict,executed_commands,0,explicit success/failure conflict must be recorded separately from missingness,explicit_conflict_recording,
92da420f9e440a8b8ec9ae34f5d23c1d3af21c8c7abae50e0d22a5ae08ac5358,benign,delete_critical_atom,created_registry_keys,0,target support may become indeterminate; unrelated claims remain unchanged,missingness_separation,persistence
92da420f9e440a8b8ec9ae34f5d23c1d3af21c8c7abae50e0d22a5ae08ac5358,benign,delete_noncritical_atom,accessed_registry_keys,0,unrelated capability should remain unchanged where no shared atom exists,noncritical_deletion_locality,
92da420f9e440a8b8ec9ae34f5d23c1d3af21c8c7abae50e0d22a5ae08ac5358,benign,normalize_identifier,accessed_files,0,environment marker changed; semantic capability should be invariant unless marker is the only support,identifier_invariance,
92da420f9e440a8b8ec9ae34f5d23c1d3af21c8c7abae50e0d22a5ae08ac5358,benign,substitute_identifier,accessed_files,0,environment marker changed; semantic capability should be invariant unless marker is the only support,identifier_invariance,
92da420f9e440a8b8ec9ae34f5d23c1d3af21c8c7abae50e0d22a5ae08ac5358,benign,inject_conflict,executed_commands,0,explicit success/failure conflict must be recorded separately from missingness,explicit_conflict_recording,
378160cdd2e385d7fa9792fe27f5e288f7b80e5b3b577fb142b2865a55578406,benign,delete_critical_atom,accessed_files,0,target support may become indeterminate; unrelated claims remain unchanged,missingness_separation,file_impact
378160cdd2e385d7fa9792fe27f5e288f7b80e5b3b577fb142b2865a55578406,benign,delete_noncritical_atom,accessed_registry_keys,0,unrelated capability should remain unchanged where no shared atom exists,noncritical_deletion_locality,
378160cdd2e385d7fa9792fe27f5e288f7b80e5b3b577fb142b2865a55578406,benign,normalize_identifier,accessed_files,0,environment marker changed; semantic capability should be invariant unless marker is the only support,identifier_invariance,
378160cdd2e385d7fa9792fe27f5e288f7b80e5b3b577fb142b2865a55578406,benign,substitute_identifier,accessed_files,0,environment marker changed; semantic capability should be invariant unless marker is the only support,identifier_invariance,
378160cdd2e385d7fa9792fe27f5e288f7b80e5b3b577fb142b2865a55578406,benign,inject_conflict,executed_commands,0,explicit success/failure conflict must be recorded separately from missingness,explicit_conflict_recording,
e58771a5a611292297cbb7e69be2fbdce01f5d96b02ac0e33ee9bcb1abfc3b6d,benign,delete_critical_atom,network_traffic_ips,0,target support may become indeterminate; unrelated claims remain unchanged,missingness_separation,network_staging
e58771a5a611292297cbb7e69be2fbdce01f5d96b02ac0e33ee9bcb1abfc3b6d,benign,delete_noncritical_atom,accessed_registry_keys,0,unrelated capability should remain unchanged where no shared atom exists,noncritical_deletion_locality,
e58771a5a611292297cbb7e69be2fbdce01f5d96b02ac0e33ee9bcb1abfc3b6d,benign,normalize_identifier,network_dns_lookups,0,environment marker changed; semantic capability should be invariant unless marker is the only support,identifier_invariance,
e58771a5a611292297cbb7e69be2fbdce01f5d96b02ac0e33ee9bcb1abfc3b6d,benign,substitute_identifier,network_dns_lookups,0,environment marker changed; semantic capability should be invariant unless marker is the only support,identifier_invariance,
e58771a5a611292297cbb7e69be2fbdce01f5d96b02ac0e33ee9bcb1abfc3b6d,benign,inject_conflict,executed_commands,0,explicit success/failure conflict must be recorded separately from missingness,explicit_conflict_recording,
d5c3164bdced37c32f5e78c1629cfabb00ab0364d3f9d50f2353e0d48be14484,benign,delete_critical_atom,accessed_files,0,target support may become indeterminate; unrelated claims remain unchanged,missingness_separation,file_impact
d5c3164bdced37c32f5e78c1629cfabb00ab0364d3f9d50f2353e0d48be14484,benign,delete_noncritical_atom,accessed_registry_keys,0,unrelated capability should remain unchanged where no shared atom exists,noncritical_deletion_locality,
d5c3164bdced37c32f5e78c1629cfabb00ab0364d3f9d50f2353e0d48be14484,benign,normalize_identifier,accessed_files,3,environment marker changed; semantic capability should be invariant unless marker is the only support,identifier_invariance,
d5c3164bdced37c32f5e78c1629cfabb00ab0364d3f9d50f2353e0d48be14484,benign,substitute_identifier,accessed_files,3,environment marker changed; semantic capability should be invariant unless marker is the only support,identifier_invariance,
d5c3164bdced37c32f5e78c1629cfabb00ab0364d3f9d50f2353e0d48be14484,benign,inject_conflict,executed_commands,0,explicit success/failure conflict must be recorded separately from missingness,explicit_conflict_recording,
ac69adf4c6ebd682f6a1ac54cf095e250cb0b85862017e53436aa93a9c237c84,benign,delete_critical_atom,created_registry_keys,4,target support may become indeterminate; unrelated claims remain unchanged,missingness_separation,persistence
ac69adf4c6ebd682f6a1ac54cf095e250cb0b85862017e53436aa93a9c237c84,benign,delete_noncritical_atom,accessed_registry_keys,0,unrelated capability should remain unchanged where no shared atom exists,noncritical_deletion_locality,
ac69adf4c6ebd682f6a1ac54cf095e250cb0b85862017e53436aa93a9c237c84,benign,normalize_identifier,created_registry_keys,11,environment marker changed; semantic capability should be invariant unless marker is the only support,identifier_invariance,
ac69adf4c6ebd682f6a1ac54cf095e250cb0b85862017e53436aa93a9c237c84,benign,substitute_identifier,created_registry_keys,11,environment marker changed; semantic capability should be invariant unless marker is the only support,identifier_invariance,
ac69adf4c6ebd682f6a1ac54cf095e250cb0b85862017e53436aa93a9c237c84,benign,inject_conflict,executed_commands,0,explicit success/failure conflict must be recorded separately from missingness,explicit_conflict_recording,
21da1aa824a9e921a4a2231291b286423ffc5d1a02dcc42f48073243e10d95ff,benign,delete_critical_atom,accessed_files,0,target support may become indeterminate; unrelated claims remain unchanged,missingness_separation,file_impact
21da1aa824a9e921a4a2231291b286423ffc5d1a02dcc42f48073243e10d95ff,benign,delete_noncritical_atom,accessed_registry_keys,0,unrelated capability should remain unchanged where no shared atom exists,noncritical_deletion_locality,
21da1aa824a9e921a4a2231291b286423ffc5d1a02dcc42f48073243e10d95ff,benign,normalize_identifier,accessed_files,0,environment marker changed; semantic capability should be invariant unless marker is the only support,identifier_invariance,
21da1aa824a9e921a4a2231291b286423ffc5d1a02dcc42f48073243e10d95ff,benign,substitute_identifier,accessed_files,0,environment marker changed; semantic capability should be invariant unless marker is the only support,identifier_invariance,
21da1aa824a9e921a4a2231291b286423ffc5d1a02dcc42f48073243e10d95ff,benign,inject_conflict,executed_commands,0,explicit success/failure conflict must be recorded separately from missingness,explicit_conflict_recording,
9933c4eb8ef6ed4e549463e96518c90cb9a002690062c74f23826c5ab0e69266,benign,delete_critical_atom,accessed_registry_keys,25,target support may become indeterminate; unrelated claims remain unchanged,missingness_separation,anti_analysis
9933c4eb8ef6ed4e549463e96518c90cb9a002690062c74f23826c5ab0e69266,benign,delete_noncritical_atom,accessed_registry_keys,0,unrelated capability should remain unchanged where no shared atom exists,noncritical_deletion_locality,
9933c4eb8ef6ed4e549463e96518c90cb9a002690062c74f23826c5ab0e69266,benign,normalize_identifier,accessed_files,131,environment marker changed; semantic capability should be invariant unless marker is the only support,identifier_invariance,
9933c4eb8ef6ed4e549463e96518c90cb9a002690062c74f23826c5ab0e69266,benign,substitute_identifier,accessed_files,131,environment marker changed; semantic capability should be invariant unless marker is the only support,identifier_invariance,
9933c4eb8ef6ed4e549463e96518c90cb9a002690062c74f23826c5ab0e69266,benign,inject_conflict,executed_commands,0,explicit success/failure conflict must be recorded separately from missingness,explicit_conflict_recording,
5ad60854753a826af64f2e4f6ed7a05bd4f59f2f92f219a5d6396c01690c8264,benign,delete_critical_atom,accessed_registry_keys,33,target support may become indeterminate; unrelated claims remain unchanged,missingness_separation,anti_analysis
5ad60854753a826af64f2e4f6ed7a05bd4f59f2f92f219a5d6396c01690c8264,benign,delete_noncritical_atom,accessed_registry_keys,0,unrelated capability should remain unchanged where no shared atom exists,noncritical_deletion_locality,
5ad60854753a826af64f2e4f6ed7a05bd4f59f2f92f219a5d6396c01690c8264,benign,normalize_identifier,accessed_files,119,environment marker changed; semantic capability should be invariant unless marker is the only support,identifier_invariance,
5ad60854753a826af64f2e4f6ed7a05bd4f59f2f92f219a5d6396c01690c8264,benign,substitute_identifier,accessed_files,119,environment marker changed; semantic capability should be invariant unless marker is the only support,identifier_invariance,
5ad60854753a826af64f2e4f6ed7a05bd4f59f2f92f219a5d6396c01690c8264,benign,inject_conflict,executed_commands,0,explicit success/failure conflict must be recorded separately from missingness,explicit_conflict_recording,
398c8b0c030498a16829de794edae32073ce22f29e67ad315234b1cb4ce7e2e3,benign,delete_critical_atom,accessed_files,0,target support may become indeterminate; unrelated claims remain unchanged,missingness_separation,file_impact
398c8b0c030498a16829de794edae32073ce22f29e67ad315234b1cb4ce7e2e3,benign,delete_noncritical_atom,accessed_registry_keys,0,unrelated capability should remain unchanged where no shared atom exists,noncritical_deletion_locality,
398c8b0c030498a16829de794edae32073ce22f29e67ad315234b1cb4ce7e2e3,benign,normalize_identifier,accessed_files,0,environment marker changed; semantic capability should be invariant unless marker is the only support,identifier_invariance,
398c8b0c030498a16829de794edae32073ce22f29e67ad315234b1cb4ce7e2e3,benign,substitute_identifier,accessed_files,0,environment marker changed; semantic capability should be invariant unless marker is the only support,identifier_invariance,
398c8b0c030498a16829de794edae32073ce22f29e67ad315234b1cb4ce7e2e3,benign,inject_conflict,executed_commands,0,explicit success/failure conflict must be recorded separately from missingness,explicit_conflict_recording,
d1e0a96c2ab3fc018db72fbae911c90c6bcfc83eeb7551725abbbdb75178b801,benign,delete_critical_atom,accessed_files,0,target support may become indeterminate; unrelated claims remain unchanged,missingness_separation,file_impact
d1e0a96c2ab3fc018db72fbae911c90c6bcfc83eeb7551725abbbdb75178b801,benign,delete_noncritical_atom,accessed_registry_keys,0,unrelated capability should remain unchanged where no shared atom exists,noncritical_deletion_locality,
d1e0a96c2ab3fc018db72fbae911c90c6bcfc83eeb7551725abbbdb75178b801,benign,inject_conflict,executed_commands,0,explicit success/failure conflict must be recorded separately from missingness,explicit_conflict_recording,
654d8aee92ed8103aba28bb9f885dee567eea395614a3d61a467c42f48208dcd,benign,delete_critical_atom,created_registry_keys,0,target support may become indeterminate; unrelated claims remain unchanged,missingness_separation,persistence
654d8aee92ed8103aba28bb9f885dee567eea395614a3d61a467c42f48208dcd,benign,delete_noncritical_atom,accessed_registry_keys,0,unrelated capability should remain unchanged where no shared atom exists,noncritical_deletion_locality,
654d8aee92ed8103aba28bb9f885dee567eea395614a3d61a467c42f48208dcd,benign,normalize_identifier,accessed_files,0,environment marker changed; semantic capability should be invariant unless marker is the only support,identifier_invariance,
654d8aee92ed8103aba28bb9f885dee567eea395614a3d61a467c42f48208dcd,benign,substitute_identifier,accessed_files,0,environment marker changed; semantic capability should be invariant unless marker is the only support,identifier_invariance,
654d8aee92ed8103aba28bb9f885dee567eea395614a3d61a467c42f48208dcd,benign,inject_conflict,executed_commands,0,explicit success/failure conflict must be recorded separately from missingness,explicit_conflict_recording,
6ebc852aa512b6f371265084900f4f268131894889fe6b535218d1bebe66c8a0,benign,delete_critical_atom,created_registry_keys,0,target support may become indeterminate; unrelated claims remain unchanged,missingness_separation,persistence
6ebc852aa512b6f371265084900f4f268131894889fe6b535218d1bebe66c8a0,benign,delete_noncritical_atom,accessed_registry_keys,0,unrelated capability should remain unchanged where no shared atom exists,noncritical_deletion_locality,
6ebc852aa512b6f371265084900f4f268131894889fe6b535218d1bebe66c8a0,benign,normalize_identifier,accessed_files,10,environment marker changed; semantic capability should be invariant unless marker is the only support,identifier_invariance,
6ebc852aa512b6f371265084900f4f268131894889fe6b535218d1bebe66c8a0,benign,substitute_identifier,accessed_files,10,environment marker changed; semantic capability should be invariant unless marker is the only support,identifier_invariance,
6ebc852aa512b6f371265084900f4f268131894889fe6b535218d1bebe66c8a0,benign,inject_conflict,executed_commands,0,explicit success/failure conflict must be recorded separately from missingness,explicit_conflict_recording,
4caaae1fe6d04cc6558992c8079814fa96e1876fd3166b94512ca24affeabf60,benign,delete_critical_atom,accessed_files,0,target support may become indeterminate; unrelated claims remain unchanged,missingness_separation,file_impact
4caaae1fe6d04cc6558992c8079814fa96e1876fd3166b94512ca24affeabf60,benign,delete_noncritical_atom,accessed_registry_keys,0,unrelated capability should remain unchanged where no shared atom exists,noncritical_deletion_locality,
4caaae1fe6d04cc6558992c8079814fa96e1876fd3166b94512ca24affeabf60,benign,normalize_identifier,accessed_files,0,environment marker changed; semantic capability should be invariant unless marker is the only support,identifier_invariance,
4caaae1fe6d04cc6558992c8079814fa96e1876fd3166b94512ca24affeabf60,benign,substitute_identifier,accessed_files,0,environment marker changed; semantic capability should be invariant unless marker is the only support,identifier_invariance,
4caaae1fe6d04cc6558992c8079814fa96e1876fd3166b94512ca24affeabf60,benign,inject_conflict,executed_commands,0,explicit success/failure conflict must be recorded separately from missingness,explicit_conflict_recording,
424360b4ec13cfa97cfd048f0b70444391cd5202006978990675e81b445e84f4,benign,delete_critical_atom,accessed_files,0,target support may become indeterminate; unrelated claims remain unchanged,missingness_separation,file_impact
424360b4ec13cfa97cfd048f0b70444391cd5202006978990675e81b445e84f4,benign,delete_noncritical_atom,accessed_registry_keys,0,unrelated capability should remain unchanged where no shared atom exists,noncritical_deletion_locality,
424360b4ec13cfa97cfd048f0b70444391cd5202006978990675e81b445e84f4,benign,normalize_identifier,accessed_files,0,environment marker changed; semantic capability should be invariant unless marker is the only support,identifier_invariance,
424360b4ec13cfa97cfd048f0b70444391cd5202006978990675e81b445e84f4,benign,substitute_identifier,accessed_files,0,environment marker changed; semantic capability should be invariant unless marker is the only support,identifier_invariance,
424360b4ec13cfa97cfd048f0b70444391cd5202006978990675e81b445e84f4,benign,inject_conflict,executed_commands,0,explicit success/failure conflict must be recorded separately from missingness,explicit_conflict_recording,
84e186aa020794681932a208064dfe0844376dda94501aab195249067a699f5f,benign,delete_critical_atom,accessed_files,0,target support may become indeterminate; unrelated claims remain unchanged,missingness_separation,file_impact
84e186aa020794681932a208064dfe0844376dda94501aab195249067a699f5f,benign,delete_noncritical_atom,accessed_registry_keys,0,unrelated capability should remain unchanged where no shared atom exists,noncritical_deletion_locality,
84e186aa020794681932a208064dfe0844376dda94501aab195249067a699f5f,benign,inject_conflict,executed_commands,0,explicit success/failure conflict must be recorded separately from missingness,explicit_conflict_recording,
5df178f0d47e70596c4db52b784c575546f0b6b0691df60e4455b90c66ef665f,benign,delete_critical_atom,accessed_registry_keys,19,target support may become indeterminate; unrelated claims remain unchanged,missingness_separation,anti_analysis
5df178f0d47e70596c4db52b784c575546f0b6b0691df60e4455b90c66ef665f,benign,delete_noncritical_atom,accessed_registry_keys,0,unrelated capability should remain unchanged where no shared atom exists,noncritical_deletion_locality,
5df178f0d47e70596c4db52b784c575546f0b6b0691df60e4455b90c66ef665f,benign,normalize_identifier,accessed_files,0,environment marker changed; semantic capability should be invariant unless marker is the only support,identifier_invariance,
5df178f0d47e70596c4db52b784c575546f0b6b0691df60e4455b90c66ef665f,benign,substitute_identifier,accessed_files,0,environment marker changed; semantic capability should be invariant unless marker is the only support,identifier_invariance,
5df178f0d47e70596c4db52b784c575546f0b6b0691df60e4455b90c66ef665f,benign,inject_conflict,executed_commands,0,explicit success/failure conflict must be recorded separately from missingness,explicit_conflict_recording,
852b6ac05fcb8a23a50697e66f4caa7b67c500bccae7ff0f177a511391c1ff01,benign,delete_critical_atom,accessed_files,0,target support may become indeterminate; unrelated claims remain unchanged,missingness_separation,file_impact
852b6ac05fcb8a23a50697e66f4caa7b67c500bccae7ff0f177a511391c1ff01,benign,delete_noncritical_atom,accessed_registry_keys,0,unrelated capability should remain unchanged where no shared atom exists,noncritical_deletion_locality,
852b6ac05fcb8a23a50697e66f4caa7b67c500bccae7ff0f177a511391c1ff01,benign,normalize_identifier,accessed_files,0,environment marker changed; semantic capability should be invariant unless marker is the only support,identifier_invariance,
852b6ac05fcb8a23a50697e66f4caa7b67c500bccae7ff0f177a511391c1ff01,benign,substitute_identifier,accessed_files,0,environment marker changed; semantic capability should be invariant unless marker is the only support,identifier_invariance,
852b6ac05fcb8a23a50697e66f4caa7b67c500bccae7ff0f177a511391c1ff01,benign,inject_conflict,executed_commands,0,explicit success/failure conflict must be recorded separately from missingness,explicit_conflict_recording,
6cc9a860d95093d8d37a6990171f452b2e52465a0a3e36a7f5cd7fc1a9c4831c,benign,delete_critical_atom,created_registry_keys,0,target support may become indeterminate; unrelated claims remain unchanged,missingness_separation,persistence
6cc9a860d95093d8d37a6990171f452b2e52465a0a3e36a7f5cd7fc1a9c4831c,benign,delete_noncritical_atom,accessed_registry_keys,0,unrelated capability should remain unchanged where no shared atom exists,noncritical_deletion_locality,
6cc9a860d95093d8d37a6990171f452b2e52465a0a3e36a7f5cd7fc1a9c4831c,benign,normalize_identifier,created_registry_keys,4,environment marker changed; semantic capability should be invariant unless marker is the only support,identifier_invariance,
6cc9a860d95093d8d37a6990171f452b2e52465a0a3e36a7f5cd7fc1a9c4831c,benign,substitute_identifier,created_registry_keys,4,environment marker changed; semantic capability should be invariant unless marker is the only support,identifier_invariance,
6cc9a860d95093d8d37a6990171f452b2e52465a0a3e36a7f5cd7fc1a9c4831c,benign,inject_conflict,executed_commands,0,explicit success/failure conflict must be recorded separately from missingness,explicit_conflict_recording,
86b5f9c5cea1284130b0223688add80e059fa6c2939f3f2b381e53a1d0dd8546,benign,delete_critical_atom,created_registry_keys,2,target support may become indeterminate; unrelated claims remain unchanged,missingness_separation,persistence
86b5f9c5cea1284130b0223688add80e059fa6c2939f3f2b381e53a1d0dd8546,benign,delete_noncritical_atom,accessed_registry_keys,0,unrelated capability should remain unchanged where no shared atom exists,noncritical_deletion_locality,
86b5f9c5cea1284130b0223688add80e059fa6c2939f3f2b381e53a1d0dd8546,benign,inject_conflict,executed_commands,0,explicit success/failure conflict must be recorded separately from missingness,explicit_conflict_recording,
a8524f74b0131ec4d73dd8dd29bd8b5930b015d98386c1c5d901a79b7dfaec41,benign,delete_critical_atom,accessed_registry_keys,33,target support may become indeterminate; unrelated claims remain unchanged,missingness_separation,anti_analysis
a8524f74b0131ec4d73dd8dd29bd8b5930b015d98386c1c5d901a79b7dfaec41,benign,delete_noncritical_atom,accessed_registry_keys,0,unrelated capability should remain unchanged where no shared atom exists,noncritical_deletion_locality,
a8524f74b0131ec4d73dd8dd29bd8b5930b015d98386c1c5d901a79b7dfaec41,benign,inject_conflict,executed_commands,0,explicit success/failure conflict must be recorded separately from missingness,explicit_conflict_recording,
2d42e32959e507928437d7b750d967aa1a6e849bbc039ca3c541edb32469e515,benign,delete_critical_atom,accessed_files,0,target support may become indeterminate; unrelated claims remain unchanged,missingness_separation,file_impact
2d42e32959e507928437d7b750d967aa1a6e849bbc039ca3c541edb32469e515,benign,delete_noncritical_atom,accessed_registry_keys,0,unrelated capability should remain unchanged where no shared atom exists,noncritical_deletion_locality,
2d42e32959e507928437d7b750d967aa1a6e849bbc039ca3c541edb32469e515,benign,normalize_identifier,accessed_files,13,environment marker changed; semantic capability should be invariant unless marker is the only support,identifier_invariance,
2d42e32959e507928437d7b750d967aa1a6e849bbc039ca3c541edb32469e515,benign,substitute_identifier,accessed_files,13,environment marker changed; semantic capability should be invariant unless marker is the only support,identifier_invariance,
2d42e32959e507928437d7b750d967aa1a6e849bbc039ca3c541edb32469e515,benign,inject_conflict,executed_commands,0,explicit success/failure conflict must be recorded separately from missingness,explicit_conflict_recording,
40462b51b3cae21e5650525f90bab5fcb6c1b44ea4c2dbb8aa0991a0f2ee7837,benign,delete_critical_atom,accessed_files,0,target support may become indeterminate; unrelated claims remain unchanged,missingness_separation,file_impact
40462b51b3cae21e5650525f90bab5fcb6c1b44ea4c2dbb8aa0991a0f2ee7837,benign,delete_noncritical_atom,accessed_registry_keys,0,unrelated capability should remain unchanged where no shared atom exists,noncritical_deletion_locality,
40462b51b3cae21e5650525f90bab5fcb6c1b44ea4c2dbb8aa0991a0f2ee7837,benign,normalize_identifier,accessed_files,0,environment marker changed; semantic capability should be invariant unless marker is the only support,identifier_invariance,
40462b51b3cae21e5650525f90bab5fcb6c1b44ea4c2dbb8aa0991a0f2ee7837,benign,substitute_identifier,accessed_files,0,environment marker changed; semantic capability should be invariant unless marker is the only support,identifier_invariance,
40462b51b3cae21e5650525f90bab5fcb6c1b44ea4c2dbb8aa0991a0f2ee7837,benign,inject_conflict,executed_commands,0,explicit success/failure conflict must be recorded separately from missingness,explicit_conflict_recording,
dbee63491f605076125b0ce79e3d450adaef64e816dadbed11246140a3ec5dac,benign,delete_critical_atom,accessed_registry_keys,46,target support may become indeterminate; unrelated claims remain unchanged,missingness_separation,anti_analysis
dbee63491f605076125b0ce79e3d450adaef64e816dadbed11246140a3ec5dac,benign,delete_noncritical_atom,accessed_registry_keys,0,unrelated capability should remain unchanged where no shared atom exists,noncritical_deletion_locality,
dbee63491f605076125b0ce79e3d450adaef64e816dadbed11246140a3ec5dac,benign,normalize_identifier,accessed_files,0,environment marker changed; semantic capability should be invariant unless marker is the only support,identifier_invariance,
dbee63491f605076125b0ce79e3d450adaef64e816dadbed11246140a3ec5dac,benign,substitute_identifier,accessed_files,0,environment marker changed; semantic capability should be invariant unless marker is the only support,identifier_invariance,
dbee63491f605076125b0ce79e3d450adaef64e816dadbed11246140a3ec5dac,benign,inject_conflict,executed_commands,0,explicit success/failure conflict must be recorded separately from missingness,explicit_conflict_recording,
8c4861c1389932216d0766e578d641f8c95900ef6015d244d148ef88bb707696,benign,delete_critical_atom,accessed_files,0,target support may become indeterminate; unrelated claims remain unchanged,missingness_separation,file_impact;ransomware_impact
8c4861c1389932216d0766e578d641f8c95900ef6015d244d148ef88bb707696,benign,delete_noncritical_atom,accessed_registry_keys,0,unrelated capability should remain unchanged where no shared atom exists,noncritical_deletion_locality,
8c4861c1389932216d0766e578d641f8c95900ef6015d244d148ef88bb707696,benign,normalize_identifier,accessed_files,9,environment marker changed; semantic capability should be invariant unless marker is the only support,identifier_invariance,
8c4861c1389932216d0766e578d641f8c95900ef6015d244d148ef88bb707696,benign,substitute_identifier,accessed_files,9,environment marker changed; semantic capability should be invariant unless marker is the only support,identifier_invariance,
8c4861c1389932216d0766e578d641f8c95900ef6015d244d148ef88bb707696,benign,inject_conflict,executed_commands,0,explicit success/failure conflict must be recorded separately from missingness,explicit_conflict_recording,
e462f4c4fff915c6fa742e218a254e5a3d5d051eadf5292b649904f602ce7f8e,benign,delete_critical_atom,accessed_registry_keys,60,target support may become indeterminate; unrelated claims remain unchanged,missingness_separation,anti_analysis
e462f4c4fff915c6fa742e218a254e5a3d5d051eadf5292b649904f602ce7f8e,benign,delete_noncritical_atom,accessed_registry_keys,0,unrelated capability should remain unchanged where no shared atom exists,noncritical_deletion_locality,
e462f4c4fff915c6fa742e218a254e5a3d5d051eadf5292b649904f602ce7f8e,benign,normalize_identifier,accessed_files,0,environment marker changed; semantic capability should be invariant unless marker is the only support,identifier_invariance,
e462f4c4fff915c6fa742e218a254e5a3d5d051eadf5292b649904f602ce7f8e,benign,substitute_identifier,accessed_files,0,environment marker changed; semantic capability should be invariant unless marker is the only support,identifier_invariance,
e462f4c4fff915c6fa742e218a254e5a3d5d051eadf5292b649904f602ce7f8e,benign,inject_conflict,executed_commands,0,explicit success/failure conflict must be recorded separately from missingness,explicit_conflict_recording,
992787cec6a6c5228e4b853399f0538373c82cc144ed48993a0fb94225455529,benign,delete_critical_atom,accessed_files,0,target support may become indeterminate; unrelated claims remain unchanged,missingness_separation,file_impact
992787cec6a6c5228e4b853399f0538373c82cc144ed48993a0fb94225455529,benign,delete_noncritical_atom,accessed_registry_keys,0,unrelated capability should remain unchanged where no shared atom exists,noncritical_deletion_locality,
992787cec6a6c5228e4b853399f0538373c82cc144ed48993a0fb94225455529,benign,inject_conflict,executed_commands,0,explicit success/failure conflict must be recorded separately from missingness,explicit_conflict_recording,
6f5c0e74fd9586d1367112e5b5455d129fd811f9643cf7253b64f610e355cff8,benign,delete_critical_atom,processes_tree,1,target support may become indeterminate; unrelated claims remain unchanged,missingness_separation,anti_analysis
6f5c0e74fd9586d1367112e5b5455d129fd811f9643cf7253b64f610e355cff8,benign,delete_noncritical_atom,created_registry_keys,0,unrelated capability should remain unchanged where no shared atom exists,noncritical_deletion_locality,
6f5c0e74fd9586d1367112e5b5455d129fd811f9643cf7253b64f610e355cff8,benign,normalize_identifier,killed_process,0,environment marker changed; semantic capability should be invariant unless marker is the only support,identifier_invariance,
6f5c0e74fd9586d1367112e5b5455d129fd811f9643cf7253b64f610e355cff8,benign,substitute_identifier,killed_process,0,environment marker changed; semantic capability should be invariant unless marker is the only support,identifier_invariance,
6f5c0e74fd9586d1367112e5b5455d129fd811f9643cf7253b64f610e355cff8,benign,inject_conflict,executed_commands,0,explicit success/failure conflict must be recorded separately from missingness,explicit_conflict_recording,
5cc46ccfdec4e34797c458739024fa416bd792c9caa3502e25f591e4e2364699,benign,delete_critical_atom,accessed_files,0,target support may become indeterminate; unrelated claims remain unchanged,missingness_separation,file_impact
5cc46ccfdec4e34797c458739024fa416bd792c9caa3502e25f591e4e2364699,benign,delete_noncritical_atom,accessed_registry_keys,0,unrelated capability should remain unchanged where no shared atom exists,noncritical_deletion_locality,
5cc46ccfdec4e34797c458739024fa416bd792c9caa3502e25f591e4e2364699,benign,normalize_identifier,accessed_files,1,environment marker changed; semantic capability should be invariant unless marker is the only support,identifier_invariance,
5cc46ccfdec4e34797c458739024fa416bd792c9caa3502e25f591e4e2364699,benign,substitute_identifier,accessed_files,1,environment marker changed; semantic capability should be invariant unless marker is the only support,identifier_invariance,
5cc46ccfdec4e34797c458739024fa416bd792c9caa3502e25f591e4e2364699,benign,inject_conflict,executed_commands,0,explicit success/failure conflict must be recorded separately from missingness,explicit_conflict_recording,
12613c35c5c9f24b79bc5a3fc9b867d2bb3e58709734c1d13137be5e1c4ef0e1,benign,delete_critical_atom,created_registry_keys,0,target support may become indeterminate; unrelated claims remain unchanged,missingness_separation,persistence
12613c35c5c9f24b79bc5a3fc9b867d2bb3e58709734c1d13137be5e1c4ef0e1,benign,delete_noncritical_atom,accessed_registry_keys,0,unrelated capability should remain unchanged where no shared atom exists,noncritical_deletion_locality,
12613c35c5c9f24b79bc5a3fc9b867d2bb3e58709734c1d13137be5e1c4ef0e1,benign,inject_conflict,executed_commands,0,explicit success/failure conflict must be recorded separately from missingness,explicit_conflict_recording,
e82ed228ed0ce5b6785962b38394ce085418725babfed7313ee683606b6dd3b4,benign,delete_critical_atom,accessed_files,0,target support may become indeterminate; unrelated claims remain unchanged,missingness_separation,file_impact
e82ed228ed0ce5b6785962b38394ce085418725babfed7313ee683606b6dd3b4,benign,delete_noncritical_atom,accessed_registry_keys,0,unrelated capability should remain unchanged where no shared atom exists,noncritical_deletion_locality,
e82ed228ed0ce5b6785962b38394ce085418725babfed7313ee683606b6dd3b4,benign,normalize_identifier,accessed_files,0,environment marker changed; semantic capability should be invariant unless marker is the only support,identifier_invariance,
e82ed228ed0ce5b6785962b38394ce085418725babfed7313ee683606b6dd3b4,benign,substitute_identifier,accessed_files,0,environment marker changed; semantic capability should be invariant unless marker is the only support,identifier_invariance,
e82ed228ed0ce5b6785962b38394ce085418725babfed7313ee683606b6dd3b4,benign,inject_conflict,executed_commands,0,explicit success/failure conflict must be recorded separately from missingness,explicit_conflict_recording,
78ec4579b4766788ed27767b2419f82ca261fe50f07a478b1c7ffec4b0b888ad,benign,delete_critical_atom,accessed_registry_keys,3,target support may become indeterminate; unrelated claims remain unchanged,missingness_separation,anti_analysis
78ec4579b4766788ed27767b2419f82ca261fe50f07a478b1c7ffec4b0b888ad,benign,delete_noncritical_atom,accessed_registry_keys,0,unrelated capability should remain unchanged where no shared atom exists,noncritical_deletion_locality,
78ec4579b4766788ed27767b2419f82ca261fe50f07a478b1c7ffec4b0b888ad,benign,normalize_identifier,accessed_files,0,environment marker changed; semantic capability should be invariant unless marker is the only support,identifier_invariance,
78ec4579b4766788ed27767b2419f82ca261fe50f07a478b1c7ffec4b0b888ad,benign,substitute_identifier,accessed_files,0,environment marker changed; semantic capability should be invariant unless marker is the only support,identifier_invariance,
78ec4579b4766788ed27767b2419f82ca261fe50f07a478b1c7ffec4b0b888ad,benign,inject_conflict,executed_commands,0,explicit success/failure conflict must be recorded separately from missingness,explicit_conflict_recording,
8a2dd5dc68780de550663ee6b25edf85ebbc217c6d421748f9ab9ffaddf67d1b,benign,delete_critical_atom,created_registry_keys,1,target support may become indeterminate; unrelated claims remain unchanged,missingness_separation,persistence
8a2dd5dc68780de550663ee6b25edf85ebbc217c6d421748f9ab9ffaddf67d1b,benign,delete_noncritical_atom,accessed_registry_keys,0,unrelated capability should remain unchanged where no shared atom exists,noncritical_deletion_locality,
8a2dd5dc68780de550663ee6b25edf85ebbc217c6d421748f9ab9ffaddf67d1b,benign,inject_conflict,executed_commands,0,explicit success/failure conflict must be recorded separately from missingness,explicit_conflict_recording,
e14ee76812c19c75bb7af8895b40d63f0f6cae711002052e3aa68ae27f7b7468,benign,delete_critical_atom,accessed_registry_keys,26,target support may become indeterminate; unrelated claims remain unchanged,missingness_separation,anti_analysis
e14ee76812c19c75bb7af8895b40d63f0f6cae711002052e3aa68ae27f7b7468,benign,delete_noncritical_atom,accessed_registry_keys,0,unrelated capability should remain unchanged where no shared atom exists,noncritical_deletion_locality,
e14ee76812c19c75bb7af8895b40d63f0f6cae711002052e3aa68ae27f7b7468,benign,normalize_identifier,accessed_files,0,environment marker changed; semantic capability should be invariant unless marker is the only support,identifier_invariance,
e14ee76812c19c75bb7af8895b40d63f0f6cae711002052e3aa68ae27f7b7468,benign,substitute_identifier,accessed_files,0,environment marker changed; semantic capability should be invariant unless marker is the only support,identifier_invariance,
e14ee76812c19c75bb7af8895b40d63f0f6cae711002052e3aa68ae27f7b7468,benign,inject_conflict,executed_commands,0,explicit success/failure conflict must be recorded separately from missingness,explicit_conflict_recording,
4e5ff1d35f03bc1aacf71ae6ec81e0e0326d186fe56a9cd5685ba776511eb55e,benign,delete_critical_atom,accessed_files,0,target support may become indeterminate; unrelated claims remain unchanged,missingness_separation,file_impact
4e5ff1d35f03bc1aacf71ae6ec81e0e0326d186fe56a9cd5685ba776511eb55e,benign,delete_noncritical_atom,accessed_registry_keys,0,unrelated capability should remain unchanged where no shared atom exists,noncritical_deletion_locality,
4e5ff1d35f03bc1aacf71ae6ec81e0e0326d186fe56a9cd5685ba776511eb55e,benign,inject_conflict,executed_commands,0,explicit success/failure conflict must be recorded separately from missingness,explicit_conflict_recording,
38437948c1bab1827963c08de7c82fbfa4fd3020f8b8c1ad02588878db4b29f7,benign,delete_critical_atom,accessed_registry_keys,42,target support may become indeterminate; unrelated claims remain unchanged,missingness_separation,anti_analysis
38437948c1bab1827963c08de7c82fbfa4fd3020f8b8c1ad02588878db4b29f7,benign,delete_noncritical_atom,accessed_registry_keys,0,unrelated capability should remain unchanged where no shared atom exists,noncritical_deletion_locality,
38437948c1bab1827963c08de7c82fbfa4fd3020f8b8c1ad02588878db4b29f7,benign,normalize_identifier,accessed_files,119,environment marker changed; semantic capability should be invariant unless marker is the only support,identifier_invariance,
38437948c1bab1827963c08de7c82fbfa4fd3020f8b8c1ad02588878db4b29f7,benign,substitute_identifier,accessed_files,119,environment marker changed; semantic capability should be invariant unless marker is the only support,identifier_invariance,
38437948c1bab1827963c08de7c82fbfa4fd3020f8b8c1ad02588878db4b29f7,benign,inject_conflict,executed_commands,0,explicit success/failure conflict must be recorded separately from missingness,explicit_conflict_recording,
b34495e73d7d90f4d99ff43d0da99136f8c77aa24e8d096886c2043b91b595c4,benign,delete_critical_atom,accessed_files,0,target support may become indeterminate; unrelated claims remain unchanged,missingness_separation,file_impact
b34495e73d7d90f4d99ff43d0da99136f8c77aa24e8d096886c2043b91b595c4,benign,delete_noncritical_atom,accessed_registry_keys,0,unrelated capability should remain unchanged where no shared atom exists,noncritical_deletion_locality,
b34495e73d7d90f4d99ff43d0da99136f8c77aa24e8d096886c2043b91b595c4,benign,normalize_identifier,accessed_files,1,environment marker changed; semantic capability should be invariant unless marker is the only support,identifier_invariance,
b34495e73d7d90f4d99ff43d0da99136f8c77aa24e8d096886c2043b91b595c4,benign,substitute_identifier,accessed_files,1,environment marker changed; semantic capability should be invariant unless marker is the only support,identifier_invariance,
b34495e73d7d90f4d99ff43d0da99136f8c77aa24e8d096886c2043b91b595c4,benign,inject_conflict,executed_commands,0,explicit success/failure conflict must be recorded separately from missingness,explicit_conflict_recording,
78c6d496f05c9960daf35737bb449c1a5d3f58047f64e60c9c26f44869a8d88a,benign,delete_critical_atom,accessed_registry_keys,31,target support may become indeterminate; unrelated claims remain unchanged,missingness_separation,anti_analysis
78c6d496f05c9960daf35737bb449c1a5d3f58047f64e60c9c26f44869a8d88a,benign,delete_noncritical_atom,accessed_registry_keys,0,unrelated capability should remain unchanged where no shared atom exists,noncritical_deletion_locality,
78c6d496f05c9960daf35737bb449c1a5d3f58047f64e60c9c26f44869a8d88a,benign,normalize_identifier,accessed_files,120,environment marker changed; semantic capability should be invariant unless marker is the only support,identifier_invariance,
78c6d496f05c9960daf35737bb449c1a5d3f58047f64e60c9c26f44869a8d88a,benign,substitute_identifier,accessed_files,120,environment marker changed; semantic capability should be invariant unless marker is the only support,identifier_invariance,
78c6d496f05c9960daf35737bb449c1a5d3f58047f64e60c9c26f44869a8d88a,benign,inject_conflict,executed_commands,0,explicit success/failure conflict must be recorded separately from missingness,explicit_conflict_recording,
593a37a589cc3827b19860ff1a9044eed50fededcadba75fb13d97d611c82f2b,benign,delete_critical_atom,accessed_files,0,target support may become indeterminate; unrelated claims remain unchanged,missingness_separation,file_impact
593a37a589cc3827b19860ff1a9044eed50fededcadba75fb13d97d611c82f2b,benign,delete_noncritical_atom,accessed_registry_keys,0,unrelated capability should remain unchanged where no shared atom exists,noncritical_deletion_locality,
593a37a589cc3827b19860ff1a9044eed50fededcadba75fb13d97d611c82f2b,benign,normalize_identifier,created_process,0,environment marker changed; semantic capability should be invariant unless marker is the only support,identifier_invariance,
593a37a589cc3827b19860ff1a9044eed50fededcadba75fb13d97d611c82f2b,benign,substitute_identifier,created_process,0,environment marker changed; semantic capability should be invariant unless marker is the only support,identifier_invariance,
593a37a589cc3827b19860ff1a9044eed50fededcadba75fb13d97d611c82f2b,benign,inject_conflict,executed_commands,0,explicit success/failure conflict must be recorded separately from missingness,explicit_conflict_recording,
3db039b510671747e3a49c79c3f3261f36a8dd57dc4f4b5875c4f339a8640072,benign,delete_critical_atom,accessed_files,0,target support may become indeterminate; unrelated claims remain unchanged,missingness_separation,file_impact
3db039b510671747e3a49c79c3f3261f36a8dd57dc4f4b5875c4f339a8640072,benign,delete_noncritical_atom,accessed_registry_keys,0,unrelated capability should remain unchanged where no shared atom exists,noncritical_deletion_locality,
3db039b510671747e3a49c79c3f3261f36a8dd57dc4f4b5875c4f339a8640072,benign,normalize_identifier,accessed_files,0,environment marker changed; semantic capability should be invariant unless marker is the only support,identifier_invariance,
3db039b510671747e3a49c79c3f3261f36a8dd57dc4f4b5875c4f339a8640072,benign,substitute_identifier,accessed_files,0,environment marker changed; semantic capability should be invariant unless marker is the only support,identifier_invariance,
3db039b510671747e3a49c79c3f3261f36a8dd57dc4f4b5875c4f339a8640072,benign,inject_conflict,executed_commands,0,explicit success/failure conflict must be recorded separately from missingness,explicit_conflict_recording,
9a3d000e7cf4ad91be4a3248f860816c2bb7a64a50624ed7054567fe7b7a27f2,benign,delete_critical_atom,accessed_registry_keys,21,target support may become indeterminate; unrelated claims remain unchanged,missingness_separation,anti_analysis
9a3d000e7cf4ad91be4a3248f860816c2bb7a64a50624ed7054567fe7b7a27f2,benign,delete_noncritical_atom,accessed_registry_keys,0,unrelated capability should remain unchanged where no shared atom exists,noncritical_deletion_locality,
9a3d000e7cf4ad91be4a3248f860816c2bb7a64a50624ed7054567fe7b7a27f2,benign,normalize_identifier,accessed_files,0,environment marker changed; semantic capability should be invariant unless marker is the only support,identifier_invariance,
9a3d000e7cf4ad91be4a3248f860816c2bb7a64a50624ed7054567fe7b7a27f2,benign,substitute_identifier,accessed_files,0,environment marker changed; semantic capability should be invariant unless marker is the only support,identifier_invariance,
9a3d000e7cf4ad91be4a3248f860816c2bb7a64a50624ed7054567fe7b7a27f2,benign,inject_conflict,executed_commands,0,explicit success/failure conflict must be recorded separately from missingness,explicit_conflict_recording,
960a8780051f04ea8348aaa940a7bd47c7534b06c5d2e084b4b93511157abe4c,benign,delete_critical_atom,accessed_registry_keys,25,target support may become indeterminate; unrelated claims remain unchanged,missingness_separation,anti_analysis
960a8780051f04ea8348aaa940a7bd47c7534b06c5d2e084b4b93511157abe4c,benign,delete_noncritical_atom,accessed_registry_keys,0,unrelated capability should remain unchanged where no shared atom exists,noncritical_deletion_locality,
960a8780051f04ea8348aaa940a7bd47c7534b06c5d2e084b4b93511157abe4c,benign,normalize_identifier,accessed_files,0,environment marker changed; semantic capability should be invariant unless marker is the only support,identifier_invariance,
960a8780051f04ea8348aaa940a7bd47c7534b06c5d2e084b4b93511157abe4c,benign,substitute_identifier,accessed_files,0,environment marker changed; semantic capability should be invariant unless marker is the only support,identifier_invariance,
960a8780051f04ea8348aaa940a7bd47c7534b06c5d2e084b4b93511157abe4c,benign,inject_conflict,executed_commands,0,explicit success/failure conflict must be recorded separately from missingness,explicit_conflict_recording,
2f8827bd4f0172668f40539049d62e1e77fcc8e96922367ef5d8febf88c3ef43,benign,delete_critical_atom,accessed_files,0,target support may become indeterminate; unrelated claims remain unchanged,missingness_separation,file_impact;ransomware_impact
2f8827bd4f0172668f40539049d62e1e77fcc8e96922367ef5d8febf88c3ef43,benign,delete_noncritical_atom,accessed_registry_keys,0,unrelated capability should remain unchanged where no shared atom exists,noncritical_deletion_locality,
2f8827bd4f0172668f40539049d62e1e77fcc8e96922367ef5d8febf88c3ef43,benign,normalize_identifier,accessed_files,25,environment marker changed; semantic capability should be invariant unless marker is the only support,identifier_invariance,
2f8827bd4f0172668f40539049d62e1e77fcc8e96922367ef5d8febf88c3ef43,benign,substitute_identifier,accessed_files,25,environment marker changed; semantic capability should be invariant unless marker is the only support,identifier_invariance,
2f8827bd4f0172668f40539049d62e1e77fcc8e96922367ef5d8febf88c3ef43,benign,inject_conflict,executed_commands,0,explicit success/failure conflict must be recorded separately from missingness,explicit_conflict_recording,
860a3ac2e5caf8665e09d7eb9cfff8aa341b02beaa6af4378c3cdc196874a934,benign,delete_critical_atom,accessed_files,0,target support may become indeterminate; unrelated claims remain unchanged,missingness_separation,file_impact
860a3ac2e5caf8665e09d7eb9cfff8aa341b02beaa6af4378c3cdc196874a934,benign,delete_noncritical_atom,accessed_registry_keys,0,unrelated capability should remain unchanged where no shared atom exists,noncritical_deletion_locality,
860a3ac2e5caf8665e09d7eb9cfff8aa341b02beaa6af4378c3cdc196874a934,benign,normalize_identifier,accessed_files,0,environment marker changed; semantic capability should be invariant unless marker is the only support,identifier_invariance,
860a3ac2e5caf8665e09d7eb9cfff8aa341b02beaa6af4378c3cdc196874a934,benign,substitute_identifier,accessed_files,0,environment marker changed; semantic capability should be invariant unless marker is the only support,identifier_invariance,
860a3ac2e5caf8665e09d7eb9cfff8aa341b02beaa6af4378c3cdc196874a934,benign,inject_conflict,executed_commands,0,explicit success/failure conflict must be recorded separately from missingness,explicit_conflict_recording,
29092750682566d420a46be4a726d431a956dcbd590d5ba1e77172f6d29a4a30,benign,delete_critical_atom,created_registry_keys,0,target support may become indeterminate; unrelated claims remain unchanged,missingness_separation,privilege_manipulation
29092750682566d420a46be4a726d431a956dcbd590d5ba1e77172f6d29a4a30,benign,delete_noncritical_atom,accessed_registry_keys,0,unrelated capability should remain unchanged where no shared atom exists,noncritical_deletion_locality,
29092750682566d420a46be4a726d431a956dcbd590d5ba1e77172f6d29a4a30,benign,normalize_identifier,network_dns_lookups,0,environment marker changed; semantic capability should be invariant unless marker is the only support,identifier_invariance,
29092750682566d420a46be4a726d431a956dcbd590d5ba1e77172f6d29a4a30,benign,substitute_identifier,network_dns_lookups,0,environment marker changed; semantic capability should be invariant unless marker is the only support,identifier_invariance,
29092750682566d420a46be4a726d431a956dcbd590d5ba1e77172f6d29a4a30,benign,inject_conflict,executed_commands,0,explicit success/failure conflict must be recorded separately from missingness,explicit_conflict_recording,
5d103c7537abeb88861e59702245ebc3ff1c70293b1ca01b9cb49b6ba1cbbd3e,benign,delete_critical_atom,accessed_files,0,target support may become indeterminate; unrelated claims remain unchanged,missingness_separation,file_impact
5d103c7537abeb88861e59702245ebc3ff1c70293b1ca01b9cb49b6ba1cbbd3e,benign,delete_noncritical_atom,accessed_registry_keys,0,unrelated capability should remain unchanged where no shared atom exists,noncritical_deletion_locality,
5d103c7537abeb88861e59702245ebc3ff1c70293b1ca01b9cb49b6ba1cbbd3e,benign,normalize_identifier,accessed_files,9,environment marker changed; semantic capability should be invariant unless marker is the only support,identifier_invariance,
5d103c7537abeb88861e59702245ebc3ff1c70293b1ca01b9cb49b6ba1cbbd3e,benign,substitute_identifier,accessed_files,9,environment marker changed; semantic capability should be invariant unless marker is the only support,identifier_invariance,
5d103c7537abeb88861e59702245ebc3ff1c70293b1ca01b9cb49b6ba1cbbd3e,benign,inject_conflict,executed_commands,0,explicit success/failure conflict must be recorded separately from missingness,explicit_conflict_recording,
f51c7675be8fe3df77207ada324235246b54c12d530765fc5a8da1ed39de2da6,benign,delete_critical_atom,accessed_files,0,target support may become indeterminate; unrelated claims remain unchanged,missingness_separation,file_impact
f51c7675be8fe3df77207ada324235246b54c12d530765fc5a8da1ed39de2da6,benign,delete_noncritical_atom,accessed_registry_keys,0,unrelated capability should remain unchanged where no shared atom exists,noncritical_deletion_locality,
f51c7675be8fe3df77207ada324235246b54c12d530765fc5a8da1ed39de2da6,benign,normalize_identifier,accessed_files,0,environment marker changed; semantic capability should be invariant unless marker is the only support,identifier_invariance,
f51c7675be8fe3df77207ada324235246b54c12d530765fc5a8da1ed39de2da6,benign,substitute_identifier,accessed_files,0,environment marker changed; semantic capability should be invariant unless marker is the only support,identifier_invariance,
f51c7675be8fe3df77207ada324235246b54c12d530765fc5a8da1ed39de2da6,benign,inject_conflict,executed_commands,0,explicit success/failure conflict must be recorded separately from missingness,explicit_conflict_recording,
2ab8be750cfff1e3f3ef424f2c608955f7c6ae3d7b18a44054fdd0bf2801fee8,benign,delete_critical_atom,accessed_registry_keys,29,target support may become indeterminate; unrelated claims remain unchanged,missingness_separation,anti_analysis
2ab8be750cfff1e3f3ef424f2c608955f7c6ae3d7b18a44054fdd0bf2801fee8,benign,delete_noncritical_atom,accessed_registry_keys,0,unrelated capability should remain unchanged where no shared atom exists,noncritical_deletion_locality,
2ab8be750cfff1e3f3ef424f2c608955f7c6ae3d7b18a44054fdd0bf2801fee8,benign,inject_conflict,executed_commands,0,explicit success/failure conflict must be recorded separately from missingness,explicit_conflict_recording,
6d9f73e6bb92aab61d186bc5865f4fd7f8e4c03055a3f18eb5669867cd044268,benign,delete_critical_atom,accessed_registry_keys,29,target support may become indeterminate; unrelated claims remain unchanged,missingness_separation,anti_analysis
6d9f73e6bb92aab61d186bc5865f4fd7f8e4c03055a3f18eb5669867cd044268,benign,delete_noncritical_atom,accessed_registry_keys,0,unrelated capability should remain unchanged where no shared atom exists,noncritical_deletion_locality,
6d9f73e6bb92aab61d186bc5865f4fd7f8e4c03055a3f18eb5669867cd044268,benign,normalize_identifier,accessed_files,53,environment marker changed; semantic capability should be invariant unless marker is the only support,identifier_invariance,
6d9f73e6bb92aab61d186bc5865f4fd7f8e4c03055a3f18eb5669867cd044268,benign,substitute_identifier,accessed_files,53,environment marker changed; semantic capability should be invariant unless marker is the only support,identifier_invariance,
6d9f73e6bb92aab61d186bc5865f4fd7f8e4c03055a3f18eb5669867cd044268,benign,inject_conflict,executed_commands,0,explicit success/failure conflict must be recorded separately from missingness,explicit_conflict_recording,
54f58811dfcca45da823551e5e8712b54e11ca99b3e3136d7d83d065d09963e4,benign,delete_critical_atom,accessed_files,0,target support may become indeterminate; unrelated claims remain unchanged,missingness_separation,file_impact
54f58811dfcca45da823551e5e8712b54e11ca99b3e3136d7d83d065d09963e4,benign,delete_noncritical_atom,accessed_registry_keys,0,unrelated capability should remain unchanged where no shared atom exists,noncritical_deletion_locality,
54f58811dfcca45da823551e5e8712b54e11ca99b3e3136d7d83d065d09963e4,benign,normalize_identifier,accessed_files,0,environment marker changed; semantic capability should be invariant unless marker is the only support,identifier_invariance,
54f58811dfcca45da823551e5e8712b54e11ca99b3e3136d7d83d065d09963e4,benign,substitute_identifier,accessed_files,0,environment marker changed; semantic capability should be invariant unless marker is the only support,identifier_invariance,
54f58811dfcca45da823551e5e8712b54e11ca99b3e3136d7d83d065d09963e4,benign,inject_conflict,executed_commands,0,explicit success/failure conflict must be recorded separately from missingness,explicit_conflict_recording,
5ebc01b3d1fa70062ae09af75f0cd0b6471b942921fb397b811333d6fe7ef0f8,benign,delete_critical_atom,accessed_registry_keys,24,target support may become indeterminate; unrelated claims remain unchanged,missingness_separation,anti_analysis
5ebc01b3d1fa70062ae09af75f0cd0b6471b942921fb397b811333d6fe7ef0f8,benign,delete_noncritical_atom,accessed_registry_keys,0,unrelated capability should remain unchanged where no shared atom exists,noncritical_deletion_locality,
5ebc01b3d1fa70062ae09af75f0cd0b6471b942921fb397b811333d6fe7ef0f8,benign,normalize_identifier,accessed_files,61,environment marker changed; semantic capability should be invariant unless marker is the only support,identifier_invariance,
5ebc01b3d1fa70062ae09af75f0cd0b6471b942921fb397b811333d6fe7ef0f8,benign,substitute_identifier,accessed_files,61,environment marker changed; semantic capability should be invariant unless marker is the only support,identifier_invariance,
5ebc01b3d1fa70062ae09af75f0cd0b6471b942921fb397b811333d6fe7ef0f8,benign,inject_conflict,executed_commands,0,explicit success/failure conflict must be recorded separately from missingness,explicit_conflict_recording,
f68e2d18ae18f2b40849bebb0ab65a1a5094a6f544a9e6ec43d009e0c35b1e06,benign,delete_critical_atom,accessed_files,0,target support may become indeterminate; unrelated claims remain unchanged,missingness_separation,file_impact
f68e2d18ae18f2b40849bebb0ab65a1a5094a6f544a9e6ec43d009e0c35b1e06,benign,delete_noncritical_atom,accessed_registry_keys,0,unrelated capability should remain unchanged where no shared atom exists,noncritical_deletion_locality,
f68e2d18ae18f2b40849bebb0ab65a1a5094a6f544a9e6ec43d009e0c35b1e06,benign,normalize_identifier,accessed_files,0,environment marker changed; semantic capability should be invariant unless marker is the only support,identifier_invariance,
f68e2d18ae18f2b40849bebb0ab65a1a5094a6f544a9e6ec43d009e0c35b1e06,benign,substitute_identifier,accessed_files,0,environment marker changed; semantic capability should be invariant unless marker is the only support,identifier_invariance,
f68e2d18ae18f2b40849bebb0ab65a1a5094a6f544a9e6ec43d009e0c35b1e06,benign,inject_conflict,executed_commands,0,explicit success/failure conflict must be recorded separately from missingness,explicit_conflict_recording,
a5af51728e1eb3e5d4f7ffa9deb78e3d7986cb308761d5e5d1a130cd02362f55,benign,delete_critical_atom,accessed_registry_keys,210,target support may become indeterminate; unrelated claims remain unchanged,missingness_separation,privilege_manipulation
a5af51728e1eb3e5d4f7ffa9deb78e3d7986cb308761d5e5d1a130cd02362f55,benign,delete_noncritical_atom,accessed_registry_keys,0,unrelated capability should remain unchanged where no shared atom exists,noncritical_deletion_locality,
a5af51728e1eb3e5d4f7ffa9deb78e3d7986cb308761d5e5d1a130cd02362f55,benign,normalize_identifier,accessed_files,12,environment marker changed; semantic capability should be invariant unless marker is the only support,identifier_invariance,
a5af51728e1eb3e5d4f7ffa9deb78e3d7986cb308761d5e5d1a130cd02362f55,benign,substitute_identifier,accessed_files,12,environment marker changed; semantic capability should be invariant unless marker is the only support,identifier_invariance,
a5af51728e1eb3e5d4f7ffa9deb78e3d7986cb308761d5e5d1a130cd02362f55,benign,inject_conflict,executed_commands,0,explicit success/failure conflict must be recorded separately from missingness,explicit_conflict_recording,
3d4452584aaa25d766f98b508df6a16beca82bc7b9d42d8d378c375a954644b9,benign,delete_critical_atom,accessed_files,0,target support may become indeterminate; unrelated claims remain unchanged,missingness_separation,file_impact
3d4452584aaa25d766f98b508df6a16beca82bc7b9d42d8d378c375a954644b9,benign,delete_noncritical_atom,accessed_registry_keys,0,unrelated capability should remain unchanged where no shared atom exists,noncritical_deletion_locality,
3d4452584aaa25d766f98b508df6a16beca82bc7b9d42d8d378c375a954644b9,benign,inject_conflict,executed_commands,0,explicit success/failure conflict must be recorded separately from missingness,explicit_conflict_recording,
fb94e1f52894251fe26b5d902e8beff5c75bfa75d7db027282d2778601e2edcf,benign,delete_critical_atom,accessed_files,0,target support may become indeterminate; unrelated claims remain unchanged,missingness_separation,file_impact
fb94e1f52894251fe26b5d902e8beff5c75bfa75d7db027282d2778601e2edcf,benign,delete_noncritical_atom,accessed_registry_keys,0,unrelated capability should remain unchanged where no shared atom exists,noncritical_deletion_locality,
fb94e1f52894251fe26b5d902e8beff5c75bfa75d7db027282d2778601e2edcf,benign,normalize_identifier,accessed_files,0,environment marker changed; semantic capability should be invariant unless marker is the only support,identifier_invariance,
fb94e1f52894251fe26b5d902e8beff5c75bfa75d7db027282d2778601e2edcf,benign,substitute_identifier,accessed_files,0,environment marker changed; semantic capability should be invariant unless marker is the only support,identifier_invariance,
fb94e1f52894251fe26b5d902e8beff5c75bfa75d7db027282d2778601e2edcf,benign,inject_conflict,executed_commands,0,explicit success/failure conflict must be recorded separately from missingness,explicit_conflict_recording,
af862b278038dc2a84dee82932cfdcffc837a747c7852dc905de72300c6fd937,benign,delete_critical_atom,accessed_registry_keys,31,target support may become indeterminate; unrelated claims remain unchanged,missingness_separation,privilege_manipulation
af862b278038dc2a84dee82932cfdcffc837a747c7852dc905de72300c6fd937,benign,delete_noncritical_atom,accessed_registry_keys,0,unrelated capability should remain unchanged where no shared atom exists,noncritical_deletion_locality,
af862b278038dc2a84dee82932cfdcffc837a747c7852dc905de72300c6fd937,benign,normalize_identifier,accessed_files,0,environment marker changed; semantic capability should be invariant unless marker is the only support,identifier_invariance,
af862b278038dc2a84dee82932cfdcffc837a747c7852dc905de72300c6fd937,benign,substitute_identifier,accessed_files,0,environment marker changed; semantic capability should be invariant unless marker is the only support,identifier_invariance,
af862b278038dc2a84dee82932cfdcffc837a747c7852dc905de72300c6fd937,benign,inject_conflict,executed_commands,0,explicit success/failure conflict must be recorded separately from missingness,explicit_conflict_recording,
736c20893d66721ec88f019e3dc68606778bca5ae6be3f5ee166f48036aebd3b,benign,delete_critical_atom,accessed_files,0,target support may become indeterminate; unrelated claims remain unchanged,missingness_separation,file_impact
736c20893d66721ec88f019e3dc68606778bca5ae6be3f5ee166f48036aebd3b,benign,delete_noncritical_atom,accessed_registry_keys,0,unrelated capability should remain unchanged where no shared atom exists,noncritical_deletion_locality,
736c20893d66721ec88f019e3dc68606778bca5ae6be3f5ee166f48036aebd3b,benign,normalize_identifier,accessed_files,0,environment marker changed; semantic capability should be invariant unless marker is the only support,identifier_invariance,
736c20893d66721ec88f019e3dc68606778bca5ae6be3f5ee166f48036aebd3b,benign,substitute_identifier,accessed_files,0,environment marker changed; semantic capability should be invariant unless marker is the only support,identifier_invariance,
736c20893d66721ec88f019e3dc68606778bca5ae6be3f5ee166f48036aebd3b,benign,inject_conflict,executed_commands,0,explicit success/failure conflict must be recorded separately from missingness,explicit_conflict_recording,
1323d50b8f6b5127a3ef6644b8b69e999c454c045a2d8ec476c4b6165df4ed03,benign,delete_critical_atom,accessed_registry_keys,0,target support may become indeterminate; unrelated claims remain unchanged,missingness_separation,privilege_manipulation
1323d50b8f6b5127a3ef6644b8b69e999c454c045a2d8ec476c4b6165df4ed03,benign,delete_noncritical_atom,accessed_registry_keys,1,unrelated capability should remain unchanged where no shared atom exists,noncritical_deletion_locality,
1323d50b8f6b5127a3ef6644b8b69e999c454c045a2d8ec476c4b6165df4ed03,benign,normalize_identifier,accessed_files,55,environment marker changed; semantic capability should be invariant unless marker is the only support,identifier_invariance,
1323d50b8f6b5127a3ef6644b8b69e999c454c045a2d8ec476c4b6165df4ed03,benign,substitute_identifier,accessed_files,55,environment marker changed; semantic capability should be invariant unless marker is the only support,identifier_invariance,
1323d50b8f6b5127a3ef6644b8b69e999c454c045a2d8ec476c4b6165df4ed03,benign,inject_conflict,executed_commands,0,explicit success/failure conflict must be recorded separately from missingness,explicit_conflict_recording,
9da7d702b291ba9a56947558c99a9878e4dcb025f027b97546c4967dee7955e0,benign,delete_critical_atom,accessed_registry_keys,9,target support may become indeterminate; unrelated claims remain unchanged,missingness_separation,anti_analysis
9da7d702b291ba9a56947558c99a9878e4dcb025f027b97546c4967dee7955e0,benign,delete_noncritical_atom,accessed_registry_keys,0,unrelated capability should remain unchanged where no shared atom exists,noncritical_deletion_locality,
9da7d702b291ba9a56947558c99a9878e4dcb025f027b97546c4967dee7955e0,benign,normalize_identifier,accessed_files,0,environment marker changed; semantic capability should be invariant unless marker is the only support,identifier_invariance,
9da7d702b291ba9a56947558c99a9878e4dcb025f027b97546c4967dee7955e0,benign,substitute_identifier,accessed_files,0,environment marker changed; semantic capability should be invariant unless marker is the only support,identifier_invariance,
9da7d702b291ba9a56947558c99a9878e4dcb025f027b97546c4967dee7955e0,benign,inject_conflict,executed_commands,0,explicit success/failure conflict must be recorded separately from missingness,explicit_conflict_recording,
918f88dda79911eb53ce2e21a8e68055b1c75e9533d8fed12c494feedb462b03,benign,delete_critical_atom,accessed_files,0,target support may become indeterminate; unrelated claims remain unchanged,missingness_separation,file_impact
918f88dda79911eb53ce2e21a8e68055b1c75e9533d8fed12c494feedb462b03,benign,delete_noncritical_atom,accessed_registry_keys,0,unrelated capability should remain unchanged where no shared atom exists,noncritical_deletion_locality,
918f88dda79911eb53ce2e21a8e68055b1c75e9533d8fed12c494feedb462b03,benign,normalize_identifier,accessed_files,8,environment marker changed; semantic capability should be invariant unless marker is the only support,identifier_invariance,
918f88dda79911eb53ce2e21a8e68055b1c75e9533d8fed12c494feedb462b03,benign,substitute_identifier,accessed_files,8,environment marker changed; semantic capability should be invariant unless marker is the only support,identifier_invariance,
918f88dda79911eb53ce2e21a8e68055b1c75e9533d8fed12c494feedb462b03,benign,inject_conflict,executed_commands,0,explicit success/failure conflict must be recorded separately from missingness,explicit_conflict_recording,
afba582bed01205161b526923738e5d72d4d8f35df5342bb6dd12bd49a4a92a4,benign,delete_critical_atom,accessed_registry_keys,28,target support may become indeterminate; unrelated claims remain unchanged,missingness_separation,privilege_manipulation
afba582bed01205161b526923738e5d72d4d8f35df5342bb6dd12bd49a4a92a4,benign,delete_noncritical_atom,accessed_registry_keys,0,unrelated capability should remain unchanged where no shared atom exists,noncritical_deletion_locality,
afba582bed01205161b526923738e5d72d4d8f35df5342bb6dd12bd49a4a92a4,benign,normalize_identifier,created_registry_keys,20,environment marker changed; semantic capability should be invariant unless marker is the only support,identifier_invariance,
afba582bed01205161b526923738e5d72d4d8f35df5342bb6dd12bd49a4a92a4,benign,substitute_identifier,created_registry_keys,20,environment marker changed; semantic capability should be invariant unless marker is the only support,identifier_invariance,
afba582bed01205161b526923738e5d72d4d8f35df5342bb6dd12bd49a4a92a4,benign,inject_conflict,executed_commands,0,explicit success/failure conflict must be recorded separately from missingness,explicit_conflict_recording,
78617ddf9a0067a32cb5d87a796c93a9618ac006ccdcb3c7c824fdeb6ec5fd59,benign,delete_critical_atom,created_registry_keys,0,target support may become indeterminate; unrelated claims remain unchanged,missingness_separation,persistence
78617ddf9a0067a32cb5d87a796c93a9618ac006ccdcb3c7c824fdeb6ec5fd59,benign,delete_noncritical_atom,accessed_registry_keys,0,unrelated capability should remain unchanged where no shared atom exists,noncritical_deletion_locality,
78617ddf9a0067a32cb5d87a796c93a9618ac006ccdcb3c7c824fdeb6ec5fd59,benign,normalize_identifier,accessed_files,20,environment marker changed; semantic capability should be invariant unless marker is the only support,identifier_invariance,
78617ddf9a0067a32cb5d87a796c93a9618ac006ccdcb3c7c824fdeb6ec5fd59,benign,substitute_identifier,accessed_files,20,environment marker changed; semantic capability should be invariant unless marker is the only support,identifier_invariance,
78617ddf9a0067a32cb5d87a796c93a9618ac006ccdcb3c7c824fdeb6ec5fd59,benign,inject_conflict,executed_commands,0,explicit success/failure conflict must be recorded separately from missingness,explicit_conflict_recording,
4563592572ce059bb83946b58a4975230d09d00b1a753468842d9dc77ddbc0af,benign,delete_critical_atom,accessed_files,0,target support may become indeterminate; unrelated claims remain unchanged,missingness_separation,file_impact
4563592572ce059bb83946b58a4975230d09d00b1a753468842d9dc77ddbc0af,benign,delete_noncritical_atom,accessed_registry_keys,0,unrelated capability should remain unchanged where no shared atom exists,noncritical_deletion_locality,
4563592572ce059bb83946b58a4975230d09d00b1a753468842d9dc77ddbc0af,benign,normalize_identifier,accessed_files,11,environment marker changed; semantic capability should be invariant unless marker is the only support,identifier_invariance,
4563592572ce059bb83946b58a4975230d09d00b1a753468842d9dc77ddbc0af,benign,substitute_identifier,accessed_files,11,environment marker changed; semantic capability should be invariant unless marker is the only support,identifier_invariance,
4563592572ce059bb83946b58a4975230d09d00b1a753468842d9dc77ddbc0af,benign,inject_conflict,executed_commands,0,explicit success/failure conflict must be recorded separately from missingness,explicit_conflict_recording,
4f424959fdacadbbe244346fec69c0fd6db7ba7aa27c6ed3544f883f411d71e4,benign,delete_critical_atom,accessed_files,0,target support may become indeterminate; unrelated claims remain unchanged,missingness_separation,file_impact
4f424959fdacadbbe244346fec69c0fd6db7ba7aa27c6ed3544f883f411d71e4,benign,delete_noncritical_atom,accessed_registry_keys,0,unrelated capability should remain unchanged where no shared atom exists,noncritical_deletion_locality,
4f424959fdacadbbe244346fec69c0fd6db7ba7aa27c6ed3544f883f411d71e4,benign,inject_conflict,executed_commands,0,explicit success/failure conflict must be recorded separately from missingness,explicit_conflict_recording,
59adaff77c316e810e1429f8aca59550c9606e3edbfcb909c23132305aba4d7e,benign,delete_critical_atom,accessed_registry_keys,29,target support may become indeterminate; unrelated claims remain unchanged,missingness_separation,anti_analysis
59adaff77c316e810e1429f8aca59550c9606e3edbfcb909c23132305aba4d7e,benign,delete_noncritical_atom,accessed_registry_keys,0,unrelated capability should remain unchanged where no shared atom exists,noncritical_deletion_locality,
59adaff77c316e810e1429f8aca59550c9606e3edbfcb909c23132305aba4d7e,benign,normalize_identifier,accessed_files,0,environment marker changed; semantic capability should be invariant unless marker is the only support,identifier_invariance,
59adaff77c316e810e1429f8aca59550c9606e3edbfcb909c23132305aba4d7e,benign,substitute_identifier,accessed_files,0,environment marker changed; semantic capability should be invariant unless marker is the only support,identifier_invariance,
59adaff77c316e810e1429f8aca59550c9606e3edbfcb909c23132305aba4d7e,benign,inject_conflict,executed_commands,0,explicit success/failure conflict must be recorded separately from missingness,explicit_conflict_recording,
3060fa795fc6ac4cd7dde883ec928173fe187655ff9c50314dd3652067a02a8c,benign,delete_critical_atom,accessed_registry_keys,46,target support may become indeterminate; unrelated claims remain unchanged,missingness_separation,anti_analysis
3060fa795fc6ac4cd7dde883ec928173fe187655ff9c50314dd3652067a02a8c,benign,delete_noncritical_atom,accessed_registry_keys,0,unrelated capability should remain unchanged where no shared atom exists,noncritical_deletion_locality,
3060fa795fc6ac4cd7dde883ec928173fe187655ff9c50314dd3652067a02a8c,benign,normalize_identifier,accessed_files,95,environment marker changed; semantic capability should be invariant unless marker is the only support,identifier_invariance,
3060fa795fc6ac4cd7dde883ec928173fe187655ff9c50314dd3652067a02a8c,benign,substitute_identifier,accessed_files,95,environment marker changed; semantic capability should be invariant unless marker is the only support,identifier_invariance,
3060fa795fc6ac4cd7dde883ec928173fe187655ff9c50314dd3652067a02a8c,benign,inject_conflict,executed_commands,0,explicit success/failure conflict must be recorded separately from missingness,explicit_conflict_recording,
857243d6745662c97b02411e3ae7629e5ddb1c0f573fd47df57be63bf6d8717a,benign,delete_critical_atom,accessed_registry_keys,7,target support may become indeterminate; unrelated claims remain unchanged,missingness_separation,anti_analysis
857243d6745662c97b02411e3ae7629e5ddb1c0f573fd47df57be63bf6d8717a,benign,delete_noncritical_atom,accessed_registry_keys,0,unrelated capability should remain unchanged where no shared atom exists,noncritical_deletion_locality,
857243d6745662c97b02411e3ae7629e5ddb1c0f573fd47df57be63bf6d8717a,benign,normalize_identifier,created_registry_keys,5,environment marker changed; semantic capability should be invariant unless marker is the only support,identifier_invariance,
857243d6745662c97b02411e3ae7629e5ddb1c0f573fd47df57be63bf6d8717a,benign,substitute_identifier,created_registry_keys,5,environment marker changed; semantic capability should be invariant unless marker is the only support,identifier_invariance,
857243d6745662c97b02411e3ae7629e5ddb1c0f573fd47df57be63bf6d8717a,benign,inject_conflict,executed_commands,0,explicit success/failure conflict must be recorded separately from missingness,explicit_conflict_recording,
382230aef7e1cfd81723d25d9cd83b3e0e00a66883fcf6de52ee21021253ef90,benign,delete_critical_atom,accessed_registry_keys,25,target support may become indeterminate; unrelated claims remain unchanged,missingness_separation,anti_analysis
382230aef7e1cfd81723d25d9cd83b3e0e00a66883fcf6de52ee21021253ef90,benign,delete_noncritical_atom,accessed_registry_keys,0,unrelated capability should remain unchanged where no shared atom exists,noncritical_deletion_locality,
382230aef7e1cfd81723d25d9cd83b3e0e00a66883fcf6de52ee21021253ef90,benign,normalize_identifier,accessed_files,0,environment marker changed; semantic capability should be invariant unless marker is the only support,identifier_invariance,
382230aef7e1cfd81723d25d9cd83b3e0e00a66883fcf6de52ee21021253ef90,benign,substitute_identifier,accessed_files,0,environment marker changed; semantic capability should be invariant unless marker is the only support,identifier_invariance,
382230aef7e1cfd81723d25d9cd83b3e0e00a66883fcf6de52ee21021253ef90,benign,inject_conflict,executed_commands,0,explicit success/failure conflict must be recorded separately from missingness,explicit_conflict_recording,
5479c608705d561a2ee460bd46e63acf361d115b961bbc354b02bdd2910cd8b8,benign,delete_critical_atom,accessed_registry_keys,55,target support may become indeterminate; unrelated claims remain unchanged,missingness_separation,privilege_manipulation
5479c608705d561a2ee460bd46e63acf361d115b961bbc354b02bdd2910cd8b8,benign,delete_noncritical_atom,accessed_registry_keys,0,unrelated capability should remain unchanged where no shared atom exists,noncritical_deletion_locality,
5479c608705d561a2ee460bd46e63acf361d115b961bbc354b02bdd2910cd8b8,benign,normalize_identifier,accessed_files,40,environment marker changed; semantic capability should be invariant unless marker is the only support,identifier_invariance,
5479c608705d561a2ee460bd46e63acf361d115b961bbc354b02bdd2910cd8b8,benign,substitute_identifier,accessed_files,40,environment marker changed; semantic capability should be invariant unless marker is the only support,identifier_invariance,
5479c608705d561a2ee460bd46e63acf361d115b961bbc354b02bdd2910cd8b8,benign,inject_conflict,executed_commands,0,explicit success/failure conflict must be recorded separately from missingness,explicit_conflict_recording,
866422d290a270998c885d5b3956db9df18773b7655469df2f176dbf08e3c02b,benign,delete_critical_atom,accessed_files,0,target support may become indeterminate; unrelated claims remain unchanged,missingness_separation,file_impact
866422d290a270998c885d5b3956db9df18773b7655469df2f176dbf08e3c02b,benign,delete_noncritical_atom,accessed_registry_keys,0,unrelated capability should remain unchanged where no shared atom exists,noncritical_deletion_locality,
866422d290a270998c885d5b3956db9df18773b7655469df2f176dbf08e3c02b,benign,normalize_identifier,accessed_files,1,environment marker changed; semantic capability should be invariant unless marker is the only support,identifier_invariance,
866422d290a270998c885d5b3956db9df18773b7655469df2f176dbf08e3c02b,benign,substitute_identifier,accessed_files,1,environment marker changed; semantic capability should be invariant unless marker is the only support,identifier_invariance,
866422d290a270998c885d5b3956db9df18773b7655469df2f176dbf08e3c02b,benign,inject_conflict,executed_commands,0,explicit success/failure conflict must be recorded separately from missingness,explicit_conflict_recording,
1232ef4c8b3eb1e38cd6df07d609470f8efe129625ad29dc27aa93848e7dfb8c,benign,delete_critical_atom,accessed_files,0,target support may become indeterminate; unrelated claims remain unchanged,missingness_separation,file_impact
1232ef4c8b3eb1e38cd6df07d609470f8efe129625ad29dc27aa93848e7dfb8c,benign,delete_noncritical_atom,accessed_registry_keys,0,unrelated capability should remain unchanged where no shared atom exists,noncritical_deletion_locality,
1232ef4c8b3eb1e38cd6df07d609470f8efe129625ad29dc27aa93848e7dfb8c,benign,normalize_identifier,executed_commands,1,environment marker changed; semantic capability should be invariant unless marker is the only support,identifier_invariance,
1232ef4c8b3eb1e38cd6df07d609470f8efe129625ad29dc27aa93848e7dfb8c,benign,substitute_identifier,executed_commands,1,environment marker changed; semantic capability should be invariant unless marker is the only support,identifier_invariance,
1232ef4c8b3eb1e38cd6df07d609470f8efe129625ad29dc27aa93848e7dfb8c,benign,inject_conflict,executed_commands,0,explicit success/failure conflict must be recorded separately from missingness,explicit_conflict_recording,
8f277af51e936f33bd084f8240c5a6ade580547955ed78d3fbd6c3b1417698e8,benign,delete_critical_atom,created_registry_keys,4,target support may become indeterminate; unrelated claims remain unchanged,missingness_separation,persistence
8f277af51e936f33bd084f8240c5a6ade580547955ed78d3fbd6c3b1417698e8,benign,delete_noncritical_atom,accessed_registry_keys,0,unrelated capability should remain unchanged where no shared atom exists,noncritical_deletion_locality,
8f277af51e936f33bd084f8240c5a6ade580547955ed78d3fbd6c3b1417698e8,benign,normalize_identifier,accessed_files,3,environment marker changed; semantic capability should be invariant unless marker is the only support,identifier_invariance,
8f277af51e936f33bd084f8240c5a6ade580547955ed78d3fbd6c3b1417698e8,benign,substitute_identifier,accessed_files,3,environment marker changed; semantic capability should be invariant unless marker is the only support,identifier_invariance,
8f277af51e936f33bd084f8240c5a6ade580547955ed78d3fbd6c3b1417698e8,benign,inject_conflict,executed_commands,0,explicit success/failure conflict must be recorded separately from missingness,explicit_conflict_recording,
3afad105056ea8ba3d9ccabbcdc37d5f0c54bca4151d7425e60ca1b6c181a5a9,benign,delete_critical_atom,accessed_registry_keys,43,target support may become indeterminate; unrelated claims remain unchanged,missingness_separation,anti_analysis
3afad105056ea8ba3d9ccabbcdc37d5f0c54bca4151d7425e60ca1b6c181a5a9,benign,delete_noncritical_atom,accessed_registry_keys,0,unrelated capability should remain unchanged where no shared atom exists,noncritical_deletion_locality,
3afad105056ea8ba3d9ccabbcdc37d5f0c54bca4151d7425e60ca1b6c181a5a9,benign,normalize_identifier,accessed_files,0,environment marker changed; semantic capability should be invariant unless marker is the only support,identifier_invariance,
3afad105056ea8ba3d9ccabbcdc37d5f0c54bca4151d7425e60ca1b6c181a5a9,benign,substitute_identifier,accessed_files,0,environment marker changed; semantic capability should be invariant unless marker is the only support,identifier_invariance,
3afad105056ea8ba3d9ccabbcdc37d5f0c54bca4151d7425e60ca1b6c181a5a9,benign,inject_conflict,executed_commands,0,explicit success/failure conflict must be recorded separately from missingness,explicit_conflict_recording,
591e94ef4fc4684cd454c9d065a9af14c698ea6fab19144f243c7150b02837c7,benign,delete_critical_atom,created_registry_keys,1,target support may become indeterminate; unrelated claims remain unchanged,missingness_separation,persistence
591e94ef4fc4684cd454c9d065a9af14c698ea6fab19144f243c7150b02837c7,benign,delete_noncritical_atom,accessed_registry_keys,0,unrelated capability should remain unchanged where no shared atom exists,noncritical_deletion_locality,
591e94ef4fc4684cd454c9d065a9af14c698ea6fab19144f243c7150b02837c7,benign,normalize_identifier,accessed_files,26,environment marker changed; semantic capability should be invariant unless marker is the only support,identifier_invariance,
591e94ef4fc4684cd454c9d065a9af14c698ea6fab19144f243c7150b02837c7,benign,substitute_identifier,accessed_files,26,environment marker changed; semantic capability should be invariant unless marker is the only support,identifier_invariance,
591e94ef4fc4684cd454c9d065a9af14c698ea6fab19144f243c7150b02837c7,benign,inject_conflict,executed_commands,0,explicit success/failure conflict must be recorded separately from missingness,explicit_conflict_recording,
957e77dc780f168bca181681566cc62d348861512ea9c6d1740f3d3e8147fff4,benign,delete_critical_atom,accessed_registry_keys,100,target support may become indeterminate; unrelated claims remain unchanged,missingness_separation,anti_analysis
957e77dc780f168bca181681566cc62d348861512ea9c6d1740f3d3e8147fff4,benign,delete_noncritical_atom,accessed_registry_keys,0,unrelated capability should remain unchanged where no shared atom exists,noncritical_deletion_locality,
957e77dc780f168bca181681566cc62d348861512ea9c6d1740f3d3e8147fff4,benign,normalize_identifier,accessed_files,0,environment marker changed; semantic capability should be invariant unless marker is the only support,identifier_invariance,
957e77dc780f168bca181681566cc62d348861512ea9c6d1740f3d3e8147fff4,benign,substitute_identifier,accessed_files,0,environment marker changed; semantic capability should be invariant unless marker is the only support,identifier_invariance,
957e77dc780f168bca181681566cc62d348861512ea9c6d1740f3d3e8147fff4,benign,inject_conflict,executed_commands,0,explicit success/failure conflict must be recorded separately from missingness,explicit_conflict_recording,
63feb35b4cccf10ba73f3443eaaf23e718d6c43b4635fc87df301074d6d58439,benign,delete_critical_atom,accessed_files,0,target support may become indeterminate; unrelated claims remain unchanged,missingness_separation,file_impact
63feb35b4cccf10ba73f3443eaaf23e718d6c43b4635fc87df301074d6d58439,benign,delete_noncritical_atom,accessed_registry_keys,0,unrelated capability should remain unchanged where no shared atom exists,noncritical_deletion_locality,
63feb35b4cccf10ba73f3443eaaf23e718d6c43b4635fc87df301074d6d58439,benign,normalize_identifier,accessed_files,6,environment marker changed; semantic capability should be invariant unless marker is the only support,identifier_invariance,
63feb35b4cccf10ba73f3443eaaf23e718d6c43b4635fc87df301074d6d58439,benign,substitute_identifier,accessed_files,6,environment marker changed; semantic capability should be invariant unless marker is the only support,identifier_invariance,
63feb35b4cccf10ba73f3443eaaf23e718d6c43b4635fc87df301074d6d58439,benign,inject_conflict,executed_commands,0,explicit success/failure conflict must be recorded separately from missingness,explicit_conflict_recording,
329372d180e0c15003e2991d4e663a9c5e4ebd92f75f6315685643b7ccc3629a,benign,delete_critical_atom,accessed_registry_keys,24,target support may become indeterminate; unrelated claims remain unchanged,missingness_separation,anti_analysis
329372d180e0c15003e2991d4e663a9c5e4ebd92f75f6315685643b7ccc3629a,benign,delete_noncritical_atom,accessed_registry_keys,0,unrelated capability should remain unchanged where no shared atom exists,noncritical_deletion_locality,
329372d180e0c15003e2991d4e663a9c5e4ebd92f75f6315685643b7ccc3629a,benign,normalize_identifier,accessed_files,0,environment marker changed; semantic capability should be invariant unless marker is the only support,identifier_invariance,
329372d180e0c15003e2991d4e663a9c5e4ebd92f75f6315685643b7ccc3629a,benign,substitute_identifier,accessed_files,0,environment marker changed; semantic capability should be invariant unless marker is the only support,identifier_invariance,
329372d180e0c15003e2991d4e663a9c5e4ebd92f75f6315685643b7ccc3629a,benign,inject_conflict,executed_commands,0,explicit success/failure conflict must be recorded separately from missingness,explicit_conflict_recording,
c5c83bbc1741be6ff4c490c0aee34c162945423ec577c646538b2d21ce13199e,benign,delete_critical_atom,accessed_files,0,target support may become indeterminate; unrelated claims remain unchanged,missingness_separation,file_impact
c5c83bbc1741be6ff4c490c0aee34c162945423ec577c646538b2d21ce13199e,benign,delete_noncritical_atom,accessed_registry_keys,0,unrelated capability should remain unchanged where no shared atom exists,noncritical_deletion_locality,
c5c83bbc1741be6ff4c490c0aee34c162945423ec577c646538b2d21ce13199e,benign,normalize_identifier,accessed_files,21,environment marker changed; semantic capability should be invariant unless marker is the only support,identifier_invariance,
c5c83bbc1741be6ff4c490c0aee34c162945423ec577c646538b2d21ce13199e,benign,substitute_identifier,accessed_files,21,environment marker changed; semantic capability should be invariant unless marker is the only support,identifier_invariance,
c5c83bbc1741be6ff4c490c0aee34c162945423ec577c646538b2d21ce13199e,benign,inject_conflict,executed_commands,0,explicit success/failure conflict must be recorded separately from missingness,explicit_conflict_recording,
fa51f41b4e2ba9d7876f94363434cf5f29dc8d79769edd7cb8605aaa62f89f83,benign,delete_critical_atom,network_traffic_ips,0,target support may become indeterminate; unrelated claims remain unchanged,missingness_separation,network_staging
fa51f41b4e2ba9d7876f94363434cf5f29dc8d79769edd7cb8605aaa62f89f83,benign,delete_noncritical_atom,accessed_registry_keys,0,unrelated capability should remain unchanged where no shared atom exists,noncritical_deletion_locality,
fa51f41b4e2ba9d7876f94363434cf5f29dc8d79769edd7cb8605aaa62f89f83,benign,normalize_identifier,created_process,0,environment marker changed; semantic capability should be invariant unless marker is the only support,identifier_invariance,
fa51f41b4e2ba9d7876f94363434cf5f29dc8d79769edd7cb8605aaa62f89f83,benign,substitute_identifier,created_process,0,environment marker changed; semantic capability should be invariant unless marker is the only support,identifier_invariance,
fa51f41b4e2ba9d7876f94363434cf5f29dc8d79769edd7cb8605aaa62f89f83,benign,inject_conflict,executed_commands,0,explicit success/failure conflict must be recorded separately from missingness,explicit_conflict_recording,
aecd3ba3bb5b0f3ba8372e3b27d35cc3a2181f545b1a0743a8d4282107a15398,benign,delete_critical_atom,accessed_files,0,target support may become indeterminate; unrelated claims remain unchanged,missingness_separation,file_impact;ransomware_impact
aecd3ba3bb5b0f3ba8372e3b27d35cc3a2181f545b1a0743a8d4282107a15398,benign,delete_noncritical_atom,accessed_registry_keys,0,unrelated capability should remain unchanged where no shared atom exists,noncritical_deletion_locality,
aecd3ba3bb5b0f3ba8372e3b27d35cc3a2181f545b1a0743a8d4282107a15398,benign,normalize_identifier,accessed_files,0,environment marker changed; semantic capability should be invariant unless marker is the only support,identifier_invariance,
aecd3ba3bb5b0f3ba8372e3b27d35cc3a2181f545b1a0743a8d4282107a15398,benign,substitute_identifier,accessed_files,0,environment marker changed; semantic capability should be invariant unless marker is the only support,identifier_invariance,
aecd3ba3bb5b0f3ba8372e3b27d35cc3a2181f545b1a0743a8d4282107a15398,benign,inject_conflict,executed_commands,0,explicit success/failure conflict must be recorded separately from missingness,explicit_conflict_recording,
6f45469d7e8803419774dbd3a05187574b15358545c8781be3314f475c56061a,benign,delete_critical_atom,created_registry_keys,0,target support may become indeterminate; unrelated claims remain unchanged,missingness_separation,persistence
6f45469d7e8803419774dbd3a05187574b15358545c8781be3314f475c56061a,benign,delete_noncritical_atom,accessed_registry_keys,0,unrelated capability should remain unchanged where no shared atom exists,noncritical_deletion_locality,
6f45469d7e8803419774dbd3a05187574b15358545c8781be3314f475c56061a,benign,inject_conflict,executed_commands,0,explicit success/failure conflict must be recorded separately from missingness,explicit_conflict_recording,
aa1982a53a0fd25d0e394e562e979bf04422fb932597d577f0f039099683e8da,benign,delete_critical_atom,accessed_files,0,target support may become indeterminate; unrelated claims remain unchanged,missingness_separation,file_impact
aa1982a53a0fd25d0e394e562e979bf04422fb932597d577f0f039099683e8da,benign,delete_noncritical_atom,accessed_registry_keys,0,unrelated capability should remain unchanged where no shared atom exists,noncritical_deletion_locality,
aa1982a53a0fd25d0e394e562e979bf04422fb932597d577f0f039099683e8da,benign,inject_conflict,executed_commands,0,explicit success/failure conflict must be recorded separately from missingness,explicit_conflict_recording,
48ded37bddabfaf6ad0f6ca4b9c8ee4a493010875fdc0fab82554403abe2f522,benign,delete_critical_atom,created_registry_keys,0,target support may become indeterminate; unrelated claims remain unchanged,missingness_separation,persistence
48ded37bddabfaf6ad0f6ca4b9c8ee4a493010875fdc0fab82554403abe2f522,benign,delete_noncritical_atom,accessed_registry_keys,0,unrelated capability should remain unchanged where no shared atom exists,noncritical_deletion_locality,
48ded37bddabfaf6ad0f6ca4b9c8ee4a493010875fdc0fab82554403abe2f522,benign,normalize_identifier,network_dns_lookups,0,environment marker changed; semantic capability should be invariant unless marker is the only support,identifier_invariance,
48ded37bddabfaf6ad0f6ca4b9c8ee4a493010875fdc0fab82554403abe2f522,benign,substitute_identifier,network_dns_lookups,0,environment marker changed; semantic capability should be invariant unless marker is the only support,identifier_invariance,
48ded37bddabfaf6ad0f6ca4b9c8ee4a493010875fdc0fab82554403abe2f522,benign,inject_conflict,executed_commands,0,explicit success/failure conflict must be recorded separately from missingness,explicit_conflict_recording,
bf2b452d6a14d13f386c7352fa5d7521831a6014ee9cde8535966c3b3d199e8c,benign,delete_critical_atom,accessed_files,0,target support may become indeterminate; unrelated claims remain unchanged,missingness_separation,file_impact
bf2b452d6a14d13f386c7352fa5d7521831a6014ee9cde8535966c3b3d199e8c,benign,delete_noncritical_atom,accessed_registry_keys,0,unrelated capability should remain unchanged where no shared atom exists,noncritical_deletion_locality,
bf2b452d6a14d13f386c7352fa5d7521831a6014ee9cde8535966c3b3d199e8c,benign,normalize_identifier,accessed_files,0,environment marker changed; semantic capability should be invariant unless marker is the only support,identifier_invariance,
bf2b452d6a14d13f386c7352fa5d7521831a6014ee9cde8535966c3b3d199e8c,benign,substitute_identifier,accessed_files,0,environment marker changed; semantic capability should be invariant unless marker is the only support,identifier_invariance,
bf2b452d6a14d13f386c7352fa5d7521831a6014ee9cde8535966c3b3d199e8c,benign,inject_conflict,executed_commands,0,explicit success/failure conflict must be recorded separately from missingness,explicit_conflict_recording,
77b25324f49313c96afea077fb1065f61ff9bfbb4428c2d3ec3e76879a169ca0,benign,delete_critical_atom,accessed_registry_keys,24,target support may become indeterminate; unrelated claims remain unchanged,missingness_separation,anti_analysis
77b25324f49313c96afea077fb1065f61ff9bfbb4428c2d3ec3e76879a169ca0,benign,delete_noncritical_atom,accessed_registry_keys,0,unrelated capability should remain unchanged where no shared atom exists,noncritical_deletion_locality,
77b25324f49313c96afea077fb1065f61ff9bfbb4428c2d3ec3e76879a169ca0,benign,normalize_identifier,accessed_files,0,environment marker changed; semantic capability should be invariant unless marker is the only support,identifier_invariance,
77b25324f49313c96afea077fb1065f61ff9bfbb4428c2d3ec3e76879a169ca0,benign,substitute_identifier,accessed_files,0,environment marker changed; semantic capability should be invariant unless marker is the only support,identifier_invariance,
77b25324f49313c96afea077fb1065f61ff9bfbb4428c2d3ec3e76879a169ca0,benign,inject_conflict,executed_commands,0,explicit success/failure conflict must be recorded separately from missingness,explicit_conflict_recording,
3ac03640bc639e4f1f55a1b8eb09f5bc2f6f345c613544e03efbfd478259b9f7,benign,delete_critical_atom,accessed_registry_keys,39,target support may become indeterminate; unrelated claims remain unchanged,missingness_separation,anti_analysis
3ac03640bc639e4f1f55a1b8eb09f5bc2f6f345c613544e03efbfd478259b9f7,benign,delete_noncritical_atom,accessed_registry_keys,0,unrelated capability should remain unchanged where no shared atom exists,noncritical_deletion_locality,
3ac03640bc639e4f1f55a1b8eb09f5bc2f6f345c613544e03efbfd478259b9f7,benign,inject_conflict,executed_commands,0,explicit success/failure conflict must be recorded separately from missingness,explicit_conflict_recording,
1538b6e32e363df1268d21c7ad1266d3695a093a202b55b06bcfa3f7f768ce4f,benign,delete_critical_atom,created_registry_keys,0,target support may become indeterminate; unrelated claims remain unchanged,missingness_separation,persistence
1538b6e32e363df1268d21c7ad1266d3695a093a202b55b06bcfa3f7f768ce4f,benign,delete_noncritical_atom,accessed_registry_keys,0,unrelated capability should remain unchanged where no shared atom exists,noncritical_deletion_locality,
1538b6e32e363df1268d21c7ad1266d3695a093a202b55b06bcfa3f7f768ce4f,benign,normalize_identifier,accessed_files,105,environment marker changed; semantic capability should be invariant unless marker is the only support,identifier_invariance,
1538b6e32e363df1268d21c7ad1266d3695a093a202b55b06bcfa3f7f768ce4f,benign,substitute_identifier,accessed_files,105,environment marker changed; semantic capability should be invariant unless marker is the only support,identifier_invariance,
1538b6e32e363df1268d21c7ad1266d3695a093a202b55b06bcfa3f7f768ce4f,benign,inject_conflict,executed_commands,0,explicit success/failure conflict must be recorded separately from missingness,explicit_conflict_recording,
6569ccbb423f6f42b534ff58777d3c9f0ff6c5da12dfcd23b48b6b26a9830bff,benign,delete_critical_atom,accessed_files,0,target support may become indeterminate; unrelated claims remain unchanged,missingness_separation,file_impact;ransomware_impact
6569ccbb423f6f42b534ff58777d3c9f0ff6c5da12dfcd23b48b6b26a9830bff,benign,delete_noncritical_atom,accessed_registry_keys,0,unrelated capability should remain unchanged where no shared atom exists,noncritical_deletion_locality,
6569ccbb423f6f42b534ff58777d3c9f0ff6c5da12dfcd23b48b6b26a9830bff,benign,normalize_identifier,created_registry_keys,68,environment marker changed; semantic capability should be invariant unless marker is the only support,identifier_invariance,
6569ccbb423f6f42b534ff58777d3c9f0ff6c5da12dfcd23b48b6b26a9830bff,benign,substitute_identifier,created_registry_keys,68,environment marker changed; semantic capability should be invariant unless marker is the only support,identifier_invariance,
6569ccbb423f6f42b534ff58777d3c9f0ff6c5da12dfcd23b48b6b26a9830bff,benign,inject_conflict,executed_commands,0,explicit success/failure conflict must be recorded separately from missingness,explicit_conflict_recording,
9505156d113f2c056ec3a7184829fe04f91ccb3137a190feb09992e4463e29f7,benign,delete_critical_atom,accessed_files,0,target support may become indeterminate; unrelated claims remain unchanged,missingness_separation,file_impact
9505156d113f2c056ec3a7184829fe04f91ccb3137a190feb09992e4463e29f7,benign,delete_noncritical_atom,accessed_registry_keys,0,unrelated capability should remain unchanged where no shared atom exists,noncritical_deletion_locality,
9505156d113f2c056ec3a7184829fe04f91ccb3137a190feb09992e4463e29f7,benign,normalize_identifier,accessed_files,9,environment marker changed; semantic capability should be invariant unless marker is the only support,identifier_invariance,
9505156d113f2c056ec3a7184829fe04f91ccb3137a190feb09992e4463e29f7,benign,substitute_identifier,accessed_files,9,environment marker changed; semantic capability should be invariant unless marker is the only support,identifier_invariance,
9505156d113f2c056ec3a7184829fe04f91ccb3137a190feb09992e4463e29f7,benign,inject_conflict,executed_commands,0,explicit success/failure conflict must be recorded separately from missingness,explicit_conflict_recording,
68ce18e462d34ae0fcf066f22a81f7bb9b05942815d963a5a2e02ac9634bee2b,benign,delete_critical_atom,created_registry_keys,0,target support may become indeterminate; unrelated claims remain unchanged,missingness_separation,persistence
68ce18e462d34ae0fcf066f22a81f7bb9b05942815d963a5a2e02ac9634bee2b,benign,delete_noncritical_atom,accessed_registry_keys,0,unrelated capability should remain unchanged where no shared atom exists,noncritical_deletion_locality,
68ce18e462d34ae0fcf066f22a81f7bb9b05942815d963a5a2e02ac9634bee2b,benign,normalize_identifier,created_registry_keys,0,environment marker changed; semantic capability should be invariant unless marker is the only support,identifier_invariance,
68ce18e462d34ae0fcf066f22a81f7bb9b05942815d963a5a2e02ac9634bee2b,benign,substitute_identifier,created_registry_keys,0,environment marker changed; semantic capability should be invariant unless marker is the only support,identifier_invariance,
68ce18e462d34ae0fcf066f22a81f7bb9b05942815d963a5a2e02ac9634bee2b,benign,inject_conflict,executed_commands,0,explicit success/failure conflict must be recorded separately from missingness,explicit_conflict_recording,
d4e3456a1cd3f862c5ee393fabc797d54e6cb7016baeb6822a2a3ca9597c50ad,benign,delete_critical_atom,accessed_registry_keys,28,target support may become indeterminate; unrelated claims remain unchanged,missingness_separation,anti_analysis
d4e3456a1cd3f862c5ee393fabc797d54e6cb7016baeb6822a2a3ca9597c50ad,benign,delete_noncritical_atom,accessed_registry_keys,0,unrelated capability should remain unchanged where no shared atom exists,noncritical_deletion_locality,
d4e3456a1cd3f862c5ee393fabc797d54e6cb7016baeb6822a2a3ca9597c50ad,benign,normalize_identifier,accessed_files,0,environment marker changed; semantic capability should be invariant unless marker is the only support,identifier_invariance,
d4e3456a1cd3f862c5ee393fabc797d54e6cb7016baeb6822a2a3ca9597c50ad,benign,substitute_identifier,accessed_files,0,environment marker changed; semantic capability should be invariant unless marker is the only support,identifier_invariance,
d4e3456a1cd3f862c5ee393fabc797d54e6cb7016baeb6822a2a3ca9597c50ad,benign,inject_conflict,executed_commands,0,explicit success/failure conflict must be recorded separately from missingness,explicit_conflict_recording,
46b1291d462e06facbfb1e051874975415f43b0dff43398359031cc038b908b2,benign,delete_critical_atom,accessed_registry_keys,10,target support may become indeterminate; unrelated claims remain unchanged,missingness_separation,anti_analysis
46b1291d462e06facbfb1e051874975415f43b0dff43398359031cc038b908b2,benign,delete_noncritical_atom,accessed_registry_keys,0,unrelated capability should remain unchanged where no shared atom exists,noncritical_deletion_locality,
46b1291d462e06facbfb1e051874975415f43b0dff43398359031cc038b908b2,benign,normalize_identifier,created_registry_keys,3,environment marker changed; semantic capability should be invariant unless marker is the only support,identifier_invariance,
46b1291d462e06facbfb1e051874975415f43b0dff43398359031cc038b908b2,benign,substitute_identifier,created_registry_keys,3,environment marker changed; semantic capability should be invariant unless marker is the only support,identifier_invariance,
46b1291d462e06facbfb1e051874975415f43b0dff43398359031cc038b908b2,benign,inject_conflict,executed_commands,0,explicit success/failure conflict must be recorded separately from missingness,explicit_conflict_recording,
e092e535cb1c4d388c3fc5459880079ef6e7381b4dbbe1f3f5d4388664dc51a3,benign,delete_critical_atom,accessed_registry_keys,117,target support may become indeterminate; unrelated claims remain unchanged,missingness_separation,privilege_manipulation
e092e535cb1c4d388c3fc5459880079ef6e7381b4dbbe1f3f5d4388664dc51a3,benign,delete_noncritical_atom,accessed_registry_keys,0,unrelated capability should remain unchanged where no shared atom exists,noncritical_deletion_locality,
e092e535cb1c4d388c3fc5459880079ef6e7381b4dbbe1f3f5d4388664dc51a3,benign,normalize_identifier,accessed_files,121,environment marker changed; semantic capability should be invariant unless marker is the only support,identifier_invariance,
e092e535cb1c4d388c3fc5459880079ef6e7381b4dbbe1f3f5d4388664dc51a3,benign,substitute_identifier,accessed_files,121,environment marker changed; semantic capability should be invariant unless marker is the only support,identifier_invariance,
e092e535cb1c4d388c3fc5459880079ef6e7381b4dbbe1f3f5d4388664dc51a3,benign,inject_conflict,executed_commands,0,explicit success/failure conflict must be recorded separately from missingness,explicit_conflict_recording,
8215fe9294d9dcc02de01eb3cd50a40e1062718c8a7e73052387cc4842e10a20,benign,delete_critical_atom,accessed_files,0,target support may become indeterminate; unrelated claims remain unchanged,missingness_separation,file_impact
8215fe9294d9dcc02de01eb3cd50a40e1062718c8a7e73052387cc4842e10a20,benign,delete_noncritical_atom,accessed_registry_keys,0,unrelated capability should remain unchanged where no shared atom exists,noncritical_deletion_locality,
8215fe9294d9dcc02de01eb3cd50a40e1062718c8a7e73052387cc4842e10a20,benign,normalize_identifier,accessed_files,0,environment marker changed; semantic capability should be invariant unless marker is the only support,identifier_invariance,
8215fe9294d9dcc02de01eb3cd50a40e1062718c8a7e73052387cc4842e10a20,benign,substitute_identifier,accessed_files,0,environment marker changed; semantic capability should be invariant unless marker is the only support,identifier_invariance,
8215fe9294d9dcc02de01eb3cd50a40e1062718c8a7e73052387cc4842e10a20,benign,inject_conflict,executed_commands,0,explicit success/failure conflict must be recorded separately from missingness,explicit_conflict_recording,
90ef02dca67c68afbeb8e2be2e1bd6e400f2a386c3ce8af5573e9f89b7636688,benign,delete_critical_atom,accessed_registry_keys,4,target support may become indeterminate; unrelated claims remain unchanged,missingness_separation,anti_analysis
90ef02dca67c68afbeb8e2be2e1bd6e400f2a386c3ce8af5573e9f89b7636688,benign,delete_noncritical_atom,accessed_registry_keys,0,unrelated capability should remain unchanged where no shared atom exists,noncritical_deletion_locality,
90ef02dca67c68afbeb8e2be2e1bd6e400f2a386c3ce8af5573e9f89b7636688,benign,inject_conflict,executed_commands,0,explicit success/failure conflict must be recorded separately from missingness,explicit_conflict_recording,
ecb636b278261eade712e68ec7d805d20e802628248da872d3d0ada1432ffc11,benign,delete_critical_atom,created_registry_keys,32,target support may become indeterminate; unrelated claims remain unchanged,missingness_separation,privilege_manipulation
ecb636b278261eade712e68ec7d805d20e802628248da872d3d0ada1432ffc11,benign,delete_noncritical_atom,accessed_registry_keys,0,unrelated capability should remain unchanged where no shared atom exists,noncritical_deletion_locality,
ecb636b278261eade712e68ec7d805d20e802628248da872d3d0ada1432ffc11,benign,normalize_identifier,accessed_files,17,environment marker changed; semantic capability should be invariant unless marker is the only support,identifier_invariance,
ecb636b278261eade712e68ec7d805d20e802628248da872d3d0ada1432ffc11,benign,substitute_identifier,accessed_files,17,environment marker changed; semantic capability should be invariant unless marker is the only support,identifier_invariance,
ecb636b278261eade712e68ec7d805d20e802628248da872d3d0ada1432ffc11,benign,inject_conflict,executed_commands,0,explicit success/failure conflict must be recorded separately from missingness,explicit_conflict_recording,
f4fcdbc24353e96c912922ce39e04572552fd2d2010a83612f13a06f48999bcf,benign,delete_critical_atom,accessed_files,0,target support may become indeterminate; unrelated claims remain unchanged,missingness_separation,file_impact
f4fcdbc24353e96c912922ce39e04572552fd2d2010a83612f13a06f48999bcf,benign,delete_noncritical_atom,accessed_registry_keys,0,unrelated capability should remain unchanged where no shared atom exists,noncritical_deletion_locality,
f4fcdbc24353e96c912922ce39e04572552fd2d2010a83612f13a06f48999bcf,benign,normalize_identifier,accessed_files,49,environment marker changed; semantic capability should be invariant unless marker is the only support,identifier_invariance,
f4fcdbc24353e96c912922ce39e04572552fd2d2010a83612f13a06f48999bcf,benign,substitute_identifier,accessed_files,49,environment marker changed; semantic capability should be invariant unless marker is the only support,identifier_invariance,
f4fcdbc24353e96c912922ce39e04572552fd2d2010a83612f13a06f48999bcf,benign,inject_conflict,executed_commands,0,explicit success/failure conflict must be recorded separately from missingness,explicit_conflict_recording,
1b56978da8148f6be0e5e1d2cb4abd5844090536139d60fdd1c62c52b5b798fd,benign,delete_critical_atom,accessed_registry_keys,35,target support may become indeterminate; unrelated claims remain unchanged,missingness_separation,anti_analysis
1b56978da8148f6be0e5e1d2cb4abd5844090536139d60fdd1c62c52b5b798fd,benign,delete_noncritical_atom,accessed_registry_keys,0,unrelated capability should remain unchanged where no shared atom exists,noncritical_deletion_locality,
1b56978da8148f6be0e5e1d2cb4abd5844090536139d60fdd1c62c52b5b798fd,benign,normalize_identifier,accessed_files,37,environment marker changed; semantic capability should be invariant unless marker is the only support,identifier_invariance,
1b56978da8148f6be0e5e1d2cb4abd5844090536139d60fdd1c62c52b5b798fd,benign,substitute_identifier,accessed_files,37,environment marker changed; semantic capability should be invariant unless marker is the only support,identifier_invariance,
1b56978da8148f6be0e5e1d2cb4abd5844090536139d60fdd1c62c52b5b798fd,benign,inject_conflict,executed_commands,0,explicit success/failure conflict must be recorded separately from missingness,explicit_conflict_recording,
463a5e9281ce17675ee2c6e2fa1704bd69716fc308c8e01e90f20f0f4d2df7a9,benign,delete_critical_atom,accessed_files,0,target support may become indeterminate; unrelated claims remain unchanged,missingness_separation,file_impact
463a5e9281ce17675ee2c6e2fa1704bd69716fc308c8e01e90f20f0f4d2df7a9,benign,delete_noncritical_atom,accessed_registry_keys,0,unrelated capability should remain unchanged where no shared atom exists,noncritical_deletion_locality,
463a5e9281ce17675ee2c6e2fa1704bd69716fc308c8e01e90f20f0f4d2df7a9,benign,normalize_identifier,accessed_files,2,environment marker changed; semantic capability should be invariant unless marker is the only support,identifier_invariance,
463a5e9281ce17675ee2c6e2fa1704bd69716fc308c8e01e90f20f0f4d2df7a9,benign,substitute_identifier,accessed_files,2,environment marker changed; semantic capability should be invariant unless marker is the only support,identifier_invariance,
463a5e9281ce17675ee2c6e2fa1704bd69716fc308c8e01e90f20f0f4d2df7a9,benign,inject_conflict,executed_commands,0,explicit success/failure conflict must be recorded separately from missingness,explicit_conflict_recording,
9b7a45ff2bc219f50321124809f2f89b5b01c303c891dcde42a6b667c461eabf,benign,delete_critical_atom,accessed_registry_keys,25,target support may become indeterminate; unrelated claims remain unchanged,missingness_separation,anti_analysis
9b7a45ff2bc219f50321124809f2f89b5b01c303c891dcde42a6b667c461eabf,benign,delete_noncritical_atom,accessed_registry_keys,0,unrelated capability should remain unchanged where no shared atom exists,noncritical_deletion_locality,
9b7a45ff2bc219f50321124809f2f89b5b01c303c891dcde42a6b667c461eabf,benign,normalize_identifier,accessed_files,129,environment marker changed; semantic capability should be invariant unless marker is the only support,identifier_invariance,
9b7a45ff2bc219f50321124809f2f89b5b01c303c891dcde42a6b667c461eabf,benign,substitute_identifier,accessed_files,129,environment marker changed; semantic capability should be invariant unless marker is the only support,identifier_invariance,
9b7a45ff2bc219f50321124809f2f89b5b01c303c891dcde42a6b667c461eabf,benign,inject_conflict,executed_commands,0,explicit success/failure conflict must be recorded separately from missingness,explicit_conflict_recording,
ca89fbd2b54a2dfa6d017f88f7107ead402fbb91dabec79845a7c97e55ac2628,benign,delete_critical_atom,accessed_files,0,target support may become indeterminate; unrelated claims remain unchanged,missingness_separation,file_impact
ca89fbd2b54a2dfa6d017f88f7107ead402fbb91dabec79845a7c97e55ac2628,benign,delete_noncritical_atom,accessed_registry_keys,0,unrelated capability should remain unchanged where no shared atom exists,noncritical_deletion_locality,
ca89fbd2b54a2dfa6d017f88f7107ead402fbb91dabec79845a7c97e55ac2628,benign,normalize_identifier,accessed_files,0,environment marker changed; semantic capability should be invariant unless marker is the only support,identifier_invariance,
ca89fbd2b54a2dfa6d017f88f7107ead402fbb91dabec79845a7c97e55ac2628,benign,substitute_identifier,accessed_files,0,environment marker changed; semantic capability should be invariant unless marker is the only support,identifier_invariance,
ca89fbd2b54a2dfa6d017f88f7107ead402fbb91dabec79845a7c97e55ac2628,benign,inject_conflict,executed_commands,0,explicit success/failure conflict must be recorded separately from missingness,explicit_conflict_recording,
49adf0be6a317d40d02213cec77b9ab00e72e04bc7b9a17603280df7fa019ba5,benign,delete_critical_atom,processes_tree,0,target support may become indeterminate; unrelated claims remain unchanged,missingness_separation,anti_analysis
49adf0be6a317d40d02213cec77b9ab00e72e04bc7b9a17603280df7fa019ba5,benign,delete_noncritical_atom,created_registry_keys,0,unrelated capability should remain unchanged where no shared atom exists,noncritical_deletion_locality,
49adf0be6a317d40d02213cec77b9ab00e72e04bc7b9a17603280df7fa019ba5,benign,normalize_identifier,killed_process,0,environment marker changed; semantic capability should be invariant unless marker is the only support,identifier_invariance,
49adf0be6a317d40d02213cec77b9ab00e72e04bc7b9a17603280df7fa019ba5,benign,substitute_identifier,killed_process,0,environment marker changed; semantic capability should be invariant unless marker is the only support,identifier_invariance,
49adf0be6a317d40d02213cec77b9ab00e72e04bc7b9a17603280df7fa019ba5,benign,inject_conflict,executed_commands,0,explicit success/failure conflict must be recorded separately from missingness,explicit_conflict_recording,
556de80285a80c9381f4f837e2e4bda583ffdc6ce003e13e33fe46c539a80249,benign,delete_critical_atom,accessed_registry_keys,16,target support may become indeterminate; unrelated claims remain unchanged,missingness_separation,anti_analysis
556de80285a80c9381f4f837e2e4bda583ffdc6ce003e13e33fe46c539a80249,benign,delete_noncritical_atom,accessed_registry_keys,0,unrelated capability should remain unchanged where no shared atom exists,noncritical_deletion_locality,
556de80285a80c9381f4f837e2e4bda583ffdc6ce003e13e33fe46c539a80249,benign,normalize_identifier,accessed_files,0,environment marker changed; semantic capability should be invariant unless marker is the only support,identifier_invariance,
556de80285a80c9381f4f837e2e4bda583ffdc6ce003e13e33fe46c539a80249,benign,substitute_identifier,accessed_files,0,environment marker changed; semantic capability should be invariant unless marker is the only support,identifier_invariance,
556de80285a80c9381f4f837e2e4bda583ffdc6ce003e13e33fe46c539a80249,benign,inject_conflict,executed_commands,0,explicit success/failure conflict must be recorded separately from missingness,explicit_conflict_recording,
e0d40108780ae1ba97254aa7e2ebb8d69a404fc6a2ac2c322e5c9de7399ba051,benign,delete_critical_atom,accessed_files,0,target support may become indeterminate; unrelated claims remain unchanged,missingness_separation,file_impact
e0d40108780ae1ba97254aa7e2ebb8d69a404fc6a2ac2c322e5c9de7399ba051,benign,delete_noncritical_atom,accessed_registry_keys,0,unrelated capability should remain unchanged where no shared atom exists,noncritical_deletion_locality,
e0d40108780ae1ba97254aa7e2ebb8d69a404fc6a2ac2c322e5c9de7399ba051,benign,normalize_identifier,accessed_files,0,environment marker changed; semantic capability should be invariant unless marker is the only support,identifier_invariance,
e0d40108780ae1ba97254aa7e2ebb8d69a404fc6a2ac2c322e5c9de7399ba051,benign,substitute_identifier,accessed_files,0,environment marker changed; semantic capability should be invariant unless marker is the only support,identifier_invariance,
e0d40108780ae1ba97254aa7e2ebb8d69a404fc6a2ac2c322e5c9de7399ba051,benign,inject_conflict,executed_commands,0,explicit success/failure conflict must be recorded separately from missingness,explicit_conflict_recording,
ca3eff12ee202ca3f61137f03a0e73af37ab3c696f66a8cad6d9ae7f5ac86ec8,benign,delete_critical_atom,accessed_files,0,target support may become indeterminate; unrelated claims remain unchanged,missingness_separation,file_impact
ca3eff12ee202ca3f61137f03a0e73af37ab3c696f66a8cad6d9ae7f5ac86ec8,benign,delete_noncritical_atom,accessed_registry_keys,0,unrelated capability should remain unchanged where no shared atom exists,noncritical_deletion_locality,
ca3eff12ee202ca3f61137f03a0e73af37ab3c696f66a8cad6d9ae7f5ac86ec8,benign,inject_conflict,executed_commands,0,explicit success/failure conflict must be recorded separately from missingness,explicit_conflict_recording,
22edffa0aa308e93a28e557171a9eb15e57876e6a3449c6da27f2500479f0fa2,benign,delete_critical_atom,created_registry_keys,38,target support may become indeterminate; unrelated claims remain unchanged,missingness_separation,persistence
22edffa0aa308e93a28e557171a9eb15e57876e6a3449c6da27f2500479f0fa2,benign,delete_noncritical_atom,accessed_registry_keys,0,unrelated capability should remain unchanged where no shared atom exists,noncritical_deletion_locality,
22edffa0aa308e93a28e557171a9eb15e57876e6a3449c6da27f2500479f0fa2,benign,normalize_identifier,created_registry_keys,21,environment marker changed; semantic capability should be invariant unless marker is the only support,identifier_invariance,
22edffa0aa308e93a28e557171a9eb15e57876e6a3449c6da27f2500479f0fa2,benign,substitute_identifier,created_registry_keys,21,environment marker changed; semantic capability should be invariant unless marker is the only support,identifier_invariance,
22edffa0aa308e93a28e557171a9eb15e57876e6a3449c6da27f2500479f0fa2,benign,inject_conflict,executed_commands,0,explicit success/failure conflict must be recorded separately from missingness,explicit_conflict_recording,
1da4f312a8d8689570ed3847da4866c123245dafd80992f0ef0f75a17069c052,benign,delete_critical_atom,accessed_files,0,target support may become indeterminate; unrelated claims remain unchanged,missingness_separation,file_impact
1da4f312a8d8689570ed3847da4866c123245dafd80992f0ef0f75a17069c052,benign,delete_noncritical_atom,accessed_registry_keys,0,unrelated capability should remain unchanged where no shared atom exists,noncritical_deletion_locality,
1da4f312a8d8689570ed3847da4866c123245dafd80992f0ef0f75a17069c052,benign,normalize_identifier,accessed_files,0,environment marker changed; semantic capability should be invariant unless marker is the only support,identifier_invariance,
1da4f312a8d8689570ed3847da4866c123245dafd80992f0ef0f75a17069c052,benign,substitute_identifier,accessed_files,0,environment marker changed; semantic capability should be invariant unless marker is the only support,identifier_invariance,
1da4f312a8d8689570ed3847da4866c123245dafd80992f0ef0f75a17069c052,benign,inject_conflict,executed_commands,0,explicit success/failure conflict must be recorded separately from missingness,explicit_conflict_recording,
a2aa281e75a22a0917fb24a1d4e51dbd20e22a1cdedc484495fc08ffa6133b9a,benign,delete_critical_atom,accessed_files,0,target support may become indeterminate; unrelated claims remain unchanged,missingness_separation,file_impact
a2aa281e75a22a0917fb24a1d4e51dbd20e22a1cdedc484495fc08ffa6133b9a,benign,delete_noncritical_atom,accessed_registry_keys,0,unrelated capability should remain unchanged where no shared atom exists,noncritical_deletion_locality,
a2aa281e75a22a0917fb24a1d4e51dbd20e22a1cdedc484495fc08ffa6133b9a,benign,normalize_identifier,accessed_files,0,environment marker changed; semantic capability should be invariant unless marker is the only support,identifier_invariance,
a2aa281e75a22a0917fb24a1d4e51dbd20e22a1cdedc484495fc08ffa6133b9a,benign,substitute_identifier,accessed_files,0,environment marker changed; semantic capability should be invariant unless marker is the only support,identifier_invariance,
a2aa281e75a22a0917fb24a1d4e51dbd20e22a1cdedc484495fc08ffa6133b9a,benign,inject_conflict,executed_commands,0,explicit success/failure conflict must be recorded separately from missingness,explicit_conflict_recording,
818c5c341556647aa72840ca7534f18eae9d6f169ff1ab3736216f32db278ea3,benign,delete_critical_atom,accessed_files,0,target support may become indeterminate; unrelated claims remain unchanged,missingness_separation,file_impact
818c5c341556647aa72840ca7534f18eae9d6f169ff1ab3736216f32db278ea3,benign,delete_noncritical_atom,accessed_registry_keys,0,unrelated capability should remain unchanged where no shared atom exists,noncritical_deletion_locality,
818c5c341556647aa72840ca7534f18eae9d6f169ff1ab3736216f32db278ea3,benign,normalize_identifier,accessed_files,0,environment marker changed; semantic capability should be invariant unless marker is the only support,identifier_invariance,
818c5c341556647aa72840ca7534f18eae9d6f169ff1ab3736216f32db278ea3,benign,substitute_identifier,accessed_files,0,environment marker changed; semantic capability should be invariant unless marker is the only support,identifier_invariance,
818c5c341556647aa72840ca7534f18eae9d6f169ff1ab3736216f32db278ea3,benign,inject_conflict,executed_commands,0,explicit success/failure conflict must be recorded separately from missingness,explicit_conflict_recording,
516b785fdb24d19f160d50bc267facbd590b275de18277b6f9b7d214bd11da23,benign,delete_critical_atom,accessed_files,0,target support may become indeterminate; unrelated claims remain unchanged,missingness_separation,file_impact
516b785fdb24d19f160d50bc267facbd590b275de18277b6f9b7d214bd11da23,benign,delete_noncritical_atom,accessed_registry_keys,0,unrelated capability should remain unchanged where no shared atom exists,noncritical_deletion_locality,
516b785fdb24d19f160d50bc267facbd590b275de18277b6f9b7d214bd11da23,benign,normalize_identifier,accessed_files,2,environment marker changed; semantic capability should be invariant unless marker is the only support,identifier_invariance,
516b785fdb24d19f160d50bc267facbd590b275de18277b6f9b7d214bd11da23,benign,substitute_identifier,accessed_files,2,environment marker changed; semantic capability should be invariant unless marker is the only support,identifier_invariance,
516b785fdb24d19f160d50bc267facbd590b275de18277b6f9b7d214bd11da23,benign,inject_conflict,executed_commands,0,explicit success/failure conflict must be recorded separately from missingness,explicit_conflict_recording,
5a474ecbd8ec86b9713bb20db3508d66ea55658173b0f781c6e38e9674ed5777,benign,delete_critical_atom,accessed_registry_keys,2,target support may become indeterminate; unrelated claims remain unchanged,missingness_separation,anti_analysis
5a474ecbd8ec86b9713bb20db3508d66ea55658173b0f781c6e38e9674ed5777,benign,delete_noncritical_atom,accessed_registry_keys,0,unrelated capability should remain unchanged where no shared atom exists,noncritical_deletion_locality,
5a474ecbd8ec86b9713bb20db3508d66ea55658173b0f781c6e38e9674ed5777,benign,normalize_identifier,accessed_files,0,environment marker changed; semantic capability should be invariant unless marker is the only support,identifier_invariance,
5a474ecbd8ec86b9713bb20db3508d66ea55658173b0f781c6e38e9674ed5777,benign,substitute_identifier,accessed_files,0,environment marker changed; semantic capability should be invariant unless marker is the only support,identifier_invariance,
5a474ecbd8ec86b9713bb20db3508d66ea55658173b0f781c6e38e9674ed5777,benign,inject_conflict,executed_commands,0,explicit success/failure conflict must be recorded separately from missingness,explicit_conflict_recording,
3e338fe6849cfa95b4f641fb92757a87d5ac8e9a07fd5e9e395133d0f8baf789,benign,delete_critical_atom,accessed_registry_keys,377,target support may become indeterminate; unrelated claims remain unchanged,missingness_separation,privilege_manipulation
3e338fe6849cfa95b4f641fb92757a87d5ac8e9a07fd5e9e395133d0f8baf789,benign,delete_noncritical_atom,accessed_registry_keys,0,unrelated capability should remain unchanged where no shared atom exists,noncritical_deletion_locality,
3e338fe6849cfa95b4f641fb92757a87d5ac8e9a07fd5e9e395133d0f8baf789,benign,normalize_identifier,accessed_files,127,environment marker changed; semantic capability should be invariant unless marker is the only support,identifier_invariance,
3e338fe6849cfa95b4f641fb92757a87d5ac8e9a07fd5e9e395133d0f8baf789,benign,substitute_identifier,accessed_files,127,environment marker changed; semantic capability should be invariant unless marker is the only support,identifier_invariance,
3e338fe6849cfa95b4f641fb92757a87d5ac8e9a07fd5e9e395133d0f8baf789,benign,inject_conflict,executed_commands,0,explicit success/failure conflict must be recorded separately from missingness,explicit_conflict_recording,
6a8e007d562524695e1e0076cdf63f86583a0047b6d8a6b73fd2b261680b4787,benign,delete_critical_atom,accessed_files,0,target support may become indeterminate; unrelated claims remain unchanged,missingness_separation,file_impact
6a8e007d562524695e1e0076cdf63f86583a0047b6d8a6b73fd2b261680b4787,benign,delete_noncritical_atom,accessed_registry_keys,0,unrelated capability should remain unchanged where no shared atom exists,noncritical_deletion_locality,
6a8e007d562524695e1e0076cdf63f86583a0047b6d8a6b73fd2b261680b4787,benign,inject_conflict,executed_commands,0,explicit success/failure conflict must be recorded separately from missingness,explicit_conflict_recording,
a44eca94dcf65708c91a62c0ad02c4e663d39221d818f42b6e1795cee3a763bb,ransomware,delete_critical_atom,network_traffic_ips,0,target support may become indeterminate; unrelated claims remain unchanged,missingness_separation,network_staging
a44eca94dcf65708c91a62c0ad02c4e663d39221d818f42b6e1795cee3a763bb,ransomware,delete_noncritical_atom,created_registry_keys,0,unrelated capability should remain unchanged where no shared atom exists,noncritical_deletion_locality,
a44eca94dcf65708c91a62c0ad02c4e663d39221d818f42b6e1795cee3a763bb,ransomware,normalize_identifier,created_registry_keys,0,environment marker changed; semantic capability should be invariant unless marker is the only support,identifier_invariance,
a44eca94dcf65708c91a62c0ad02c4e663d39221d818f42b6e1795cee3a763bb,ransomware,substitute_identifier,created_registry_keys,0,environment marker changed; semantic capability should be invariant unless marker is the only support,identifier_invariance,
a44eca94dcf65708c91a62c0ad02c4e663d39221d818f42b6e1795cee3a763bb,ransomware,inject_conflict,executed_commands,0,explicit success/failure conflict must be recorded separately from missingness,explicit_conflict_recording,
cc455bbac9ab070aa72fb73ea9dea1215cae08f8d14fb45b9f86468e27a3a20b,ransomware,delete_critical_atom,accessed_registry_keys,163,target support may become indeterminate; unrelated claims remain unchanged,missingness_separation,anti_analysis
cc455bbac9ab070aa72fb73ea9dea1215cae08f8d14fb45b9f86468e27a3a20b,ransomware,delete_noncritical_atom,accessed_registry_keys,0,unrelated capability should remain unchanged where no shared atom exists,noncritical_deletion_locality,
cc455bbac9ab070aa72fb73ea9dea1215cae08f8d14fb45b9f86468e27a3a20b,ransomware,normalize_identifier,accessed_registry_keys,163,environment marker changed; semantic capability should be invariant unless marker is the only support,identifier_invariance,
cc455bbac9ab070aa72fb73ea9dea1215cae08f8d14fb45b9f86468e27a3a20b,ransomware,substitute_identifier,accessed_registry_keys,163,environment marker changed; semantic capability should be invariant unless marker is the only support,identifier_invariance,
cc455bbac9ab070aa72fb73ea9dea1215cae08f8d14fb45b9f86468e27a3a20b,ransomware,inject_conflict,executed_commands,0,explicit success/failure conflict must be recorded separately from missingness,explicit_conflict_recording,
7efd49f4c002fbe6c0380ae3da89cab96456090a2a9ea148fec6fc5263433d78,ransomware,delete_critical_atom,accessed_registry_keys,45,target support may become indeterminate; unrelated claims remain unchanged,missingness_separation,privilege_manipulation
7efd49f4c002fbe6c0380ae3da89cab96456090a2a9ea148fec6fc5263433d78,ransomware,delete_noncritical_atom,accessed_registry_keys,0,unrelated capability should remain unchanged where no shared atom exists,noncritical_deletion_locality,
7efd49f4c002fbe6c0380ae3da89cab96456090a2a9ea148fec6fc5263433d78,ransomware,normalize_identifier,accessed_files,29,environment marker changed; semantic capability should be invariant unless marker is the only support,identifier_invariance,
7efd49f4c002fbe6c0380ae3da89cab96456090a2a9ea148fec6fc5263433d78,ransomware,substitute_identifier,accessed_files,29,environment marker changed; semantic capability should be invariant unless marker is the only support,identifier_invariance,
7efd49f4c002fbe6c0380ae3da89cab96456090a2a9ea148fec6fc5263433d78,ransomware,inject_conflict,executed_commands,0,explicit success/failure conflict must be recorded separately from missingness,explicit_conflict_recording,
367e5e97153f85008f89e575fc7e5b871eccc671b8247acb92e89a128204ab41,ransomware,delete_critical_atom,created_registry_keys,10,target support may become indeterminate; unrelated claims remain unchanged,missingness_separation,persistence
367e5e97153f85008f89e575fc7e5b871eccc671b8247acb92e89a128204ab41,ransomware,delete_noncritical_atom,accessed_registry_keys,0,unrelated capability should remain unchanged where no shared atom exists,noncritical_deletion_locality,
367e5e97153f85008f89e575fc7e5b871eccc671b8247acb92e89a128204ab41,ransomware,normalize_identifier,killed_process,3,environment marker changed; semantic capability should be invariant unless marker is the only support,identifier_invariance,
367e5e97153f85008f89e575fc7e5b871eccc671b8247acb92e89a128204ab41,ransomware,substitute_identifier,killed_process,3,environment marker changed; semantic capability should be invariant unless marker is the only support,identifier_invariance,
367e5e97153f85008f89e575fc7e5b871eccc671b8247acb92e89a128204ab41,ransomware,inject_conflict,executed_commands,0,explicit success/failure conflict must be recorded separately from missingness,explicit_conflict_recording,
abe64a60092274711b67a6ea7ea959d510eeb2445bbde939d4255bc00e397f5f,ransomware,delete_noncritical_atom,created_registry_keys,0,unrelated capability should remain unchanged where no shared atom exists,noncritical_deletion_locality,
abe64a60092274711b67a6ea7ea959d510eeb2445bbde939d4255bc00e397f5f,ransomware,normalize_identifier,killed_process,0,environment marker changed; semantic capability should be invariant unless marker is the only support,identifier_invariance,
abe64a60092274711b67a6ea7ea959d510eeb2445bbde939d4255bc00e397f5f,ransomware,substitute_identifier,killed_process,0,environment marker changed; semantic capability should be invariant unless marker is the only support,identifier_invariance,
abe64a60092274711b67a6ea7ea959d510eeb2445bbde939d4255bc00e397f5f,ransomware,inject_conflict,executed_commands,0,explicit success/failure conflict must be recorded separately from missingness,explicit_conflict_recording,
ae10f142aeaa08912a8dcb598c7666b7d2703cb6b2e4c9d0daf27d5e87215b1b,ransomware,delete_critical_atom,accessed_registry_keys,17,target support may become indeterminate; unrelated claims remain unchanged,missingness_separation,privilege_manipulation
ae10f142aeaa08912a8dcb598c7666b7d2703cb6b2e4c9d0daf27d5e87215b1b,ransomware,delete_noncritical_atom,accessed_registry_keys,0,unrelated capability should remain unchanged where no shared atom exists,noncritical_deletion_locality,
ae10f142aeaa08912a8dcb598c7666b7d2703cb6b2e4c9d0daf27d5e87215b1b,ransomware,normalize_identifier,accessed_files,7,environment marker changed; semantic capability should be invariant unless marker is the only support,identifier_invariance,
ae10f142aeaa08912a8dcb598c7666b7d2703cb6b2e4c9d0daf27d5e87215b1b,ransomware,substitute_identifier,accessed_files,7,environment marker changed; semantic capability should be invariant unless marker is the only support,identifier_invariance,
ae10f142aeaa08912a8dcb598c7666b7d2703cb6b2e4c9d0daf27d5e87215b1b,ransomware,inject_conflict,executed_commands,0,explicit success/failure conflict must be recorded separately from missingness,explicit_conflict_recording,
4996c9ad4cd049fa9a9bb83eb8592aa03b53cf668b527e148ab8d513df506f60,ransomware,delete_critical_atom,created_registry_keys,0,target support may become indeterminate; unrelated claims remain unchanged,missingness_separation,persistence
4996c9ad4cd049fa9a9bb83eb8592aa03b53cf668b527e148ab8d513df506f60,ransomware,delete_noncritical_atom,accessed_registry_keys,0,unrelated capability should remain unchanged where no shared atom exists,noncritical_deletion_locality,
4996c9ad4cd049fa9a9bb83eb8592aa03b53cf668b527e148ab8d513df506f60,ransomware,normalize_identifier,created_registry_keys,1,environment marker changed; semantic capability should be invariant unless marker is the only support,identifier_invariance,
4996c9ad4cd049fa9a9bb83eb8592aa03b53cf668b527e148ab8d513df506f60,ransomware,substitute_identifier,created_registry_keys,1,environment marker changed; semantic capability should be invariant unless marker is the only support,identifier_invariance,
4996c9ad4cd049fa9a9bb83eb8592aa03b53cf668b527e148ab8d513df506f60,ransomware,inject_conflict,executed_commands,0,explicit success/failure conflict must be recorded separately from missingness,explicit_conflict_recording,
2f4aa086dfb6c69be3947ca10c177a88ffa7c38f0a1cf3e652e0997e23e3cd2a,ransomware,delete_critical_atom,accessed_files,0,target support may become indeterminate; unrelated claims remain unchanged,missingness_separation,file_impact
2f4aa086dfb6c69be3947ca10c177a88ffa7c38f0a1cf3e652e0997e23e3cd2a,ransomware,delete_noncritical_atom,accessed_registry_keys,0,unrelated capability should remain unchanged where no shared atom exists,noncritical_deletion_locality,
2f4aa086dfb6c69be3947ca10c177a88ffa7c38f0a1cf3e652e0997e23e3cd2a,ransomware,inject_conflict,executed_commands,0,explicit success/failure conflict must be recorded separately from missingness,explicit_conflict_recording,
043b6a0284468934582819996dbaa70b863ab4caa4f968c81c39a33b2ac81735,ransomware,delete_critical_atom,accessed_files,0,target support may become indeterminate; unrelated claims remain unchanged,missingness_separation,file_impact
043b6a0284468934582819996dbaa70b863ab4caa4f968c81c39a33b2ac81735,ransomware,delete_noncritical_atom,accessed_registry_keys,0,unrelated capability should remain unchanged where no shared atom exists,noncritical_deletion_locality,
043b6a0284468934582819996dbaa70b863ab4caa4f968c81c39a33b2ac81735,ransomware,normalize_identifier,accessed_files,3,environment marker changed; semantic capability should be invariant unless marker is the only support,identifier_invariance,
043b6a0284468934582819996dbaa70b863ab4caa4f968c81c39a33b2ac81735,ransomware,substitute_identifier,accessed_files,3,environment marker changed; semantic capability should be invariant unless marker is the only support,identifier_invariance,
043b6a0284468934582819996dbaa70b863ab4caa4f968c81c39a33b2ac81735,ransomware,inject_conflict,executed_commands,0,explicit success/failure conflict must be recorded separately from missingness,explicit_conflict_recording,
b7f7d7a47bcdde45853cf372df40541951395e5e46eb1f1ffab0a8e795614acd,ransomware,delete_critical_atom,accessed_registry_keys,251,target support may become indeterminate; unrelated claims remain unchanged,missingness_separation,anti_analysis
b7f7d7a47bcdde45853cf372df40541951395e5e46eb1f1ffab0a8e795614acd,ransomware,delete_noncritical_atom,accessed_registry_keys,0,unrelated capability should remain unchanged where no shared atom exists,noncritical_deletion_locality,
b7f7d7a47bcdde45853cf372df40541951395e5e46eb1f1ffab0a8e795614acd,ransomware,normalize_identifier,accessed_files,0,environment marker changed; semantic capability should be invariant unless marker is the only support,identifier_invariance,
b7f7d7a47bcdde45853cf372df40541951395e5e46eb1f1ffab0a8e795614acd,ransomware,substitute_identifier,accessed_files,0,environment marker changed; semantic capability should be invariant unless marker is the only support,identifier_invariance,
b7f7d7a47bcdde45853cf372df40541951395e5e46eb1f1ffab0a8e795614acd,ransomware,inject_conflict,executed_commands,0,explicit success/failure conflict must be recorded separately from missingness,explicit_conflict_recording,
43f16043b3b76b61386511837aca531c3979ff4720d48e6f983816678616e851,ransomware,delete_critical_atom,created_registry_keys,24,target support may become indeterminate; unrelated claims remain unchanged,missingness_separation,persistence
43f16043b3b76b61386511837aca531c3979ff4720d48e6f983816678616e851,ransomware,delete_noncritical_atom,accessed_registry_keys,0,unrelated capability should remain unchanged where no shared atom exists,noncritical_deletion_locality,
43f16043b3b76b61386511837aca531c3979ff4720d48e6f983816678616e851,ransomware,normalize_identifier,created_registry_keys,2,environment marker changed; semantic capability should be invariant unless marker is the only support,identifier_invariance,
43f16043b3b76b61386511837aca531c3979ff4720d48e6f983816678616e851,ransomware,substitute_identifier,created_registry_keys,2,environment marker changed; semantic capability should be invariant unless marker is the only support,identifier_invariance,
43f16043b3b76b61386511837aca531c3979ff4720d48e6f983816678616e851,ransomware,inject_conflict,executed_commands,0,explicit success/failure conflict must be recorded separately from missingness,explicit_conflict_recording,
ba06102388ef51532a4571113245afb0d6850395b10d5e5651549862a8c34a04,ransomware,delete_critical_atom,accessed_registry_keys,7,target support may become indeterminate; unrelated claims remain unchanged,missingness_separation,anti_analysis
ba06102388ef51532a4571113245afb0d6850395b10d5e5651549862a8c34a04,ransomware,delete_noncritical_atom,accessed_registry_keys,0,unrelated capability should remain unchanged where no shared atom exists,noncritical_deletion_locality,
ba06102388ef51532a4571113245afb0d6850395b10d5e5651549862a8c34a04,ransomware,normalize_identifier,created_registry_keys,8,environment marker changed; semantic capability should be invariant unless marker is the only support,identifier_invariance,
ba06102388ef51532a4571113245afb0d6850395b10d5e5651549862a8c34a04,ransomware,substitute_identifier,created_registry_keys,8,environment marker changed; semantic capability should be invariant unless marker is the only support,identifier_invariance,
ba06102388ef51532a4571113245afb0d6850395b10d5e5651549862a8c34a04,ransomware,inject_conflict,executed_commands,0,explicit success/failure conflict must be recorded separately from missingness,explicit_conflict_recording,
18baada5c4fee8726f10848be871743a23735474c5df877d3e4206c3e30e531e,ransomware,delete_critical_atom,accessed_registry_keys,50,target support may become indeterminate; unrelated claims remain unchanged,missingness_separation,privilege_manipulation
18baada5c4fee8726f10848be871743a23735474c5df877d3e4206c3e30e531e,ransomware,delete_noncritical_atom,accessed_registry_keys,0,unrelated capability should remain unchanged where no shared atom exists,noncritical_deletion_locality,
18baada5c4fee8726f10848be871743a23735474c5df877d3e4206c3e30e531e,ransomware,normalize_identifier,created_registry_keys,11,environment marker changed; semantic capability should be invariant unless marker is the only support,identifier_invariance,
18baada5c4fee8726f10848be871743a23735474c5df877d3e4206c3e30e531e,ransomware,substitute_identifier,created_registry_keys,11,environment marker changed; semantic capability should be invariant unless marker is the only support,identifier_invariance,
18baada5c4fee8726f10848be871743a23735474c5df877d3e4206c3e30e531e,ransomware,inject_conflict,executed_commands,0,explicit success/failure conflict must be recorded separately from missingness,explicit_conflict_recording,
efa920373efaa4bd26fb1704e6ea6cb05ed8e91b5e552db7ff2a7764ace07758,ransomware,delete_critical_atom,accessed_registry_keys,21,target support may become indeterminate; unrelated claims remain unchanged,missingness_separation,anti_analysis
efa920373efaa4bd26fb1704e6ea6cb05ed8e91b5e552db7ff2a7764ace07758,ransomware,delete_noncritical_atom,accessed_registry_keys,0,unrelated capability should remain unchanged where no shared atom exists,noncritical_deletion_locality,
efa920373efaa4bd26fb1704e6ea6cb05ed8e91b5e552db7ff2a7764ace07758,ransomware,normalize_identifier,accessed_files,2,environment marker changed; semantic capability should be invariant unless marker is the only support,identifier_invariance,
efa920373efaa4bd26fb1704e6ea6cb05ed8e91b5e552db7ff2a7764ace07758,ransomware,substitute_identifier,accessed_files,2,environment marker changed; semantic capability should be invariant unless marker is the only support,identifier_invariance,
efa920373efaa4bd26fb1704e6ea6cb05ed8e91b5e552db7ff2a7764ace07758,ransomware,inject_conflict,executed_commands,0,explicit success/failure conflict must be recorded separately from missingness,explicit_conflict_recording,
1b5fd1069eddccb6aa751575d2e241dcaa5b2f4969d97dd6854950a8de2a8794,ransomware,delete_critical_atom,accessed_registry_keys,7,target support may become indeterminate; unrelated claims remain unchanged,missingness_separation,anti_analysis
1b5fd1069eddccb6aa751575d2e241dcaa5b2f4969d97dd6854950a8de2a8794,ransomware,delete_noncritical_atom,accessed_registry_keys,0,unrelated capability should remain unchanged where no shared atom exists,noncritical_deletion_locality,
1b5fd1069eddccb6aa751575d2e241dcaa5b2f4969d97dd6854950a8de2a8794,ransomware,normalize_identifier,created_registry_keys,7,environment marker changed; semantic capability should be invariant unless marker is the only support,identifier_invariance,
1b5fd1069eddccb6aa751575d2e241dcaa5b2f4969d97dd6854950a8de2a8794,ransomware,substitute_identifier,created_registry_keys,7,environment marker changed; semantic capability should be invariant unless marker is the only support,identifier_invariance,
1b5fd1069eddccb6aa751575d2e241dcaa5b2f4969d97dd6854950a8de2a8794,ransomware,inject_conflict,executed_commands,0,explicit success/failure conflict must be recorded separately from missingness,explicit_conflict_recording,
7247f33113710e5d9bd036f4c7ac2d847b0bf2ac2769cd8246a10f09d0a41bab,ransomware,delete_critical_atom,accessed_registry_keys,12,target support may become indeterminate; unrelated claims remain unchanged,missingness_separation,anti_analysis
7247f33113710e5d9bd036f4c7ac2d847b0bf2ac2769cd8246a10f09d0a41bab,ransomware,delete_noncritical_atom,accessed_registry_keys,0,unrelated capability should remain unchanged where no shared atom exists,noncritical_deletion_locality,
7247f33113710e5d9bd036f4c7ac2d847b0bf2ac2769cd8246a10f09d0a41bab,ransomware,normalize_identifier,accessed_files,6,environment marker changed; semantic capability should be invariant unless marker is the only support,identifier_invariance,
7247f33113710e5d9bd036f4c7ac2d847b0bf2ac2769cd8246a10f09d0a41bab,ransomware,substitute_identifier,accessed_files,6,environment marker changed; semantic capability should be invariant unless marker is the only support,identifier_invariance,
7247f33113710e5d9bd036f4c7ac2d847b0bf2ac2769cd8246a10f09d0a41bab,ransomware,inject_conflict,executed_commands,0,explicit success/failure conflict must be recorded separately from missingness,explicit_conflict_recording,
6da21c219e3516c63a358cf77416b96254e9c47af730f7ea864a2f415bea75e4,ransomware,delete_critical_atom,created_registry_keys,5,target support may become indeterminate; unrelated claims remain unchanged,missingness_separation,persistence
6da21c219e3516c63a358cf77416b96254e9c47af730f7ea864a2f415bea75e4,ransomware,delete_noncritical_atom,accessed_registry_keys,0,unrelated capability should remain unchanged where no shared atom exists,noncritical_deletion_locality,
6da21c219e3516c63a358cf77416b96254e9c47af730f7ea864a2f415bea75e4,ransomware,normalize_identifier,created_registry_keys,0,environment marker changed; semantic capability should be invariant unless marker is the only support,identifier_invariance,
6da21c219e3516c63a358cf77416b96254e9c47af730f7ea864a2f415bea75e4,ransomware,substitute_identifier,created_registry_keys,0,environment marker changed; semantic capability should be invariant unless marker is the only support,identifier_invariance,
6da21c219e3516c63a358cf77416b96254e9c47af730f7ea864a2f415bea75e4,ransomware,inject_conflict,executed_commands,0,explicit success/failure conflict must be recorded separately from missingness,explicit_conflict_recording,
b68575daf9f368a52ab99b1fc6b21d7a155997b704fe2e33271ba1656b1adcc2,ransomware,delete_critical_atom,created_registry_keys,18,target support may become indeterminate; unrelated claims remain unchanged,missingness_separation,persistence
b68575daf9f368a52ab99b1fc6b21d7a155997b704fe2e33271ba1656b1adcc2,ransomware,delete_noncritical_atom,accessed_registry_keys,0,unrelated capability should remain unchanged where no shared atom exists,noncritical_deletion_locality,
b68575daf9f368a52ab99b1fc6b21d7a155997b704fe2e33271ba1656b1adcc2,ransomware,normalize_identifier,created_registry_keys,0,environment marker changed; semantic capability should be invariant unless marker is the only support,identifier_invariance,
b68575daf9f368a52ab99b1fc6b21d7a155997b704fe2e33271ba1656b1adcc2,ransomware,substitute_identifier,created_registry_keys,0,environment marker changed; semantic capability should be invariant unless marker is the only support,identifier_invariance,
b68575daf9f368a52ab99b1fc6b21d7a155997b704fe2e33271ba1656b1adcc2,ransomware,inject_conflict,executed_commands,0,explicit success/failure conflict must be recorded separately from missingness,explicit_conflict_recording,
34f97fa022bcab02aa6d9304a871bf226edc4050fe66ab334d33f1d3f59e0911,ransomware,delete_critical_atom,created_registry_keys,5,target support may become indeterminate; unrelated claims remain unchanged,missingness_separation,persistence
34f97fa022bcab02aa6d9304a871bf226edc4050fe66ab334d33f1d3f59e0911,ransomware,delete_noncritical_atom,accessed_registry_keys,0,unrelated capability should remain unchanged where no shared atom exists,noncritical_deletion_locality,
34f97fa022bcab02aa6d9304a871bf226edc4050fe66ab334d33f1d3f59e0911,ransomware,normalize_identifier,created_registry_keys,5,environment marker changed; semantic capability should be invariant unless marker is the only support,identifier_invariance,
34f97fa022bcab02aa6d9304a871bf226edc4050fe66ab334d33f1d3f59e0911,ransomware,substitute_identifier,created_registry_keys,5,environment marker changed; semantic capability should be invariant unless marker is the only support,identifier_invariance,
34f97fa022bcab02aa6d9304a871bf226edc4050fe66ab334d33f1d3f59e0911,ransomware,inject_conflict,executed_commands,0,explicit success/failure conflict must be recorded separately from missingness,explicit_conflict_recording,
fe7fbe60225bf1f9a524420802b7af625f162e1bb2bca6a1efe53880e27f25a3,ransomware,delete_critical_atom,accessed_registry_keys,18,target support may become indeterminate; unrelated claims remain unchanged,missingness_separation,privilege_manipulation
fe7fbe60225bf1f9a524420802b7af625f162e1bb2bca6a1efe53880e27f25a3,ransomware,delete_noncritical_atom,accessed_registry_keys,0,unrelated capability should remain unchanged where no shared atom exists,noncritical_deletion_locality,
fe7fbe60225bf1f9a524420802b7af625f162e1bb2bca6a1efe53880e27f25a3,ransomware,normalize_identifier,accessed_files,27,environment marker changed; semantic capability should be invariant unless marker is the only support,identifier_invariance,
fe7fbe60225bf1f9a524420802b7af625f162e1bb2bca6a1efe53880e27f25a3,ransomware,substitute_identifier,accessed_files,27,environment marker changed; semantic capability should be invariant unless marker is the only support,identifier_invariance,
fe7fbe60225bf1f9a524420802b7af625f162e1bb2bca6a1efe53880e27f25a3,ransomware,inject_conflict,executed_commands,0,explicit success/failure conflict must be recorded separately from missingness,explicit_conflict_recording,
0d067bd4d08dbc52e9ae876624701262905b4262545c2d8e32c02e3c12683460,ransomware,delete_critical_atom,created_registry_keys,4,target support may become indeterminate; unrelated claims remain unchanged,missingness_separation,persistence
0d067bd4d08dbc52e9ae876624701262905b4262545c2d8e32c02e3c12683460,ransomware,delete_noncritical_atom,accessed_registry_keys,0,unrelated capability should remain unchanged where no shared atom exists,noncritical_deletion_locality,
0d067bd4d08dbc52e9ae876624701262905b4262545c2d8e32c02e3c12683460,ransomware,normalize_identifier,created_registry_keys,11,environment marker changed; semantic capability should be invariant unless marker is the only support,identifier_invariance,
0d067bd4d08dbc52e9ae876624701262905b4262545c2d8e32c02e3c12683460,ransomware,substitute_identifier,created_registry_keys,11,environment marker changed; semantic capability should be invariant unless marker is the only support,identifier_invariance,
0d067bd4d08dbc52e9ae876624701262905b4262545c2d8e32c02e3c12683460,ransomware,inject_conflict,executed_commands,0,explicit success/failure conflict must be recorded separately from missingness,explicit_conflict_recording,
0bf0e6eaaf25db8d46a71087572a9654c00396963e1b82d1ff7f2892a6aa02e1,ransomware,delete_critical_atom,accessed_registry_keys,188,target support may become indeterminate; unrelated claims remain unchanged,missingness_separation,privilege_manipulation
0bf0e6eaaf25db8d46a71087572a9654c00396963e1b82d1ff7f2892a6aa02e1,ransomware,delete_noncritical_atom,accessed_registry_keys,0,unrelated capability should remain unchanged where no shared atom exists,noncritical_deletion_locality,
0bf0e6eaaf25db8d46a71087572a9654c00396963e1b82d1ff7f2892a6aa02e1,ransomware,normalize_identifier,accessed_files,79,environment marker changed; semantic capability should be invariant unless marker is the only support,identifier_invariance,
0bf0e6eaaf25db8d46a71087572a9654c00396963e1b82d1ff7f2892a6aa02e1,ransomware,substitute_identifier,accessed_files,79,environment marker changed; semantic capability should be invariant unless marker is the only support,identifier_invariance,
0bf0e6eaaf25db8d46a71087572a9654c00396963e1b82d1ff7f2892a6aa02e1,ransomware,inject_conflict,executed_commands,0,explicit success/failure conflict must be recorded separately from missingness,explicit_conflict_recording,
22ab8544fb6370a99f222630553aa14cdebb18b9e42d85c4008b375c11c3b430,ransomware,delete_critical_atom,created_registry_keys,0,target support may become indeterminate; unrelated claims remain unchanged,missingness_separation,persistence
22ab8544fb6370a99f222630553aa14cdebb18b9e42d85c4008b375c11c3b430,ransomware,delete_noncritical_atom,accessed_registry_keys,0,unrelated capability should remain unchanged where no shared atom exists,noncritical_deletion_locality,
22ab8544fb6370a99f222630553aa14cdebb18b9e42d85c4008b375c11c3b430,ransomware,inject_conflict,executed_commands,0,explicit success/failure conflict must be recorded separately from missingness,explicit_conflict_recording,
0fe9e5ab7b3a291fe7ba1646079046ddf7022501189950a3958a2fae4dfb31d8,ransomware,delete_critical_atom,accessed_registry_keys,67,target support may become indeterminate; unrelated claims remain unchanged,missingness_separation,anti_analysis
0fe9e5ab7b3a291fe7ba1646079046ddf7022501189950a3958a2fae4dfb31d8,ransomware,delete_noncritical_atom,accessed_registry_keys,0,unrelated capability should remain unchanged where no shared atom exists,noncritical_deletion_locality,
0fe9e5ab7b3a291fe7ba1646079046ddf7022501189950a3958a2fae4dfb31d8,ransomware,normalize_identifier,accessed_files,133,environment marker changed; semantic capability should be invariant unless marker is the only support,identifier_invariance,
0fe9e5ab7b3a291fe7ba1646079046ddf7022501189950a3958a2fae4dfb31d8,ransomware,substitute_identifier,accessed_files,133,environment marker changed; semantic capability should be invariant unless marker is the only support,identifier_invariance,
0fe9e5ab7b3a291fe7ba1646079046ddf7022501189950a3958a2fae4dfb31d8,ransomware,inject_conflict,executed_commands,0,explicit success/failure conflict must be recorded separately from missingness,explicit_conflict_recording,
2fb0a24e905687a5443fbe50d21033e4318da3275260bd82d016a9af346bb09b,ransomware,delete_critical_atom,accessed_registry_keys,1,target support may become indeterminate; unrelated claims remain unchanged,missingness_separation,anti_analysis
2fb0a24e905687a5443fbe50d21033e4318da3275260bd82d016a9af346bb09b,ransomware,delete_noncritical_atom,accessed_registry_keys,0,unrelated capability should remain unchanged where no shared atom exists,noncritical_deletion_locality,
2fb0a24e905687a5443fbe50d21033e4318da3275260bd82d016a9af346bb09b,ransomware,normalize_identifier,accessed_files,0,environment marker changed; semantic capability should be invariant unless marker is the only support,identifier_invariance,
2fb0a24e905687a5443fbe50d21033e4318da3275260bd82d016a9af346bb09b,ransomware,substitute_identifier,accessed_files,0,environment marker changed; semantic capability should be invariant unless marker is the only support,identifier_invariance,
2fb0a24e905687a5443fbe50d21033e4318da3275260bd82d016a9af346bb09b,ransomware,inject_conflict,executed_commands,0,explicit success/failure conflict must be recorded separately from missingness,explicit_conflict_recording,
29cc79a451f73bac43dbe9455d2184770beae69f4e6bc2d824abd2cfbedf53f1,ransomware,delete_critical_atom,accessed_registry_keys,9,target support may become indeterminate; unrelated claims remain unchanged,missingness_separation,privilege_manipulation
29cc79a451f73bac43dbe9455d2184770beae69f4e6bc2d824abd2cfbedf53f1,ransomware,delete_noncritical_atom,accessed_registry_keys,0,unrelated capability should remain unchanged where no shared atom exists,noncritical_deletion_locality,
29cc79a451f73bac43dbe9455d2184770beae69f4e6bc2d824abd2cfbedf53f1,ransomware,normalize_identifier,created_registry_keys,3,environment marker changed; semantic capability should be invariant unless marker is the only support,identifier_invariance,
29cc79a451f73bac43dbe9455d2184770beae69f4e6bc2d824abd2cfbedf53f1,ransomware,substitute_identifier,created_registry_keys,3,environment marker changed; semantic capability should be invariant unless marker is the only support,identifier_invariance,
29cc79a451f73bac43dbe9455d2184770beae69f4e6bc2d824abd2cfbedf53f1,ransomware,inject_conflict,executed_commands,0,explicit success/failure conflict must be recorded separately from missingness,explicit_conflict_recording,
56ea2ba9c4f774df7a192e9cea36b06232cfaf442aea47d93d3bc0e5a545c341,ransomware,delete_critical_atom,created_registry_keys,0,target support may become indeterminate; unrelated claims remain unchanged,missingness_separation,persistence
56ea2ba9c4f774df7a192e9cea36b06232cfaf442aea47d93d3bc0e5a545c341,ransomware,delete_noncritical_atom,accessed_registry_keys,0,unrelated capability should remain unchanged where no shared atom exists,noncritical_deletion_locality,
56ea2ba9c4f774df7a192e9cea36b06232cfaf442aea47d93d3bc0e5a545c341,ransomware,normalize_identifier,created_registry_keys,17,environment marker changed; semantic capability should be invariant unless marker is the only support,identifier_invariance,
56ea2ba9c4f774df7a192e9cea36b06232cfaf442aea47d93d3bc0e5a545c341,ransomware,substitute_identifier,created_registry_keys,17,environment marker changed; semantic capability should be invariant unless marker is the only support,identifier_invariance,
56ea2ba9c4f774df7a192e9cea36b06232cfaf442aea47d93d3bc0e5a545c341,ransomware,inject_conflict,executed_commands,0,explicit success/failure conflict must be recorded separately from missingness,explicit_conflict_recording,
5755894916d19169d0c64c0c5fe16ce6704be3a5afe4e477d9093b0162033eb1,ransomware,delete_critical_atom,created_registry_keys,2,target support may become indeterminate; unrelated claims remain unchanged,missingness_separation,persistence
5755894916d19169d0c64c0c5fe16ce6704be3a5afe4e477d9093b0162033eb1,ransomware,delete_noncritical_atom,accessed_registry_keys,0,unrelated capability should remain unchanged where no shared atom exists,noncritical_deletion_locality,
5755894916d19169d0c64c0c5fe16ce6704be3a5afe4e477d9093b0162033eb1,ransomware,inject_conflict,executed_commands,0,explicit success/failure conflict must be recorded separately from missingness,explicit_conflict_recording,
8f2a26bfa721f95ef9b492179b6eef76c68123984649bf083922e2cc33020b16,ransomware,delete_critical_atom,accessed_registry_keys,47,target support may become indeterminate; unrelated claims remain unchanged,missingness_separation,privilege_manipulation
8f2a26bfa721f95ef9b492179b6eef76c68123984649bf083922e2cc33020b16,ransomware,delete_noncritical_atom,accessed_registry_keys,0,unrelated capability should remain unchanged where no shared atom exists,noncritical_deletion_locality,
8f2a26bfa721f95ef9b492179b6eef76c68123984649bf083922e2cc33020b16,ransomware,normalize_identifier,accessed_registry_keys,121,environment marker changed; semantic capability should be invariant unless marker is the only support,identifier_invariance,
8f2a26bfa721f95ef9b492179b6eef76c68123984649bf083922e2cc33020b16,ransomware,substitute_identifier,accessed_registry_keys,121,environment marker changed; semantic capability should be invariant unless marker is the only support,identifier_invariance,
8f2a26bfa721f95ef9b492179b6eef76c68123984649bf083922e2cc33020b16,ransomware,inject_conflict,executed_commands,0,explicit success/failure conflict must be recorded separately from missingness,explicit_conflict_recording,
18cf103883072480c602d65bc86bb9edc596a99e49b4c6ebfa007d15a5c6de58,ransomware,delete_critical_atom,accessed_registry_keys,141,target support may become indeterminate; unrelated claims remain unchanged,missingness_separation,privilege_manipulation
18cf103883072480c602d65bc86bb9edc596a99e49b4c6ebfa007d15a5c6de58,ransomware,delete_noncritical_atom,accessed_registry_keys,0,unrelated capability should remain unchanged where no shared atom exists,noncritical_deletion_locality,
18cf103883072480c602d65bc86bb9edc596a99e49b4c6ebfa007d15a5c6de58,ransomware,normalize_identifier,created_registry_keys,0,environment marker changed; semantic capability should be invariant unless marker is the only support,identifier_invariance,
18cf103883072480c602d65bc86bb9edc596a99e49b4c6ebfa007d15a5c6de58,ransomware,substitute_identifier,created_registry_keys,0,environment marker changed; semantic capability should be invariant unless marker is the only support,identifier_invariance,
18cf103883072480c602d65bc86bb9edc596a99e49b4c6ebfa007d15a5c6de58,ransomware,inject_conflict,executed_commands,0,explicit success/failure conflict must be recorded separately from missingness,explicit_conflict_recording,
4b8a9338146f2ca8ff7df6b87a3c3d1259be892bc9ba9bfe7be77724891ebb31,ransomware,delete_critical_atom,created_registry_keys,25,target support may become indeterminate; unrelated claims remain unchanged,missingness_separation,persistence
4b8a9338146f2ca8ff7df6b87a3c3d1259be892bc9ba9bfe7be77724891ebb31,ransomware,delete_noncritical_atom,accessed_registry_keys,0,unrelated capability should remain unchanged where no shared atom exists,noncritical_deletion_locality,
4b8a9338146f2ca8ff7df6b87a3c3d1259be892bc9ba9bfe7be77724891ebb31,ransomware,normalize_identifier,created_registry_keys,0,environment marker changed; semantic capability should be invariant unless marker is the only support,identifier_invariance,
4b8a9338146f2ca8ff7df6b87a3c3d1259be892bc9ba9bfe7be77724891ebb31,ransomware,substitute_identifier,created_registry_keys,0,environment marker changed; semantic capability should be invariant unless marker is the only support,identifier_invariance,
4b8a9338146f2ca8ff7df6b87a3c3d1259be892bc9ba9bfe7be77724891ebb31,ransomware,inject_conflict,executed_commands,0,explicit success/failure conflict must be recorded separately from missingness,explicit_conflict_recording,
b96a067a365b293cd129b5320786af3e09541e4538666d4149347218811dc952,ransomware,delete_critical_atom,accessed_registry_keys,67,target support may become indeterminate; unrelated claims remain unchanged,missingness_separation,anti_analysis
b96a067a365b293cd129b5320786af3e09541e4538666d4149347218811dc952,ransomware,delete_noncritical_atom,accessed_registry_keys,0,unrelated capability should remain unchanged where no shared atom exists,noncritical_deletion_locality,
b96a067a365b293cd129b5320786af3e09541e4538666d4149347218811dc952,ransomware,normalize_identifier,accessed_registry_keys,138,environment marker changed; semantic capability should be invariant unless marker is the only support,identifier_invariance,
b96a067a365b293cd129b5320786af3e09541e4538666d4149347218811dc952,ransomware,substitute_identifier,accessed_registry_keys,138,environment marker changed; semantic capability should be invariant unless marker is the only support,identifier_invariance,
b96a067a365b293cd129b5320786af3e09541e4538666d4149347218811dc952,ransomware,inject_conflict,executed_commands,0,explicit success/failure conflict must be recorded separately from missingness,explicit_conflict_recording,
e45af7f5388dd4a3dedc03eb45e0323604259960647e68d2c3865d0d57e04163,ransomware,delete_critical_atom,accessed_registry_keys,4,target support may become indeterminate; unrelated claims remain unchanged,missingness_separation,anti_analysis
e45af7f5388dd4a3dedc03eb45e0323604259960647e68d2c3865d0d57e04163,ransomware,delete_noncritical_atom,accessed_registry_keys,0,unrelated capability should remain unchanged where no shared atom exists,noncritical_deletion_locality,
e45af7f5388dd4a3dedc03eb45e0323604259960647e68d2c3865d0d57e04163,ransomware,normalize_identifier,created_registry_keys,0,environment marker changed; semantic capability should be invariant unless marker is the only support,identifier_invariance,
e45af7f5388dd4a3dedc03eb45e0323604259960647e68d2c3865d0d57e04163,ransomware,substitute_identifier,created_registry_keys,0,environment marker changed; semantic capability should be invariant unless marker is the only support,identifier_invariance,
e45af7f5388dd4a3dedc03eb45e0323604259960647e68d2c3865d0d57e04163,ransomware,inject_conflict,executed_commands,0,explicit success/failure conflict must be recorded separately from missingness,explicit_conflict_recording,
f996793f010581c5c8a2531f746cad44d77546ae7cd2315a5d1896b61c4f9af7,ransomware,delete_critical_atom,accessed_registry_keys,193,target support may become indeterminate; unrelated claims remain unchanged,missingness_separation,privilege_manipulation
f996793f010581c5c8a2531f746cad44d77546ae7cd2315a5d1896b61c4f9af7,ransomware,delete_noncritical_atom,accessed_registry_keys,0,unrelated capability should remain unchanged where no shared atom exists,noncritical_deletion_locality,
f996793f010581c5c8a2531f746cad44d77546ae7cd2315a5d1896b61c4f9af7,ransomware,normalize_identifier,created_registry_keys,2,environment marker changed; semantic capability should be invariant unless marker is the only support,identifier_invariance,
f996793f010581c5c8a2531f746cad44d77546ae7cd2315a5d1896b61c4f9af7,ransomware,substitute_identifier,created_registry_keys,2,environment marker changed; semantic capability should be invariant unless marker is the only support,identifier_invariance,
f996793f010581c5c8a2531f746cad44d77546ae7cd2315a5d1896b61c4f9af7,ransomware,inject_conflict,executed_commands,0,explicit success/failure conflict must be recorded separately from missingness,explicit_conflict_recording,
c31a9c3ebcef2908e0ec195b0061c70600110cae7402dba5ad1ebed52ad73f93,ransomware,delete_critical_atom,accessed_files,0,target support may become indeterminate; unrelated claims remain unchanged,missingness_separation,file_impact
c31a9c3ebcef2908e0ec195b0061c70600110cae7402dba5ad1ebed52ad73f93,ransomware,delete_noncritical_atom,accessed_registry_keys,0,unrelated capability should remain unchanged where no shared atom exists,noncritical_deletion_locality,
c31a9c3ebcef2908e0ec195b0061c70600110cae7402dba5ad1ebed52ad73f93,ransomware,inject_conflict,executed_commands,0,explicit success/failure conflict must be recorded separately from missingness,explicit_conflict_recording,
56ecdcec8dd5812ec6b64a37296ae61cf7c5a73824fb89329a7752eaeb0bd4f0,ransomware,delete_critical_atom,accessed_registry_keys,0,target support may become indeterminate; unrelated claims remain unchanged,missingness_separation,anti_analysis
56ecdcec8dd5812ec6b64a37296ae61cf7c5a73824fb89329a7752eaeb0bd4f0,ransomware,delete_noncritical_atom,accessed_registry_keys,1,unrelated capability should remain unchanged where no shared atom exists,noncritical_deletion_locality,
56ecdcec8dd5812ec6b64a37296ae61cf7c5a73824fb89329a7752eaeb0bd4f0,ransomware,normalize_identifier,accessed_registry_keys,1,environment marker changed; semantic capability should be invariant unless marker is the only support,identifier_invariance,
56ecdcec8dd5812ec6b64a37296ae61cf7c5a73824fb89329a7752eaeb0bd4f0,ransomware,substitute_identifier,accessed_registry_keys,1,environment marker changed; semantic capability should be invariant unless marker is the only support,identifier_invariance,
56ecdcec8dd5812ec6b64a37296ae61cf7c5a73824fb89329a7752eaeb0bd4f0,ransomware,inject_conflict,executed_commands,0,explicit success/failure conflict must be recorded separately from missingness,explicit_conflict_recording,
a9f736db3605228043d1d98f0a3e56d853336d25d06aec27b720c82dac015c57,ransomware,delete_critical_atom,accessed_registry_keys,8,target support may become indeterminate; unrelated claims remain unchanged,missingness_separation,anti_analysis
a9f736db3605228043d1d98f0a3e56d853336d25d06aec27b720c82dac015c57,ransomware,delete_noncritical_atom,accessed_registry_keys,0,unrelated capability should remain unchanged where no shared atom exists,noncritical_deletion_locality,
a9f736db3605228043d1d98f0a3e56d853336d25d06aec27b720c82dac015c57,ransomware,normalize_identifier,accessed_files,398,environment marker changed; semantic capability should be invariant unless marker is the only support,identifier_invariance,
a9f736db3605228043d1d98f0a3e56d853336d25d06aec27b720c82dac015c57,ransomware,substitute_identifier,accessed_files,398,environment marker changed; semantic capability should be invariant unless marker is the only support,identifier_invariance,
a9f736db3605228043d1d98f0a3e56d853336d25d06aec27b720c82dac015c57,ransomware,inject_conflict,executed_commands,0,explicit success/failure conflict must be recorded separately from missingness,explicit_conflict_recording,
0934fbe06034dbe5749eaaa72e57016b04ae3fc9b66cc8984815ebd3148b1626,ransomware,delete_critical_atom,accessed_registry_keys,69,target support may become indeterminate; unrelated claims remain unchanged,missingness_separation,anti_analysis
0934fbe06034dbe5749eaaa72e57016b04ae3fc9b66cc8984815ebd3148b1626,ransomware,delete_noncritical_atom,accessed_registry_keys,0,unrelated capability should remain unchanged where no shared atom exists,noncritical_deletion_locality,
0934fbe06034dbe5749eaaa72e57016b04ae3fc9b66cc8984815ebd3148b1626,ransomware,normalize_identifier,accessed_files,0,environment marker changed; semantic capability should be invariant unless marker is the only support,identifier_invariance,
0934fbe06034dbe5749eaaa72e57016b04ae3fc9b66cc8984815ebd3148b1626,ransomware,substitute_identifier,accessed_files,0,environment marker changed; semantic capability should be invariant unless marker is the only support,identifier_invariance,
0934fbe06034dbe5749eaaa72e57016b04ae3fc9b66cc8984815ebd3148b1626,ransomware,inject_conflict,executed_commands,0,explicit success/failure conflict must be recorded separately from missingness,explicit_conflict_recording,
5798b364c4e52617139b80bd7bf766d72347279160be804e5296b35986330128,ransomware,delete_critical_atom,accessed_registry_keys,75,target support may become indeterminate; unrelated claims remain unchanged,missingness_separation,anti_analysis
5798b364c4e52617139b80bd7bf766d72347279160be804e5296b35986330128,ransomware,delete_noncritical_atom,accessed_registry_keys,0,unrelated capability should remain unchanged where no shared atom exists,noncritical_deletion_locality,
5798b364c4e52617139b80bd7bf766d72347279160be804e5296b35986330128,ransomware,normalize_identifier,created_registry_keys,0,environment marker changed; semantic capability should be invariant unless marker is the only support,identifier_invariance,
5798b364c4e52617139b80bd7bf766d72347279160be804e5296b35986330128,ransomware,substitute_identifier,created_registry_keys,0,environment marker changed; semantic capability should be invariant unless marker is the only support,identifier_invariance,
5798b364c4e52617139b80bd7bf766d72347279160be804e5296b35986330128,ransomware,inject_conflict,executed_commands,0,explicit success/failure conflict must be recorded separately from missingness,explicit_conflict_recording,
a1033dfe29833b0ec5157f522f3e77de26462376efa1e6492d212ea767fbfced,ransomware,delete_critical_atom,accessed_registry_keys,110,target support may become indeterminate; unrelated claims remain unchanged,missingness_separation,anti_analysis
a1033dfe29833b0ec5157f522f3e77de26462376efa1e6492d212ea767fbfced,ransomware,delete_noncritical_atom,accessed_registry_keys,0,unrelated capability should remain unchanged where no shared atom exists,noncritical_deletion_locality,
a1033dfe29833b0ec5157f522f3e77de26462376efa1e6492d212ea767fbfced,ransomware,normalize_identifier,created_registry_keys,0,environment marker changed; semantic capability should be invariant unless marker is the only support,identifier_invariance,
a1033dfe29833b0ec5157f522f3e77de26462376efa1e6492d212ea767fbfced,ransomware,substitute_identifier,created_registry_keys,0,environment marker changed; semantic capability should be invariant unless marker is the only support,identifier_invariance,
a1033dfe29833b0ec5157f522f3e77de26462376efa1e6492d212ea767fbfced,ransomware,inject_conflict,executed_commands,0,explicit success/failure conflict must be recorded separately from missingness,explicit_conflict_recording,
5453d518a08515c4f08ebb09601a925f6164e22db494ce1785e70f00d61f8589,ransomware,delete_critical_atom,accessed_files,0,target support may become indeterminate; unrelated claims remain unchanged,missingness_separation,file_impact
5453d518a08515c4f08ebb09601a925f6164e22db494ce1785e70f00d61f8589,ransomware,delete_noncritical_atom,created_registry_keys,0,unrelated capability should remain unchanged where no shared atom exists,noncritical_deletion_locality,
5453d518a08515c4f08ebb09601a925f6164e22db494ce1785e70f00d61f8589,ransomware,normalize_identifier,accessed_files,34,environment marker changed; semantic capability should be invariant unless marker is the only support,identifier_invariance,
5453d518a08515c4f08ebb09601a925f6164e22db494ce1785e70f00d61f8589,ransomware,substitute_identifier,accessed_files,34,environment marker changed; semantic capability should be invariant unless marker is the only support,identifier_invariance,
5453d518a08515c4f08ebb09601a925f6164e22db494ce1785e70f00d61f8589,ransomware,inject_conflict,executed_commands,0,explicit success/failure conflict must be recorded separately from missingness,explicit_conflict_recording,
c370659751fff9888445826997052a9a734c3619098c05347774ab4d3f7e1e4a,ransomware,delete_critical_atom,accessed_registry_keys,0,target support may become indeterminate; unrelated claims remain unchanged,missingness_separation,anti_analysis
c370659751fff9888445826997052a9a734c3619098c05347774ab4d3f7e1e4a,ransomware,delete_noncritical_atom,accessed_registry_keys,2,unrelated capability should remain unchanged where no shared atom exists,noncritical_deletion_locality,
c370659751fff9888445826997052a9a734c3619098c05347774ab4d3f7e1e4a,ransomware,normalize_identifier,accessed_files,131,environment marker changed; semantic capability should be invariant unless marker is the only support,identifier_invariance,
c370659751fff9888445826997052a9a734c3619098c05347774ab4d3f7e1e4a,ransomware,substitute_identifier,accessed_files,131,environment marker changed; semantic capability should be invariant unless marker is the only support,identifier_invariance,
c370659751fff9888445826997052a9a734c3619098c05347774ab4d3f7e1e4a,ransomware,inject_conflict,executed_commands,0,explicit success/failure conflict must be recorded separately from missingness,explicit_conflict_recording,
d55ed6edc1d88b77349bc30c36e8796e0fd1495f36b565c9300dff667860ce44,ransomware,delete_critical_atom,accessed_registry_keys,28,target support may become indeterminate; unrelated claims remain unchanged,missingness_separation,anti_analysis
d55ed6edc1d88b77349bc30c36e8796e0fd1495f36b565c9300dff667860ce44,ransomware,delete_noncritical_atom,accessed_registry_keys,0,unrelated capability should remain unchanged where no shared atom exists,noncritical_deletion_locality,
d55ed6edc1d88b77349bc30c36e8796e0fd1495f36b565c9300dff667860ce44,ransomware,normalize_identifier,created_process,1,environment marker changed; semantic capability should be invariant unless marker is the only support,identifier_invariance,
d55ed6edc1d88b77349bc30c36e8796e0fd1495f36b565c9300dff667860ce44,ransomware,substitute_identifier,created_process,1,environment marker changed; semantic capability should be invariant unless marker is the only support,identifier_invariance,
d55ed6edc1d88b77349bc30c36e8796e0fd1495f36b565c9300dff667860ce44,ransomware,inject_conflict,executed_commands,0,explicit success/failure conflict must be recorded separately from missingness,explicit_conflict_recording,
3ee48f8457bc9d977af891572cd9af63b8591e477a386d77c03fe231a697e403,ransomware,delete_critical_atom,accessed_registry_keys,126,target support may become indeterminate; unrelated claims remain unchanged,missingness_separation,anti_analysis
3ee48f8457bc9d977af891572cd9af63b8591e477a386d77c03fe231a697e403,ransomware,delete_noncritical_atom,accessed_registry_keys,0,unrelated capability should remain unchanged where no shared atom exists,noncritical_deletion_locality,
3ee48f8457bc9d977af891572cd9af63b8591e477a386d77c03fe231a697e403,ransomware,normalize_identifier,accessed_registry_keys,30,environment marker changed; semantic capability should be invariant unless marker is the only support,identifier_invariance,
3ee48f8457bc9d977af891572cd9af63b8591e477a386d77c03fe231a697e403,ransomware,substitute_identifier,accessed_registry_keys,30,environment marker changed; semantic capability should be invariant unless marker is the only support,identifier_invariance,
3ee48f8457bc9d977af891572cd9af63b8591e477a386d77c03fe231a697e403,ransomware,inject_conflict,executed_commands,0,explicit success/failure conflict must be recorded separately from missingness,explicit_conflict_recording,
a148f6912ad65a00621fd10bf86af7d79ea6c91d9e653649955956a7a23e3f2a,ransomware,delete_critical_atom,accessed_registry_keys,76,target support may become indeterminate; unrelated claims remain unchanged,missingness_separation,anti_analysis
a148f6912ad65a00621fd10bf86af7d79ea6c91d9e653649955956a7a23e3f2a,ransomware,delete_noncritical_atom,accessed_registry_keys,0,unrelated capability should remain unchanged where no shared atom exists,noncritical_deletion_locality,
a148f6912ad65a00621fd10bf86af7d79ea6c91d9e653649955956a7a23e3f2a,ransomware,normalize_identifier,accessed_registry_keys,76,environment marker changed; semantic capability should be invariant unless marker is the only support,identifier_invariance,
a148f6912ad65a00621fd10bf86af7d79ea6c91d9e653649955956a7a23e3f2a,ransomware,substitute_identifier,accessed_registry_keys,76,environment marker changed; semantic capability should be invariant unless marker is the only support,identifier_invariance,
a148f6912ad65a00621fd10bf86af7d79ea6c91d9e653649955956a7a23e3f2a,ransomware,inject_conflict,executed_commands,0,explicit success/failure conflict must be recorded separately from missingness,explicit_conflict_recording,
567deb123c5d32e9af005cc681340d95fce92e73cf198db892c0d2b9b0e2a38f,ransomware,delete_critical_atom,network_dns_lookups,0,target support may become indeterminate; unrelated claims remain unchanged,missingness_separation,network_staging
567deb123c5d32e9af005cc681340d95fce92e73cf198db892c0d2b9b0e2a38f,ransomware,delete_noncritical_atom,created_registry_keys,0,unrelated capability should remain unchanged where no shared atom exists,noncritical_deletion_locality,
567deb123c5d32e9af005cc681340d95fce92e73cf198db892c0d2b9b0e2a38f,ransomware,normalize_identifier,killed_process,1,environment marker changed; semantic capability should be invariant unless marker is the only support,identifier_invariance,
567deb123c5d32e9af005cc681340d95fce92e73cf198db892c0d2b9b0e2a38f,ransomware,substitute_identifier,killed_process,1,environment marker changed; semantic capability should be invariant unless marker is the only support,identifier_invariance,
567deb123c5d32e9af005cc681340d95fce92e73cf198db892c0d2b9b0e2a38f,ransomware,inject_conflict,executed_commands,0,explicit success/failure conflict must be recorded separately from missingness,explicit_conflict_recording,
f6708f40adf0eaffb3562164eec23411f5df9e79aa45e6caff42cb13eaba5316,ransomware,delete_critical_atom,accessed_registry_keys,425,target support may become indeterminate; unrelated claims remain unchanged,missingness_separation,privilege_manipulation
f6708f40adf0eaffb3562164eec23411f5df9e79aa45e6caff42cb13eaba5316,ransomware,delete_noncritical_atom,accessed_registry_keys,0,unrelated capability should remain unchanged where no shared atom exists,noncritical_deletion_locality,
f6708f40adf0eaffb3562164eec23411f5df9e79aa45e6caff42cb13eaba5316,ransomware,normalize_identifier,created_registry_keys,42,environment marker changed; semantic capability should be invariant unless marker is the only support,identifier_invariance,
f6708f40adf0eaffb3562164eec23411f5df9e79aa45e6caff42cb13eaba5316,ransomware,substitute_identifier,created_registry_keys,42,environment marker changed; semantic capability should be invariant unless marker is the only support,identifier_invariance,
f6708f40adf0eaffb3562164eec23411f5df9e79aa45e6caff42cb13eaba5316,ransomware,inject_conflict,executed_commands,0,explicit success/failure conflict must be recorded separately from missingness,explicit_conflict_recording,
5704c33d0ca46764be7400992b40841ca391e9f68e0fde1394c2dde6e2fb8583,ransomware,delete_critical_atom,accessed_registry_keys,46,target support may become indeterminate; unrelated claims remain unchanged,missingness_separation,anti_analysis
5704c33d0ca46764be7400992b40841ca391e9f68e0fde1394c2dde6e2fb8583,ransomware,delete_noncritical_atom,accessed_registry_keys,0,unrelated capability should remain unchanged where no shared atom exists,noncritical_deletion_locality,
5704c33d0ca46764be7400992b40841ca391e9f68e0fde1394c2dde6e2fb8583,ransomware,normalize_identifier,accessed_registry_keys,112,environment marker changed; semantic capability should be invariant unless marker is the only support,identifier_invariance,
5704c33d0ca46764be7400992b40841ca391e9f68e0fde1394c2dde6e2fb8583,ransomware,substitute_identifier,accessed_registry_keys,112,environment marker changed; semantic capability should be invariant unless marker is the only support,identifier_invariance,
5704c33d0ca46764be7400992b40841ca391e9f68e0fde1394c2dde6e2fb8583,ransomware,inject_conflict,executed_commands,0,explicit success/failure conflict must be recorded separately from missingness,explicit_conflict_recording,
7593bb0526e85c010e9ff274612aec46d99b404430852b01db6d535dfb002f4b,ransomware,delete_critical_atom,accessed_files,0,target support may become indeterminate; unrelated claims remain unchanged,missingness_separation,file_impact
7593bb0526e85c010e9ff274612aec46d99b404430852b01db6d535dfb002f4b,ransomware,delete_noncritical_atom,accessed_registry_keys,0,unrelated capability should remain unchanged where no shared atom exists,noncritical_deletion_locality,
7593bb0526e85c010e9ff274612aec46d99b404430852b01db6d535dfb002f4b,ransomware,normalize_identifier,created_registry_keys,3,environment marker changed; semantic capability should be invariant unless marker is the only support,identifier_invariance,
7593bb0526e85c010e9ff274612aec46d99b404430852b01db6d535dfb002f4b,ransomware,substitute_identifier,created_registry_keys,3,environment marker changed; semantic capability should be invariant unless marker is the only support,identifier_invariance,
7593bb0526e85c010e9ff274612aec46d99b404430852b01db6d535dfb002f4b,ransomware,inject_conflict,executed_commands,0,explicit success/failure conflict must be recorded separately from missingness,explicit_conflict_recording,
e4169cdd8170b82e2d75f368a8740561a533b047de2f4219147453279f176e4b,ransomware,delete_critical_atom,accessed_registry_keys,11,target support may become indeterminate; unrelated claims remain unchanged,missingness_separation,privilege_manipulation
e4169cdd8170b82e2d75f368a8740561a533b047de2f4219147453279f176e4b,ransomware,delete_noncritical_atom,accessed_registry_keys,0,unrelated capability should remain unchanged where no shared atom exists,noncritical_deletion_locality,
e4169cdd8170b82e2d75f368a8740561a533b047de2f4219147453279f176e4b,ransomware,normalize_identifier,accessed_files,10,environment marker changed; semantic capability should be invariant unless marker is the only support,identifier_invariance,
e4169cdd8170b82e2d75f368a8740561a533b047de2f4219147453279f176e4b,ransomware,substitute_identifier,accessed_files,10,environment marker changed; semantic capability should be invariant unless marker is the only support,identifier_invariance,
e4169cdd8170b82e2d75f368a8740561a533b047de2f4219147453279f176e4b,ransomware,inject_conflict,executed_commands,0,explicit success/failure conflict must be recorded separately from missingness,explicit_conflict_recording,
e254f675a862686022256d39d8d1c91b2731d4776f674d6a353f59fa4358f1a2,ransomware,delete_critical_atom,accessed_files,0,target support may become indeterminate; unrelated claims remain unchanged,missingness_separation,file_impact
e254f675a862686022256d39d8d1c91b2731d4776f674d6a353f59fa4358f1a2,ransomware,delete_noncritical_atom,accessed_registry_keys,0,unrelated capability should remain unchanged where no shared atom exists,noncritical_deletion_locality,
e254f675a862686022256d39d8d1c91b2731d4776f674d6a353f59fa4358f1a2,ransomware,normalize_identifier,accessed_files,0,environment marker changed; semantic capability should be invariant unless marker is the only support,identifier_invariance,
e254f675a862686022256d39d8d1c91b2731d4776f674d6a353f59fa4358f1a2,ransomware,substitute_identifier,accessed_files,0,environment marker changed; semantic capability should be invariant unless marker is the only support,identifier_invariance,
e254f675a862686022256d39d8d1c91b2731d4776f674d6a353f59fa4358f1a2,ransomware,inject_conflict,executed_commands,0,explicit success/failure conflict must be recorded separately from missingness,explicit_conflict_recording,
0d6494a16aec93bbf79227151adcb085328b2af646f5a65b17a98b7762cd77df,ransomware,delete_critical_atom,accessed_registry_keys,22,target support may become indeterminate; unrelated claims remain unchanged,missingness_separation,anti_analysis
0d6494a16aec93bbf79227151adcb085328b2af646f5a65b17a98b7762cd77df,ransomware,delete_noncritical_atom,accessed_registry_keys,0,unrelated capability should remain unchanged where no shared atom exists,noncritical_deletion_locality,
0d6494a16aec93bbf79227151adcb085328b2af646f5a65b17a98b7762cd77df,ransomware,normalize_identifier,created_registry_keys,14,environment marker changed; semantic capability should be invariant unless marker is the only support,identifier_invariance,
0d6494a16aec93bbf79227151adcb085328b2af646f5a65b17a98b7762cd77df,ransomware,substitute_identifier,created_registry_keys,14,environment marker changed; semantic capability should be invariant unless marker is the only support,identifier_invariance,
0d6494a16aec93bbf79227151adcb085328b2af646f5a65b17a98b7762cd77df,ransomware,inject_conflict,executed_commands,0,explicit success/failure conflict must be recorded separately from missingness,explicit_conflict_recording,
4e3f6c9c586bb6b951f36ccbbbc6a9c16f6500d5a78b5f85e58af445b9746ce3,ransomware,delete_critical_atom,accessed_registry_keys,26,target support may become indeterminate; unrelated claims remain unchanged,missingness_separation,anti_analysis
4e3f6c9c586bb6b951f36ccbbbc6a9c16f6500d5a78b5f85e58af445b9746ce3,ransomware,delete_noncritical_atom,accessed_registry_keys,0,unrelated capability should remain unchanged where no shared atom exists,noncritical_deletion_locality,
4e3f6c9c586bb6b951f36ccbbbc6a9c16f6500d5a78b5f85e58af445b9746ce3,ransomware,normalize_identifier,created_registry_keys,3,environment marker changed; semantic capability should be invariant unless marker is the only support,identifier_invariance,
4e3f6c9c586bb6b951f36ccbbbc6a9c16f6500d5a78b5f85e58af445b9746ce3,ransomware,substitute_identifier,created_registry_keys,3,environment marker changed; semantic capability should be invariant unless marker is the only support,identifier_invariance,
4e3f6c9c586bb6b951f36ccbbbc6a9c16f6500d5a78b5f85e58af445b9746ce3,ransomware,inject_conflict,executed_commands,0,explicit success/failure conflict must be recorded separately from missingness,explicit_conflict_recording,
eeabb0a04ea59624d05185afbbf4a1c8e5db554c0c325871c4c0ac5de34c5547,ransomware,delete_critical_atom,accessed_registry_keys,67,target support may become indeterminate; unrelated claims remain unchanged,missingness_separation,anti_analysis
eeabb0a04ea59624d05185afbbf4a1c8e5db554c0c325871c4c0ac5de34c5547,ransomware,delete_noncritical_atom,accessed_registry_keys,0,unrelated capability should remain unchanged where no shared atom exists,noncritical_deletion_locality,
eeabb0a04ea59624d05185afbbf4a1c8e5db554c0c325871c4c0ac5de34c5547,ransomware,normalize_identifier,accessed_files,131,environment marker changed; semantic capability should be invariant unless marker is the only support,identifier_invariance,
eeabb0a04ea59624d05185afbbf4a1c8e5db554c0c325871c4c0ac5de34c5547,ransomware,substitute_identifier,accessed_files,131,environment marker changed; semantic capability should be invariant unless marker is the only support,identifier_invariance,
eeabb0a04ea59624d05185afbbf4a1c8e5db554c0c325871c4c0ac5de34c5547,ransomware,inject_conflict,executed_commands,0,explicit success/failure conflict must be recorded separately from missingness,explicit_conflict_recording,
19d70551ddc29c6152c2bf29a3330e2753e39595374f08c1c500a795203352c9,ransomware,delete_critical_atom,created_registry_keys,0,target support may become indeterminate; unrelated claims remain unchanged,missingness_separation,persistence
19d70551ddc29c6152c2bf29a3330e2753e39595374f08c1c500a795203352c9,ransomware,delete_noncritical_atom,accessed_registry_keys,0,unrelated capability should remain unchanged where no shared atom exists,noncritical_deletion_locality,
19d70551ddc29c6152c2bf29a3330e2753e39595374f08c1c500a795203352c9,ransomware,normalize_identifier,created_registry_keys,0,environment marker changed; semantic capability should be invariant unless marker is the only support,identifier_invariance,
19d70551ddc29c6152c2bf29a3330e2753e39595374f08c1c500a795203352c9,ransomware,substitute_identifier,created_registry_keys,0,environment marker changed; semantic capability should be invariant unless marker is the only support,identifier_invariance,
19d70551ddc29c6152c2bf29a3330e2753e39595374f08c1c500a795203352c9,ransomware,inject_conflict,executed_commands,0,explicit success/failure conflict must be recorded separately from missingness,explicit_conflict_recording,
3d4072b7826c27f5aa407e7ba64a3ce64beeb00d1fd5d02042afb9cc95b18835,ransomware,delete_critical_atom,created_registry_keys,5,target support may become indeterminate; unrelated claims remain unchanged,missingness_separation,persistence
3d4072b7826c27f5aa407e7ba64a3ce64beeb00d1fd5d02042afb9cc95b18835,ransomware,delete_noncritical_atom,accessed_registry_keys,0,unrelated capability should remain unchanged where no shared atom exists,noncritical_deletion_locality,
3d4072b7826c27f5aa407e7ba64a3ce64beeb00d1fd5d02042afb9cc95b18835,ransomware,normalize_identifier,accessed_files,1,environment marker changed; semantic capability should be invariant unless marker is the only support,identifier_invariance,
3d4072b7826c27f5aa407e7ba64a3ce64beeb00d1fd5d02042afb9cc95b18835,ransomware,substitute_identifier,accessed_files,1,environment marker changed; semantic capability should be invariant unless marker is the only support,identifier_invariance,
3d4072b7826c27f5aa407e7ba64a3ce64beeb00d1fd5d02042afb9cc95b18835,ransomware,inject_conflict,executed_commands,0,explicit success/failure conflict must be recorded separately from missingness,explicit_conflict_recording,
975fa976b20d4bfdeb8c38bcd859825da0bbb633a15e60821dd605b67c22a399,ransomware,delete_critical_atom,created_registry_keys,0,target support may become indeterminate; unrelated claims remain unchanged,missingness_separation,persistence
975fa976b20d4bfdeb8c38bcd859825da0bbb633a15e60821dd605b67c22a399,ransomware,delete_noncritical_atom,accessed_registry_keys,0,unrelated capability should remain unchanged where no shared atom exists,noncritical_deletion_locality,
975fa976b20d4bfdeb8c38bcd859825da0bbb633a15e60821dd605b67c22a399,ransomware,normalize_identifier,accessed_files,1,environment marker changed; semantic capability should be invariant unless marker is the only support,identifier_invariance,
975fa976b20d4bfdeb8c38bcd859825da0bbb633a15e60821dd605b67c22a399,ransomware,substitute_identifier,accessed_files,1,environment marker changed; semantic capability should be invariant unless marker is the only support,identifier_invariance,
975fa976b20d4bfdeb8c38bcd859825da0bbb633a15e60821dd605b67c22a399,ransomware,inject_conflict,executed_commands,0,explicit success/failure conflict must be recorded separately from missingness,explicit_conflict_recording,
589c6e11714a0e5474db216062806ad191cdaa9b9b9c4c46bc236cb35a6a5065,ransomware,delete_critical_atom,accessed_registry_keys,370,target support may become indeterminate; unrelated claims remain unchanged,missingness_separation,privilege_manipulation
589c6e11714a0e5474db216062806ad191cdaa9b9b9c4c46bc236cb35a6a5065,ransomware,delete_noncritical_atom,accessed_registry_keys,0,unrelated capability should remain unchanged where no shared atom exists,noncritical_deletion_locality,
589c6e11714a0e5474db216062806ad191cdaa9b9b9c4c46bc236cb35a6a5065,ransomware,normalize_identifier,created_registry_keys,2,environment marker changed; semantic capability should be invariant unless marker is the only support,identifier_invariance,
589c6e11714a0e5474db216062806ad191cdaa9b9b9c4c46bc236cb35a6a5065,ransomware,substitute_identifier,created_registry_keys,2,environment marker changed; semantic capability should be invariant unless marker is the only support,identifier_invariance,
589c6e11714a0e5474db216062806ad191cdaa9b9b9c4c46bc236cb35a6a5065,ransomware,inject_conflict,executed_commands,0,explicit success/failure conflict must be recorded separately from missingness,explicit_conflict_recording,
c40f786d75bc01ed85b86c091472f4133830dc04df87052b8b6ae598708e4108,ransomware,delete_critical_atom,accessed_files,0,target support may become indeterminate; unrelated claims remain unchanged,missingness_separation,file_impact
c40f786d75bc01ed85b86c091472f4133830dc04df87052b8b6ae598708e4108,ransomware,delete_noncritical_atom,accessed_registry_keys,0,unrelated capability should remain unchanged where no shared atom exists,noncritical_deletion_locality,
c40f786d75bc01ed85b86c091472f4133830dc04df87052b8b6ae598708e4108,ransomware,normalize_identifier,accessed_files,1,environment marker changed; semantic capability should be invariant unless marker is the only support,identifier_invariance,
c40f786d75bc01ed85b86c091472f4133830dc04df87052b8b6ae598708e4108,ransomware,substitute_identifier,accessed_files,1,environment marker changed; semantic capability should be invariant unless marker is the only support,identifier_invariance,
c40f786d75bc01ed85b86c091472f4133830dc04df87052b8b6ae598708e4108,ransomware,inject_conflict,executed_commands,0,explicit success/failure conflict must be recorded separately from missingness,explicit_conflict_recording,
b3becceee731f92a558739ae11d931f571ab038a09b09661f0519eb5256e6303,ransomware,delete_critical_atom,accessed_registry_keys,286,target support may become indeterminate; unrelated claims remain unchanged,missingness_separation,anti_analysis
b3becceee731f92a558739ae11d931f571ab038a09b09661f0519eb5256e6303,ransomware,delete_noncritical_atom,accessed_registry_keys,0,unrelated capability should remain unchanged where no shared atom exists,noncritical_deletion_locality,
b3becceee731f92a558739ae11d931f571ab038a09b09661f0519eb5256e6303,ransomware,normalize_identifier,created_registry_keys,1,environment marker changed; semantic capability should be invariant unless marker is the only support,identifier_invariance,
b3becceee731f92a558739ae11d931f571ab038a09b09661f0519eb5256e6303,ransomware,substitute_identifier,created_registry_keys,1,environment marker changed; semantic capability should be invariant unless marker is the only support,identifier_invariance,
b3becceee731f92a558739ae11d931f571ab038a09b09661f0519eb5256e6303,ransomware,inject_conflict,executed_commands,0,explicit success/failure conflict must be recorded separately from missingness,explicit_conflict_recording,
3446602893829f57687ab3fd132821036d66df46c132b79802b279d3ef79b737,ransomware,delete_noncritical_atom,created_registry_keys,0,unrelated capability should remain unchanged where no shared atom exists,noncritical_deletion_locality,
3446602893829f57687ab3fd132821036d66df46c132b79802b279d3ef79b737,ransomware,normalize_identifier,created_registry_keys,1,environment marker changed; semantic capability should be invariant unless marker is the only support,identifier_invariance,
3446602893829f57687ab3fd132821036d66df46c132b79802b279d3ef79b737,ransomware,substitute_identifier,created_registry_keys,1,environment marker changed; semantic capability should be invariant unless marker is the only support,identifier_invariance,
3446602893829f57687ab3fd132821036d66df46c132b79802b279d3ef79b737,ransomware,inject_conflict,executed_commands,0,explicit success/failure conflict must be recorded separately from missingness,explicit_conflict_recording,
9b462800f1bef019d7ec00098682d3ea7fc60e6721555f616399228e4e3ad122,ransomware,delete_critical_atom,accessed_registry_keys,240,target support may become indeterminate; unrelated claims remain unchanged,missingness_separation,anti_analysis
9b462800f1bef019d7ec00098682d3ea7fc60e6721555f616399228e4e3ad122,ransomware,delete_noncritical_atom,accessed_registry_keys,0,unrelated capability should remain unchanged where no shared atom exists,noncritical_deletion_locality,
9b462800f1bef019d7ec00098682d3ea7fc60e6721555f616399228e4e3ad122,ransomware,normalize_identifier,accessed_registry_keys,403,environment marker changed; semantic capability should be invariant unless marker is the only support,identifier_invariance,
9b462800f1bef019d7ec00098682d3ea7fc60e6721555f616399228e4e3ad122,ransomware,substitute_identifier,accessed_registry_keys,403,environment marker changed; semantic capability should be invariant unless marker is the only support,identifier_invariance,
9b462800f1bef019d7ec00098682d3ea7fc60e6721555f616399228e4e3ad122,ransomware,inject_conflict,executed_commands,0,explicit success/failure conflict must be recorded separately from missingness,explicit_conflict_recording,
0f9e80e70619e5bf0a9ef86008d8d90315463f2ca4ca224172aa2d42bae2734e,ransomware,delete_critical_atom,accessed_files,0,target support may become indeterminate; unrelated claims remain unchanged,missingness_separation,file_impact
0f9e80e70619e5bf0a9ef86008d8d90315463f2ca4ca224172aa2d42bae2734e,ransomware,delete_noncritical_atom,accessed_registry_keys,0,unrelated capability should remain unchanged where no shared atom exists,noncritical_deletion_locality,
0f9e80e70619e5bf0a9ef86008d8d90315463f2ca4ca224172aa2d42bae2734e,ransomware,normalize_identifier,accessed_files,180,environment marker changed; semantic capability should be invariant unless marker is the only support,identifier_invariance,
0f9e80e70619e5bf0a9ef86008d8d90315463f2ca4ca224172aa2d42bae2734e,ransomware,substitute_identifier,accessed_files,180,environment marker changed; semantic capability should be invariant unless marker is the only support,identifier_invariance,
0f9e80e70619e5bf0a9ef86008d8d90315463f2ca4ca224172aa2d42bae2734e,ransomware,inject_conflict,executed_commands,0,explicit success/failure conflict must be recorded separately from missingness,explicit_conflict_recording,
e69f9ad1a39625c68a758abd264ed9809ad54e77f197aaf6ae4b8b4f79029ced,ransomware,delete_critical_atom,accessed_registry_keys,40,target support may become indeterminate; unrelated claims remain unchanged,missingness_separation,privilege_manipulation
e69f9ad1a39625c68a758abd264ed9809ad54e77f197aaf6ae4b8b4f79029ced,ransomware,delete_noncritical_atom,accessed_registry_keys,0,unrelated capability should remain unchanged where no shared atom exists,noncritical_deletion_locality,
e69f9ad1a39625c68a758abd264ed9809ad54e77f197aaf6ae4b8b4f79029ced,ransomware,normalize_identifier,created_registry_keys,1,environment marker changed; semantic capability should be invariant unless marker is the only support,identifier_invariance,
e69f9ad1a39625c68a758abd264ed9809ad54e77f197aaf6ae4b8b4f79029ced,ransomware,substitute_identifier,created_registry_keys,1,environment marker changed; semantic capability should be invariant unless marker is the only support,identifier_invariance,
e69f9ad1a39625c68a758abd264ed9809ad54e77f197aaf6ae4b8b4f79029ced,ransomware,inject_conflict,executed_commands,0,explicit success/failure conflict must be recorded separately from missingness,explicit_conflict_recording,
bd210c5759b815a64b7166aceae471ef622bccdde3b46fc971aa78bcb73f08f1,ransomware,delete_critical_atom,created_registry_keys,0,target support may become indeterminate; unrelated claims remain unchanged,missingness_separation,persistence
bd210c5759b815a64b7166aceae471ef622bccdde3b46fc971aa78bcb73f08f1,ransomware,delete_noncritical_atom,accessed_registry_keys,0,unrelated capability should remain unchanged where no shared atom exists,noncritical_deletion_locality,
bd210c5759b815a64b7166aceae471ef622bccdde3b46fc971aa78bcb73f08f1,ransomware,normalize_identifier,accessed_files,1,environment marker changed; semantic capability should be invariant unless marker is the only support,identifier_invariance,
bd210c5759b815a64b7166aceae471ef622bccdde3b46fc971aa78bcb73f08f1,ransomware,substitute_identifier,accessed_files,1,environment marker changed; semantic capability should be invariant unless marker is the only support,identifier_invariance,
bd210c5759b815a64b7166aceae471ef622bccdde3b46fc971aa78bcb73f08f1,ransomware,inject_conflict,executed_commands,0,explicit success/failure conflict must be recorded separately from missingness,explicit_conflict_recording,
914ef2bfba201f2f6a81cd8ee8b0895906ff00e1cc42c6d7460cf6debb132f59,ransomware,delete_critical_atom,accessed_registry_keys,67,target support may become indeterminate; unrelated claims remain unchanged,missingness_separation,anti_analysis
914ef2bfba201f2f6a81cd8ee8b0895906ff00e1cc42c6d7460cf6debb132f59,ransomware,delete_noncritical_atom,accessed_registry_keys,0,unrelated capability should remain unchanged where no shared atom exists,noncritical_deletion_locality,
914ef2bfba201f2f6a81cd8ee8b0895906ff00e1cc42c6d7460cf6debb132f59,ransomware,normalize_identifier,created_registry_keys,1,environment marker changed; semantic capability should be invariant unless marker is the only support,identifier_invariance,
914ef2bfba201f2f6a81cd8ee8b0895906ff00e1cc42c6d7460cf6debb132f59,ransomware,substitute_identifier,created_registry_keys,1,environment marker changed; semantic capability should be invariant unless marker is the only support,identifier_invariance,
914ef2bfba201f2f6a81cd8ee8b0895906ff00e1cc42c6d7460cf6debb132f59,ransomware,inject_conflict,executed_commands,0,explicit success/failure conflict must be recorded separately from missingness,explicit_conflict_recording,
669fa8cb14463fe4d7e152c852686a8d27bfa932e8a51e8064fc26da0ef040b9,ransomware,delete_critical_atom,accessed_registry_keys,3,target support may become indeterminate; unrelated claims remain unchanged,missingness_separation,anti_analysis
669fa8cb14463fe4d7e152c852686a8d27bfa932e8a51e8064fc26da0ef040b9,ransomware,delete_noncritical_atom,accessed_registry_keys,0,unrelated capability should remain unchanged where no shared atom exists,noncritical_deletion_locality,
669fa8cb14463fe4d7e152c852686a8d27bfa932e8a51e8064fc26da0ef040b9,ransomware,normalize_identifier,created_registry_keys,0,environment marker changed; semantic capability should be invariant unless marker is the only support,identifier_invariance,
669fa8cb14463fe4d7e152c852686a8d27bfa932e8a51e8064fc26da0ef040b9,ransomware,substitute_identifier,created_registry_keys,0,environment marker changed; semantic capability should be invariant unless marker is the only support,identifier_invariance,
669fa8cb14463fe4d7e152c852686a8d27bfa932e8a51e8064fc26da0ef040b9,ransomware,inject_conflict,executed_commands,0,explicit success/failure conflict must be recorded separately from missingness,explicit_conflict_recording,
5578d702c7fd246e11f71c4edb27b316ca267c6161effab324c9f6e6260bc9e5,ransomware,delete_critical_atom,accessed_registry_keys,80,target support may become indeterminate; unrelated claims remain unchanged,missingness_separation,anti_analysis
5578d702c7fd246e11f71c4edb27b316ca267c6161effab324c9f6e6260bc9e5,ransomware,delete_noncritical_atom,accessed_registry_keys,0,unrelated capability should remain unchanged where no shared atom exists,noncritical_deletion_locality,
5578d702c7fd246e11f71c4edb27b316ca267c6161effab324c9f6e6260bc9e5,ransomware,normalize_identifier,created_registry_keys,0,environment marker changed; semantic capability should be invariant unless marker is the only support,identifier_invariance,
5578d702c7fd246e11f71c4edb27b316ca267c6161effab324c9f6e6260bc9e5,ransomware,substitute_identifier,created_registry_keys,0,environment marker changed; semantic capability should be invariant unless marker is the only support,identifier_invariance,
5578d702c7fd246e11f71c4edb27b316ca267c6161effab324c9f6e6260bc9e5,ransomware,inject_conflict,executed_commands,0,explicit success/failure conflict must be recorded separately from missingness,explicit_conflict_recording,
cd64f57bd9a9b878c59e49534efbea012d8ea2bf405c2550572b3bd2081635a7,ransomware,delete_critical_atom,accessed_registry_keys,251,target support may become indeterminate; unrelated claims remain unchanged,missingness_separation,privilege_manipulation
cd64f57bd9a9b878c59e49534efbea012d8ea2bf405c2550572b3bd2081635a7,ransomware,delete_noncritical_atom,accessed_registry_keys,0,unrelated capability should remain unchanged where no shared atom exists,noncritical_deletion_locality,
cd64f57bd9a9b878c59e49534efbea012d8ea2bf405c2550572b3bd2081635a7,ransomware,normalize_identifier,accessed_files,17,environment marker changed; semantic capability should be invariant unless marker is the only support,identifier_invariance,
cd64f57bd9a9b878c59e49534efbea012d8ea2bf405c2550572b3bd2081635a7,ransomware,substitute_identifier,accessed_files,17,environment marker changed; semantic capability should be invariant unless marker is the only support,identifier_invariance,
cd64f57bd9a9b878c59e49534efbea012d8ea2bf405c2550572b3bd2081635a7,ransomware,inject_conflict,executed_commands,0,explicit success/failure conflict must be recorded separately from missingness,explicit_conflict_recording,
2d614f088f486f0870b3839ddb361e33efb73526a0a585f691874039f23171cc,ransomware,delete_critical_atom,accessed_files,0,target support may become indeterminate; unrelated claims remain unchanged,missingness_separation,file_impact
2d614f088f486f0870b3839ddb361e33efb73526a0a585f691874039f23171cc,ransomware,delete_noncritical_atom,accessed_registry_keys,0,unrelated capability should remain unchanged where no shared atom exists,noncritical_deletion_locality,
2d614f088f486f0870b3839ddb361e33efb73526a0a585f691874039f23171cc,ransomware,normalize_identifier,accessed_files,0,environment marker changed; semantic capability should be invariant unless marker is the only support,identifier_invariance,
2d614f088f486f0870b3839ddb361e33efb73526a0a585f691874039f23171cc,ransomware,substitute_identifier,accessed_files,0,environment marker changed; semantic capability should be invariant unless marker is the only support,identifier_invariance,
2d614f088f486f0870b3839ddb361e33efb73526a0a585f691874039f23171cc,ransomware,inject_conflict,executed_commands,0,explicit success/failure conflict must be recorded separately from missingness,explicit_conflict_recording,
913377afa6c3d7afb49a491f830d52a33353349819f0e91157a01dc8336ac5b3,ransomware,delete_critical_atom,accessed_registry_keys,47,target support may become indeterminate; unrelated claims remain unchanged,missingness_separation,privilege_manipulation
913377afa6c3d7afb49a491f830d52a33353349819f0e91157a01dc8336ac5b3,ransomware,delete_noncritical_atom,accessed_registry_keys,0,unrelated capability should remain unchanged where no shared atom exists,noncritical_deletion_locality,
913377afa6c3d7afb49a491f830d52a33353349819f0e91157a01dc8336ac5b3,ransomware,normalize_identifier,accessed_files,0,environment marker changed; semantic capability should be invariant unless marker is the only support,identifier_invariance,
913377afa6c3d7afb49a491f830d52a33353349819f0e91157a01dc8336ac5b3,ransomware,substitute_identifier,accessed_files,0,environment marker changed; semantic capability should be invariant unless marker is the only support,identifier_invariance,
913377afa6c3d7afb49a491f830d52a33353349819f0e91157a01dc8336ac5b3,ransomware,inject_conflict,executed_commands,0,explicit success/failure conflict must be recorded separately from missingness,explicit_conflict_recording,
8005c1f11765b2f062b741afe29c062901a5603959d8334ca14421a3426d7526,ransomware,delete_critical_atom,accessed_registry_keys,8,target support may become indeterminate; unrelated claims remain unchanged,missingness_separation,anti_analysis
8005c1f11765b2f062b741afe29c062901a5603959d8334ca14421a3426d7526,ransomware,delete_noncritical_atom,accessed_registry_keys,0,unrelated capability should remain unchanged where no shared atom exists,noncritical_deletion_locality,
8005c1f11765b2f062b741afe29c062901a5603959d8334ca14421a3426d7526,ransomware,normalize_identifier,created_registry_keys,13,environment marker changed; semantic capability should be invariant unless marker is the only support,identifier_invariance,
8005c1f11765b2f062b741afe29c062901a5603959d8334ca14421a3426d7526,ransomware,substitute_identifier,created_registry_keys,13,environment marker changed; semantic capability should be invariant unless marker is the only support,identifier_invariance,
8005c1f11765b2f062b741afe29c062901a5603959d8334ca14421a3426d7526,ransomware,inject_conflict,executed_commands,0,explicit success/failure conflict must be recorded separately from missingness,explicit_conflict_recording,
674778347ca0eadef4eecd1baf234b896820822e5bb516925be3ba860cb312e4,ransomware,delete_critical_atom,accessed_files,0,target support may become indeterminate; unrelated claims remain unchanged,missingness_separation,file_impact
674778347ca0eadef4eecd1baf234b896820822e5bb516925be3ba860cb312e4,ransomware,delete_noncritical_atom,accessed_registry_keys,0,unrelated capability should remain unchanged where no shared atom exists,noncritical_deletion_locality,
674778347ca0eadef4eecd1baf234b896820822e5bb516925be3ba860cb312e4,ransomware,normalize_identifier,accessed_files,1,environment marker changed; semantic capability should be invariant unless marker is the only support,identifier_invariance,
674778347ca0eadef4eecd1baf234b896820822e5bb516925be3ba860cb312e4,ransomware,substitute_identifier,accessed_files,1,environment marker changed; semantic capability should be invariant unless marker is the only support,identifier_invariance,
674778347ca0eadef4eecd1baf234b896820822e5bb516925be3ba860cb312e4,ransomware,inject_conflict,executed_commands,0,explicit success/failure conflict must be recorded separately from missingness,explicit_conflict_recording,
44e7505daa18d0e8a8948ff4d77a0f1200a90e7ab9fd519bc86ffc7dfca4592f,ransomware,delete_critical_atom,accessed_registry_keys,9,target support may become indeterminate; unrelated claims remain unchanged,missingness_separation,anti_analysis
44e7505daa18d0e8a8948ff4d77a0f1200a90e7ab9fd519bc86ffc7dfca4592f,ransomware,delete_noncritical_atom,accessed_registry_keys,0,unrelated capability should remain unchanged where no shared atom exists,noncritical_deletion_locality,
44e7505daa18d0e8a8948ff4d77a0f1200a90e7ab9fd519bc86ffc7dfca4592f,ransomware,normalize_identifier,accessed_files,1,environment marker changed; semantic capability should be invariant unless marker is the only support,identifier_invariance,
44e7505daa18d0e8a8948ff4d77a0f1200a90e7ab9fd519bc86ffc7dfca4592f,ransomware,substitute_identifier,accessed_files,1,environment marker changed; semantic capability should be invariant unless marker is the only support,identifier_invariance,
44e7505daa18d0e8a8948ff4d77a0f1200a90e7ab9fd519bc86ffc7dfca4592f,ransomware,inject_conflict,executed_commands,0,explicit success/failure conflict must be recorded separately from missingness,explicit_conflict_recording,
3fea3f6495a47986f614e1c2f360b959b3a0bd49bba695b7e06eeb6500fdd6cf,ransomware,delete_critical_atom,accessed_registry_keys,67,target support may become indeterminate; unrelated claims remain unchanged,missingness_separation,anti_analysis
3fea3f6495a47986f614e1c2f360b959b3a0bd49bba695b7e06eeb6500fdd6cf,ransomware,delete_noncritical_atom,accessed_registry_keys,0,unrelated capability should remain unchanged where no shared atom exists,noncritical_deletion_locality,
3fea3f6495a47986f614e1c2f360b959b3a0bd49bba695b7e06eeb6500fdd6cf,ransomware,normalize_identifier,created_registry_keys,1,environment marker changed; semantic capability should be invariant unless marker is the only support,identifier_invariance,
3fea3f6495a47986f614e1c2f360b959b3a0bd49bba695b7e06eeb6500fdd6cf,ransomware,substitute_identifier,created_registry_keys,1,environment marker changed; semantic capability should be invariant unless marker is the only support,identifier_invariance,
3fea3f6495a47986f614e1c2f360b959b3a0bd49bba695b7e06eeb6500fdd6cf,ransomware,inject_conflict,executed_commands,0,explicit success/failure conflict must be recorded separately from missingness,explicit_conflict_recording,
7aeb7b8c9338ee9fd15b5b877479d3601393d56ec4a458ed02e1736c3a32a3ce,ransomware,delete_critical_atom,accessed_registry_keys,67,target support may become indeterminate; unrelated claims remain unchanged,missingness_separation,anti_analysis
7aeb7b8c9338ee9fd15b5b877479d3601393d56ec4a458ed02e1736c3a32a3ce,ransomware,delete_noncritical_atom,accessed_registry_keys,0,unrelated capability should remain unchanged where no shared atom exists,noncritical_deletion_locality,
7aeb7b8c9338ee9fd15b5b877479d3601393d56ec4a458ed02e1736c3a32a3ce,ransomware,normalize_identifier,accessed_registry_keys,139,environment marker changed; semantic capability should be invariant unless marker is the only support,identifier_invariance,
7aeb7b8c9338ee9fd15b5b877479d3601393d56ec4a458ed02e1736c3a32a3ce,ransomware,substitute_identifier,accessed_registry_keys,139,environment marker changed; semantic capability should be invariant unless marker is the only support,identifier_invariance,
7aeb7b8c9338ee9fd15b5b877479d3601393d56ec4a458ed02e1736c3a32a3ce,ransomware,inject_conflict,executed_commands,0,explicit success/failure conflict must be recorded separately from missingness,explicit_conflict_recording,
59c7c188cb5c6e77646b917c6be75aa8ae3a32adcba566a21d4061f3a17e0f39,ransomware,delete_critical_atom,accessed_registry_keys,124,target support may become indeterminate; unrelated claims remain unchanged,missingness_separation,anti_analysis
59c7c188cb5c6e77646b917c6be75aa8ae3a32adcba566a21d4061f3a17e0f39,ransomware,delete_noncritical_atom,accessed_registry_keys,0,unrelated capability should remain unchanged where no shared atom exists,noncritical_deletion_locality,
59c7c188cb5c6e77646b917c6be75aa8ae3a32adcba566a21d4061f3a17e0f39,ransomware,normalize_identifier,created_registry_keys,1,environment marker changed; semantic capability should be invariant unless marker is the only support,identifier_invariance,
59c7c188cb5c6e77646b917c6be75aa8ae3a32adcba566a21d4061f3a17e0f39,ransomware,substitute_identifier,created_registry_keys,1,environment marker changed; semantic capability should be invariant unless marker is the only support,identifier_invariance,
59c7c188cb5c6e77646b917c6be75aa8ae3a32adcba566a21d4061f3a17e0f39,ransomware,inject_conflict,executed_commands,0,explicit success/failure conflict must be recorded separately from missingness,explicit_conflict_recording,
519f3ceedba4471f3d5178451c1007911145fb6eaf4e259a2c29b8e3483dabb1,ransomware,delete_critical_atom,accessed_registry_keys,188,target support may become indeterminate; unrelated claims remain unchanged,missingness_separation,anti_analysis
519f3ceedba4471f3d5178451c1007911145fb6eaf4e259a2c29b8e3483dabb1,ransomware,delete_noncritical_atom,accessed_registry_keys,0,unrelated capability should remain unchanged where no shared atom exists,noncritical_deletion_locality,
519f3ceedba4471f3d5178451c1007911145fb6eaf4e259a2c29b8e3483dabb1,ransomware,normalize_identifier,created_registry_keys,18,environment marker changed; semantic capability should be invariant unless marker is the only support,identifier_invariance,
519f3ceedba4471f3d5178451c1007911145fb6eaf4e259a2c29b8e3483dabb1,ransomware,substitute_identifier,created_registry_keys,18,environment marker changed; semantic capability should be invariant unless marker is the only support,identifier_invariance,
519f3ceedba4471f3d5178451c1007911145fb6eaf4e259a2c29b8e3483dabb1,ransomware,inject_conflict,executed_commands,0,explicit success/failure conflict must be recorded separately from missingness,explicit_conflict_recording,
bdc6e2ee8c0de414d05ce05e0b65c63cd2b3a4f21f894e32da578b016e661e6d,ransomware,delete_critical_atom,created_registry_keys,59,target support may become indeterminate; unrelated claims remain unchanged,missingness_separation,persistence
bdc6e2ee8c0de414d05ce05e0b65c63cd2b3a4f21f894e32da578b016e661e6d,ransomware,delete_noncritical_atom,accessed_registry_keys,0,unrelated capability should remain unchanged where no shared atom exists,noncritical_deletion_locality,
bdc6e2ee8c0de414d05ce05e0b65c63cd2b3a4f21f894e32da578b016e661e6d,ransomware,normalize_identifier,created_registry_keys,9,environment marker changed; semantic capability should be invariant unless marker is the only support,identifier_invariance,
bdc6e2ee8c0de414d05ce05e0b65c63cd2b3a4f21f894e32da578b016e661e6d,ransomware,substitute_identifier,created_registry_keys,9,environment marker changed; semantic capability should be invariant unless marker is the only support,identifier_invariance,
bdc6e2ee8c0de414d05ce05e0b65c63cd2b3a4f21f894e32da578b016e661e6d,ransomware,inject_conflict,executed_commands,0,explicit success/failure conflict must be recorded separately from missingness,explicit_conflict_recording,
299dbcf74564593cca443ee4575c1b28e9df0109799565d7004d99767a6d366e,ransomware,delete_critical_atom,accessed_registry_keys,16,target support may become indeterminate; unrelated claims remain unchanged,missingness_separation,anti_analysis
299dbcf74564593cca443ee4575c1b28e9df0109799565d7004d99767a6d366e,ransomware,delete_noncritical_atom,accessed_registry_keys,0,unrelated capability should remain unchanged where no shared atom exists,noncritical_deletion_locality,
299dbcf74564593cca443ee4575c1b28e9df0109799565d7004d99767a6d366e,ransomware,normalize_identifier,created_registry_keys,0,environment marker changed; semantic capability should be invariant unless marker is the only support,identifier_invariance,
299dbcf74564593cca443ee4575c1b28e9df0109799565d7004d99767a6d366e,ransomware,substitute_identifier,created_registry_keys,0,environment marker changed; semantic capability should be invariant unless marker is the only support,identifier_invariance,
299dbcf74564593cca443ee4575c1b28e9df0109799565d7004d99767a6d366e,ransomware,inject_conflict,executed_commands,0,explicit success/failure conflict must be recorded separately from missingness,explicit_conflict_recording,
590e47944ef0597bf1ff1d41656859b776e7031a4611cbf22d619002cbe49312,ransomware,delete_critical_atom,accessed_registry_keys,166,target support may become indeterminate; unrelated claims remain unchanged,missingness_separation,privilege_manipulation
590e47944ef0597bf1ff1d41656859b776e7031a4611cbf22d619002cbe49312,ransomware,delete_noncritical_atom,accessed_registry_keys,0,unrelated capability should remain unchanged where no shared atom exists,noncritical_deletion_locality,
590e47944ef0597bf1ff1d41656859b776e7031a4611cbf22d619002cbe49312,ransomware,normalize_identifier,created_process,0,environment marker changed; semantic capability should be invariant unless marker is the only support,identifier_invariance,
590e47944ef0597bf1ff1d41656859b776e7031a4611cbf22d619002cbe49312,ransomware,substitute_identifier,created_process,0,environment marker changed; semantic capability should be invariant unless marker is the only support,identifier_invariance,
590e47944ef0597bf1ff1d41656859b776e7031a4611cbf22d619002cbe49312,ransomware,inject_conflict,executed_commands,0,explicit success/failure conflict must be recorded separately from missingness,explicit_conflict_recording,
5c4150bcd76286fc146426b16eae5c0ec7b5e539a6e1d010caa2ddb88e3fa8c0,ransomware,delete_critical_atom,accessed_registry_keys,88,target support may become indeterminate; unrelated claims remain unchanged,missingness_separation,anti_analysis
5c4150bcd76286fc146426b16eae5c0ec7b5e539a6e1d010caa2ddb88e3fa8c0,ransomware,delete_noncritical_atom,accessed_registry_keys,0,unrelated capability should remain unchanged where no shared atom exists,noncritical_deletion_locality,
5c4150bcd76286fc146426b16eae5c0ec7b5e539a6e1d010caa2ddb88e3fa8c0,ransomware,normalize_identifier,accessed_registry_keys,96,environment marker changed; semantic capability should be invariant unless marker is the only support,identifier_invariance,
5c4150bcd76286fc146426b16eae5c0ec7b5e539a6e1d010caa2ddb88e3fa8c0,ransomware,substitute_identifier,accessed_registry_keys,96,environment marker changed; semantic capability should be invariant unless marker is the only support,identifier_invariance,
5c4150bcd76286fc146426b16eae5c0ec7b5e539a6e1d010caa2ddb88e3fa8c0,ransomware,inject_conflict,executed_commands,0,explicit success/failure conflict must be recorded separately from missingness,explicit_conflict_recording,
6e00d7416b36a3a45fd6e64d9dfc2b217a426fb22109003b2ada6782989b73f4,ransomware,delete_critical_atom,created_registry_keys,17,target support may become indeterminate; unrelated claims remain unchanged,missingness_separation,persistence;privilege_manipulation
6e00d7416b36a3a45fd6e64d9dfc2b217a426fb22109003b2ada6782989b73f4,ransomware,delete_noncritical_atom,accessed_registry_keys,0,unrelated capability should remain unchanged where no shared atom exists,noncritical_deletion_locality,
6e00d7416b36a3a45fd6e64d9dfc2b217a426fb22109003b2ada6782989b73f4,ransomware,normalize_identifier,created_registry_keys,5,environment marker changed; semantic capability should be invariant unless marker is the only support,identifier_invariance,
6e00d7416b36a3a45fd6e64d9dfc2b217a426fb22109003b2ada6782989b73f4,ransomware,substitute_identifier,created_registry_keys,5,environment marker changed; semantic capability should be invariant unless marker is the only support,identifier_invariance,
6e00d7416b36a3a45fd6e64d9dfc2b217a426fb22109003b2ada6782989b73f4,ransomware,inject_conflict,executed_commands,0,explicit success/failure conflict must be recorded separately from missingness,explicit_conflict_recording,
7c221c6a44529cf6cb7ee65d706be2ec9fd4d1fe9bde5840b622e417908fd0bf,ransomware,delete_critical_atom,created_registry_keys,6,target support may become indeterminate; unrelated claims remain unchanged,missingness_separation,privilege_manipulation
7c221c6a44529cf6cb7ee65d706be2ec9fd4d1fe9bde5840b622e417908fd0bf,ransomware,delete_noncritical_atom,created_registry_keys,0,unrelated capability should remain unchanged where no shared atom exists,noncritical_deletion_locality,
7c221c6a44529cf6cb7ee65d706be2ec9fd4d1fe9bde5840b622e417908fd0bf,ransomware,normalize_identifier,created_process,0,environment marker changed; semantic capability should be invariant unless marker is the only support,identifier_invariance,
7c221c6a44529cf6cb7ee65d706be2ec9fd4d1fe9bde5840b622e417908fd0bf,ransomware,substitute_identifier,created_process,0,environment marker changed; semantic capability should be invariant unless marker is the only support,identifier_invariance,
7c221c6a44529cf6cb7ee65d706be2ec9fd4d1fe9bde5840b622e417908fd0bf,ransomware,inject_conflict,executed_commands,0,explicit success/failure conflict must be recorded separately from missingness,explicit_conflict_recording,
3a4a199fb9796ce914f2b483e367190289a0a7586650b22cda8e7ba631cb11c6,ransomware,delete_critical_atom,accessed_registry_keys,188,target support may become indeterminate; unrelated claims remain unchanged,missingness_separation,privilege_manipulation
3a4a199fb9796ce914f2b483e367190289a0a7586650b22cda8e7ba631cb11c6,ransomware,delete_noncritical_atom,accessed_registry_keys,0,unrelated capability should remain unchanged where no shared atom exists,noncritical_deletion_locality,
3a4a199fb9796ce914f2b483e367190289a0a7586650b22cda8e7ba631cb11c6,ransomware,normalize_identifier,created_registry_keys,0,environment marker changed; semantic capability should be invariant unless marker is the only support,identifier_invariance,
3a4a199fb9796ce914f2b483e367190289a0a7586650b22cda8e7ba631cb11c6,ransomware,substitute_identifier,created_registry_keys,0,environment marker changed; semantic capability should be invariant unless marker is the only support,identifier_invariance,
3a4a199fb9796ce914f2b483e367190289a0a7586650b22cda8e7ba631cb11c6,ransomware,inject_conflict,executed_commands,0,explicit success/failure conflict must be recorded separately from missingness,explicit_conflict_recording,
3145f429a8f5e107029566e34c738f4796d950602283c21d84bc67fb3dc2b523,ransomware,delete_critical_atom,accessed_registry_keys,8,target support may become indeterminate; unrelated claims remain unchanged,missingness_separation,anti_analysis
3145f429a8f5e107029566e34c738f4796d950602283c21d84bc67fb3dc2b523,ransomware,delete_noncritical_atom,accessed_registry_keys,0,unrelated capability should remain unchanged where no shared atom exists,noncritical_deletion_locality,
3145f429a8f5e107029566e34c738f4796d950602283c21d84bc67fb3dc2b523,ransomware,normalize_identifier,accessed_files,0,environment marker changed; semantic capability should be invariant unless marker is the only support,identifier_invariance,
3145f429a8f5e107029566e34c738f4796d950602283c21d84bc67fb3dc2b523,ransomware,substitute_identifier,accessed_files,0,environment marker changed; semantic capability should be invariant unless marker is the only support,identifier_invariance,
3145f429a8f5e107029566e34c738f4796d950602283c21d84bc67fb3dc2b523,ransomware,inject_conflict,executed_commands,0,explicit success/failure conflict must be recorded separately from missingness,explicit_conflict_recording,
a2b90a437fe9f0a39bd7b472aa9ffad9391806a1de172df409c8c3e411e9c590,ransomware,delete_critical_atom,accessed_registry_keys,4,target support may become indeterminate; unrelated claims remain unchanged,missingness_separation,anti_analysis
a2b90a437fe9f0a39bd7b472aa9ffad9391806a1de172df409c8c3e411e9c590,ransomware,delete_noncritical_atom,accessed_registry_keys,0,unrelated capability should remain unchanged where no shared atom exists,noncritical_deletion_locality,
a2b90a437fe9f0a39bd7b472aa9ffad9391806a1de172df409c8c3e411e9c590,ransomware,normalize_identifier,created_registry_keys,1,environment marker changed; semantic capability should be invariant unless marker is the only support,identifier_invariance,
a2b90a437fe9f0a39bd7b472aa9ffad9391806a1de172df409c8c3e411e9c590,ransomware,substitute_identifier,created_registry_keys,1,environment marker changed; semantic capability should be invariant unless marker is the only support,identifier_invariance,
a2b90a437fe9f0a39bd7b472aa9ffad9391806a1de172df409c8c3e411e9c590,ransomware,inject_conflict,executed_commands,0,explicit success/failure conflict must be recorded separately from missingness,explicit_conflict_recording,
6c6e4ab5cfae334d310d66a79b2ec9947b66f14f4115b5240632bbeadb46a0cb,ransomware,delete_critical_atom,accessed_registry_keys,47,target support may become indeterminate; unrelated claims remain unchanged,missingness_separation,anti_analysis
6c6e4ab5cfae334d310d66a79b2ec9947b66f14f4115b5240632bbeadb46a0cb,ransomware,delete_noncritical_atom,accessed_registry_keys,0,unrelated capability should remain unchanged where no shared atom exists,noncritical_deletion_locality,
6c6e4ab5cfae334d310d66a79b2ec9947b66f14f4115b5240632bbeadb46a0cb,ransomware,normalize_identifier,accessed_registry_keys,47,environment marker changed; semantic capability should be invariant unless marker is the only support,identifier_invariance,
6c6e4ab5cfae334d310d66a79b2ec9947b66f14f4115b5240632bbeadb46a0cb,ransomware,substitute_identifier,accessed_registry_keys,47,environment marker changed; semantic capability should be invariant unless marker is the only support,identifier_invariance,
6c6e4ab5cfae334d310d66a79b2ec9947b66f14f4115b5240632bbeadb46a0cb,ransomware,inject_conflict,executed_commands,0,explicit success/failure conflict must be recorded separately from missingness,explicit_conflict_recording,
350edaca28b1572c31165431bafc7d1e0552c45f3186ffa039de33a58e55144e,ransomware,delete_critical_atom,accessed_files,0,target support may become indeterminate; unrelated claims remain unchanged,missingness_separation,file_impact
350edaca28b1572c31165431bafc7d1e0552c45f3186ffa039de33a58e55144e,ransomware,delete_noncritical_atom,accessed_registry_keys,0,unrelated capability should remain unchanged where no shared atom exists,noncritical_deletion_locality,
350edaca28b1572c31165431bafc7d1e0552c45f3186ffa039de33a58e55144e,ransomware,normalize_identifier,accessed_files,39,environment marker changed; semantic capability should be invariant unless marker is the only support,identifier_invariance,
350edaca28b1572c31165431bafc7d1e0552c45f3186ffa039de33a58e55144e,ransomware,substitute_identifier,accessed_files,39,environment marker changed; semantic capability should be invariant unless marker is the only support,identifier_invariance,
350edaca28b1572c31165431bafc7d1e0552c45f3186ffa039de33a58e55144e,ransomware,inject_conflict,executed_commands,0,explicit success/failure conflict must be recorded separately from missingness,explicit_conflict_recording,
896e907a2172dae27d7836fb7a451da7409be8ff268e1dd69ccd0f6d0351b4d1,ransomware,delete_critical_atom,accessed_registry_keys,20,target support may become indeterminate; unrelated claims remain unchanged,missingness_separation,privilege_manipulation
896e907a2172dae27d7836fb7a451da7409be8ff268e1dd69ccd0f6d0351b4d1,ransomware,delete_noncritical_atom,accessed_registry_keys,0,unrelated capability should remain unchanged where no shared atom exists,noncritical_deletion_locality,
896e907a2172dae27d7836fb7a451da7409be8ff268e1dd69ccd0f6d0351b4d1,ransomware,normalize_identifier,accessed_files,128,environment marker changed; semantic capability should be invariant unless marker is the only support,identifier_invariance,
896e907a2172dae27d7836fb7a451da7409be8ff268e1dd69ccd0f6d0351b4d1,ransomware,substitute_identifier,accessed_files,128,environment marker changed; semantic capability should be invariant unless marker is the only support,identifier_invariance,
896e907a2172dae27d7836fb7a451da7409be8ff268e1dd69ccd0f6d0351b4d1,ransomware,inject_conflict,executed_commands,0,explicit success/failure conflict must be recorded separately from missingness,explicit_conflict_recording,
e4d943bf256f88198cc15cbbb46ba00ceef11727e1aa20d0374a4a4654a7990e,ransomware,delete_critical_atom,network_dns_lookups,0,target support may become indeterminate; unrelated claims remain unchanged,missingness_separation,network_staging
e4d943bf256f88198cc15cbbb46ba00ceef11727e1aa20d0374a4a4654a7990e,ransomware,delete_noncritical_atom,accessed_files,0,unrelated capability should remain unchanged where no shared atom exists,noncritical_deletion_locality,
e4d943bf256f88198cc15cbbb46ba00ceef11727e1aa20d0374a4a4654a7990e,ransomware,normalize_identifier,killed_process,0,environment marker changed; semantic capability should be invariant unless marker is the only support,identifier_invariance,
e4d943bf256f88198cc15cbbb46ba00ceef11727e1aa20d0374a4a4654a7990e,ransomware,substitute_identifier,killed_process,0,environment marker changed; semantic capability should be invariant unless marker is the only support,identifier_invariance,
e4d943bf256f88198cc15cbbb46ba00ceef11727e1aa20d0374a4a4654a7990e,ransomware,inject_conflict,executed_commands,0,explicit success/failure conflict must be recorded separately from missingness,explicit_conflict_recording,
dc2196428e0069efb0bad5103944ead8a87d9c0e89026acdbaf864b31e21cf8a,ransomware,delete_critical_atom,accessed_registry_keys,191,target support may become indeterminate; unrelated claims remain unchanged,missingness_separation,privilege_manipulation
dc2196428e0069efb0bad5103944ead8a87d9c0e89026acdbaf864b31e21cf8a,ransomware,delete_noncritical_atom,accessed_registry_keys,0,unrelated capability should remain unchanged where no shared atom exists,noncritical_deletion_locality,
dc2196428e0069efb0bad5103944ead8a87d9c0e89026acdbaf864b31e21cf8a,ransomware,normalize_identifier,created_registry_keys,0,environment marker changed; semantic capability should be invariant unless marker is the only support,identifier_invariance,
dc2196428e0069efb0bad5103944ead8a87d9c0e89026acdbaf864b31e21cf8a,ransomware,substitute_identifier,created_registry_keys,0,environment marker changed; semantic capability should be invariant unless marker is the only support,identifier_invariance,
dc2196428e0069efb0bad5103944ead8a87d9c0e89026acdbaf864b31e21cf8a,ransomware,inject_conflict,executed_commands,0,explicit success/failure conflict must be recorded separately from missingness,explicit_conflict_recording,
f765020098a4202f1c997906d5dbb7b777dbf730ecabf53328983e8bc5965e56,ransomware,delete_critical_atom,accessed_registry_keys,38,target support may become indeterminate; unrelated claims remain unchanged,missingness_separation,anti_analysis
f765020098a4202f1c997906d5dbb7b777dbf730ecabf53328983e8bc5965e56,ransomware,delete_noncritical_atom,accessed_registry_keys,0,unrelated capability should remain unchanged where no shared atom exists,noncritical_deletion_locality,
f765020098a4202f1c997906d5dbb7b777dbf730ecabf53328983e8bc5965e56,ransomware,inject_conflict,executed_commands,0,explicit success/failure conflict must be recorded separately from missingness,explicit_conflict_recording,
04897f8d3178045f6b56cb25bd2ff5325011d25f8a8b5c469ea438aab549ebf4,ransomware,delete_critical_atom,accessed_registry_keys,1,target support may become indeterminate; unrelated claims remain unchanged,missingness_separation,privilege_manipulation
04897f8d3178045f6b56cb25bd2ff5325011d25f8a8b5c469ea438aab549ebf4,ransomware,delete_noncritical_atom,accessed_registry_keys,0,unrelated capability should remain unchanged where no shared atom exists,noncritical_deletion_locality,
04897f8d3178045f6b56cb25bd2ff5325011d25f8a8b5c469ea438aab549ebf4,ransomware,normalize_identifier,created_registry_keys,0,environment marker changed; semantic capability should be invariant unless marker is the only support,identifier_invariance,
04897f8d3178045f6b56cb25bd2ff5325011d25f8a8b5c469ea438aab549ebf4,ransomware,substitute_identifier,created_registry_keys,0,environment marker changed; semantic capability should be invariant unless marker is the only support,identifier_invariance,
04897f8d3178045f6b56cb25bd2ff5325011d25f8a8b5c469ea438aab549ebf4,ransomware,inject_conflict,executed_commands,0,explicit success/failure conflict must be recorded separately from missingness,explicit_conflict_recording,
78c3e9fa84cb2250614f87a8f83282d29e481830a0ad49d43477f9e505da880f,ransomware,delete_critical_atom,accessed_registry_keys,46,target support may become indeterminate; unrelated claims remain unchanged,missingness_separation,anti_analysis
78c3e9fa84cb2250614f87a8f83282d29e481830a0ad49d43477f9e505da880f,ransomware,delete_noncritical_atom,accessed_registry_keys,0,unrelated capability should remain unchanged where no shared atom exists,noncritical_deletion_locality,
78c3e9fa84cb2250614f87a8f83282d29e481830a0ad49d43477f9e505da880f,ransomware,normalize_identifier,accessed_registry_keys,207,environment marker changed; semantic capability should be invariant unless marker is the only support,identifier_invariance,
78c3e9fa84cb2250614f87a8f83282d29e481830a0ad49d43477f9e505da880f,ransomware,substitute_identifier,accessed_registry_keys,207,environment marker changed; semantic capability should be invariant unless marker is the only support,identifier_invariance,
78c3e9fa84cb2250614f87a8f83282d29e481830a0ad49d43477f9e505da880f,ransomware,inject_conflict,executed_commands,0,explicit success/failure conflict must be recorded separately from missingness,explicit_conflict_recording,
9a91f75cc5628ee82aa292751ff891c27b594437e8cef4618ebda41b431971be,ransomware,delete_critical_atom,accessed_registry_keys,67,target support may become indeterminate; unrelated claims remain unchanged,missingness_separation,anti_analysis
9a91f75cc5628ee82aa292751ff891c27b594437e8cef4618ebda41b431971be,ransomware,delete_noncritical_atom,accessed_registry_keys,0,unrelated capability should remain unchanged where no shared atom exists,noncritical_deletion_locality,
9a91f75cc5628ee82aa292751ff891c27b594437e8cef4618ebda41b431971be,ransomware,normalize_identifier,created_registry_keys,1,environment marker changed; semantic capability should be invariant unless marker is the only support,identifier_invariance,
9a91f75cc5628ee82aa292751ff891c27b594437e8cef4618ebda41b431971be,ransomware,substitute_identifier,created_registry_keys,1,environment marker changed; semantic capability should be invariant unless marker is the only support,identifier_invariance,
9a91f75cc5628ee82aa292751ff891c27b594437e8cef4618ebda41b431971be,ransomware,inject_conflict,executed_commands,0,explicit success/failure conflict must be recorded separately from missingness,explicit_conflict_recording,
0f315bf6d41eef8afd049d0a665cd82a8b7748c58f5394342d71370c860c97c0,ransomware,delete_critical_atom,created_registry_keys,32,target support may become indeterminate; unrelated claims remain unchanged,missingness_separation,persistence
0f315bf6d41eef8afd049d0a665cd82a8b7748c58f5394342d71370c860c97c0,ransomware,delete_noncritical_atom,accessed_registry_keys,0,unrelated capability should remain unchanged where no shared atom exists,noncritical_deletion_locality,
0f315bf6d41eef8afd049d0a665cd82a8b7748c58f5394342d71370c860c97c0,ransomware,normalize_identifier,accessed_files,0,environment marker changed; semantic capability should be invariant unless marker is the only support,identifier_invariance,
0f315bf6d41eef8afd049d0a665cd82a8b7748c58f5394342d71370c860c97c0,ransomware,substitute_identifier,accessed_files,0,environment marker changed; semantic capability should be invariant unless marker is the only support,identifier_invariance,
0f315bf6d41eef8afd049d0a665cd82a8b7748c58f5394342d71370c860c97c0,ransomware,inject_conflict,executed_commands,0,explicit success/failure conflict must be recorded separately from missingness,explicit_conflict_recording,
18237e4aad609efc36b818c037c1e559a758d96e1cc49d8e99b2c0e22ac5c1f6,ransomware,delete_critical_atom,accessed_registry_keys,17,target support may become indeterminate; unrelated claims remain unchanged,missingness_separation,privilege_manipulation
18237e4aad609efc36b818c037c1e559a758d96e1cc49d8e99b2c0e22ac5c1f6,ransomware,delete_noncritical_atom,accessed_registry_keys,0,unrelated capability should remain unchanged where no shared atom exists,noncritical_deletion_locality,
18237e4aad609efc36b818c037c1e559a758d96e1cc49d8e99b2c0e22ac5c1f6,ransomware,normalize_identifier,accessed_files,4,environment marker changed; semantic capability should be invariant unless marker is the only support,identifier_invariance,
18237e4aad609efc36b818c037c1e559a758d96e1cc49d8e99b2c0e22ac5c1f6,ransomware,substitute_identifier,accessed_files,4,environment marker changed; semantic capability should be invariant unless marker is the only support,identifier_invariance,
18237e4aad609efc36b818c037c1e559a758d96e1cc49d8e99b2c0e22ac5c1f6,ransomware,inject_conflict,executed_commands,0,explicit success/failure conflict must be recorded separately from missingness,explicit_conflict_recording,
7b96a1bf0bc01fdb25ed2343448b412df9e154cec081970bf360096b995be9f6,ransomware,delete_critical_atom,accessed_registry_keys,88,target support may become indeterminate; unrelated claims remain unchanged,missingness_separation,anti_analysis
7b96a1bf0bc01fdb25ed2343448b412df9e154cec081970bf360096b995be9f6,ransomware,delete_noncritical_atom,accessed_registry_keys,0,unrelated capability should remain unchanged where no shared atom exists,noncritical_deletion_locality,
7b96a1bf0bc01fdb25ed2343448b412df9e154cec081970bf360096b995be9f6,ransomware,normalize_identifier,accessed_registry_keys,96,environment marker changed; semantic capability should be invariant unless marker is the only support,identifier_invariance,
7b96a1bf0bc01fdb25ed2343448b412df9e154cec081970bf360096b995be9f6,ransomware,substitute_identifier,accessed_registry_keys,96,environment marker changed; semantic capability should be invariant unless marker is the only support,identifier_invariance,
7b96a1bf0bc01fdb25ed2343448b412df9e154cec081970bf360096b995be9f6,ransomware,inject_conflict,executed_commands,0,explicit success/failure conflict must be recorded separately from missingness,explicit_conflict_recording,
dffb7537e5135064dfc4af9a75b40cc231530b1bcbf78b86e2537aaf14293dbe,ransomware,delete_critical_atom,created_registry_keys,23,target support may become indeterminate; unrelated claims remain unchanged,missingness_separation,persistence
dffb7537e5135064dfc4af9a75b40cc231530b1bcbf78b86e2537aaf14293dbe,ransomware,delete_noncritical_atom,accessed_registry_keys,0,unrelated capability should remain unchanged where no shared atom exists,noncritical_deletion_locality,
dffb7537e5135064dfc4af9a75b40cc231530b1bcbf78b86e2537aaf14293dbe,ransomware,normalize_identifier,accessed_files,0,environment marker changed; semantic capability should be invariant unless marker is the only support,identifier_invariance,
dffb7537e5135064dfc4af9a75b40cc231530b1bcbf78b86e2537aaf14293dbe,ransomware,substitute_identifier,accessed_files,0,environment marker changed; semantic capability should be invariant unless marker is the only support,identifier_invariance,
dffb7537e5135064dfc4af9a75b40cc231530b1bcbf78b86e2537aaf14293dbe,ransomware,inject_conflict,executed_commands,0,explicit success/failure conflict must be recorded separately from missingness,explicit_conflict_recording,
66ed5384220ff3091903e14a54849f824fdd13ac70dc4e0127eb59c1de801fc2,ransomware,delete_critical_atom,accessed_registry_keys,455,target support may become indeterminate; unrelated claims remain unchanged,missingness_separation,privilege_manipulation
66ed5384220ff3091903e14a54849f824fdd13ac70dc4e0127eb59c1de801fc2,ransomware,delete_noncritical_atom,accessed_registry_keys,0,unrelated capability should remain unchanged where no shared atom exists,noncritical_deletion_locality,
66ed5384220ff3091903e14a54849f824fdd13ac70dc4e0127eb59c1de801fc2,ransomware,normalize_identifier,created_registry_keys,35,environment marker changed; semantic capability should be invariant unless marker is the only support,identifier_invariance,
66ed5384220ff3091903e14a54849f824fdd13ac70dc4e0127eb59c1de801fc2,ransomware,substitute_identifier,created_registry_keys,35,environment marker changed; semantic capability should be invariant unless marker is the only support,identifier_invariance,
66ed5384220ff3091903e14a54849f824fdd13ac70dc4e0127eb59c1de801fc2,ransomware,inject_conflict,executed_commands,0,explicit success/failure conflict must be recorded separately from missingness,explicit_conflict_recording,
c358e010fdfea392f73173b0ab4a9b486a8d9a193bd2e8a71c50b39c14602741,ransomware,delete_critical_atom,accessed_registry_keys,204,target support may become indeterminate; unrelated claims remain unchanged,missingness_separation,anti_analysis
c358e010fdfea392f73173b0ab4a9b486a8d9a193bd2e8a71c50b39c14602741,ransomware,delete_noncritical_atom,accessed_registry_keys,0,unrelated capability should remain unchanged where no shared atom exists,noncritical_deletion_locality,
c358e010fdfea392f73173b0ab4a9b486a8d9a193bd2e8a71c50b39c14602741,ransomware,normalize_identifier,accessed_registry_keys,204,environment marker changed; semantic capability should be invariant unless marker is the only support,identifier_invariance,
c358e010fdfea392f73173b0ab4a9b486a8d9a193bd2e8a71c50b39c14602741,ransomware,substitute_identifier,accessed_registry_keys,204,environment marker changed; semantic capability should be invariant unless marker is the only support,identifier_invariance,
c358e010fdfea392f73173b0ab4a9b486a8d9a193bd2e8a71c50b39c14602741,ransomware,inject_conflict,executed_commands,0,explicit success/failure conflict must be recorded separately from missingness,explicit_conflict_recording,
16dc59f02b1040358af3ad63dbd61ac5068147175d5134aa2528475082311ba3,ransomware,delete_critical_atom,accessed_registry_keys,303,target support may become indeterminate; unrelated claims remain unchanged,missingness_separation,privilege_manipulation
16dc59f02b1040358af3ad63dbd61ac5068147175d5134aa2528475082311ba3,ransomware,delete_noncritical_atom,accessed_registry_keys,0,unrelated capability should remain unchanged where no shared atom exists,noncritical_deletion_locality,
16dc59f02b1040358af3ad63dbd61ac5068147175d5134aa2528475082311ba3,ransomware,normalize_identifier,created_registry_keys,10,environment marker changed; semantic capability should be invariant unless marker is the only support,identifier_invariance,
16dc59f02b1040358af3ad63dbd61ac5068147175d5134aa2528475082311ba3,ransomware,substitute_identifier,created_registry_keys,10,environment marker changed; semantic capability should be invariant unless marker is the only support,identifier_invariance,
16dc59f02b1040358af3ad63dbd61ac5068147175d5134aa2528475082311ba3,ransomware,inject_conflict,executed_commands,0,explicit success/failure conflict must be recorded separately from missingness,explicit_conflict_recording,
3753d271e208f3f811fdef49d4aaf9289b03959e3e221817ca99dd92f09b2bb5,ransomware,delete_critical_atom,accessed_registry_keys,36,target support may become indeterminate; unrelated claims remain unchanged,missingness_separation,anti_analysis
3753d271e208f3f811fdef49d4aaf9289b03959e3e221817ca99dd92f09b2bb5,ransomware,delete_noncritical_atom,accessed_registry_keys,0,unrelated capability should remain unchanged where no shared atom exists,noncritical_deletion_locality,
3753d271e208f3f811fdef49d4aaf9289b03959e3e221817ca99dd92f09b2bb5,ransomware,normalize_identifier,created_registry_keys,2,environment marker changed; semantic capability should be invariant unless marker is the only support,identifier_invariance,
3753d271e208f3f811fdef49d4aaf9289b03959e3e221817ca99dd92f09b2bb5,ransomware,substitute_identifier,created_registry_keys,2,environment marker changed; semantic capability should be invariant unless marker is the only support,identifier_invariance,
3753d271e208f3f811fdef49d4aaf9289b03959e3e221817ca99dd92f09b2bb5,ransomware,inject_conflict,executed_commands,0,explicit success/failure conflict must be recorded separately from missingness,explicit_conflict_recording,
771e4f69520f71afe6a6e9a4eb4de7dcd8d7521d90db290ca6c27b1a95c532af,ransomware,delete_critical_atom,accessed_registry_keys,46,target support may become indeterminate; unrelated claims remain unchanged,missingness_separation,anti_analysis
771e4f69520f71afe6a6e9a4eb4de7dcd8d7521d90db290ca6c27b1a95c532af,ransomware,delete_noncritical_atom,accessed_registry_keys,0,unrelated capability should remain unchanged where no shared atom exists,noncritical_deletion_locality,
771e4f69520f71afe6a6e9a4eb4de7dcd8d7521d90db290ca6c27b1a95c532af,ransomware,normalize_identifier,created_registry_keys,0,environment marker changed; semantic capability should be invariant unless marker is the only support,identifier_invariance,
771e4f69520f71afe6a6e9a4eb4de7dcd8d7521d90db290ca6c27b1a95c532af,ransomware,substitute_identifier,created_registry_keys,0,environment marker changed; semantic capability should be invariant unless marker is the only support,identifier_invariance,
771e4f69520f71afe6a6e9a4eb4de7dcd8d7521d90db290ca6c27b1a95c532af,ransomware,inject_conflict,executed_commands,0,explicit success/failure conflict must be recorded separately from missingness,explicit_conflict_recording,
33f6274e3978859f8d19be5d29fdd9c8c0d66979a0c137b8b9f02b51a7bfc426,ransomware,delete_critical_atom,accessed_registry_keys,255,target support may become indeterminate; unrelated claims remain unchanged,missingness_separation,anti_analysis
33f6274e3978859f8d19be5d29fdd9c8c0d66979a0c137b8b9f02b51a7bfc426,ransomware,delete_noncritical_atom,accessed_registry_keys,0,unrelated capability should remain unchanged where no shared atom exists,noncritical_deletion_locality,
33f6274e3978859f8d19be5d29fdd9c8c0d66979a0c137b8b9f02b51a7bfc426,ransomware,normalize_identifier,accessed_files,0,environment marker changed; semantic capability should be invariant unless marker is the only support,identifier_invariance,
33f6274e3978859f8d19be5d29fdd9c8c0d66979a0c137b8b9f02b51a7bfc426,ransomware,substitute_identifier,accessed_files,0,environment marker changed; semantic capability should be invariant unless marker is the only support,identifier_invariance,
33f6274e3978859f8d19be5d29fdd9c8c0d66979a0c137b8b9f02b51a7bfc426,ransomware,inject_conflict,executed_commands,0,explicit success/failure conflict must be recorded separately from missingness,explicit_conflict_recording,
b60154db48bfc24a229971fce49a2d2580aef16b471622086e08471f2aee28bc,ransomware,delete_critical_atom,accessed_files,0,target support may become indeterminate; unrelated claims remain unchanged,missingness_separation,file_impact
b60154db48bfc24a229971fce49a2d2580aef16b471622086e08471f2aee28bc,ransomware,delete_noncritical_atom,accessed_registry_keys,0,unrelated capability should remain unchanged where no shared atom exists,noncritical_deletion_locality,
b60154db48bfc24a229971fce49a2d2580aef16b471622086e08471f2aee28bc,ransomware,normalize_identifier,accessed_files,1,environment marker changed; semantic capability should be invariant unless marker is the only support,identifier_invariance,
b60154db48bfc24a229971fce49a2d2580aef16b471622086e08471f2aee28bc,ransomware,substitute_identifier,accessed_files,1,environment marker changed; semantic capability should be invariant unless marker is the only support,identifier_invariance,
b60154db48bfc24a229971fce49a2d2580aef16b471622086e08471f2aee28bc,ransomware,inject_conflict,executed_commands,0,explicit success/failure conflict must be recorded separately from missingness,explicit_conflict_recording,
361664c93a92a62ada871b05e9ebcaa24d8cd85adcfc5ad1b088eb92c94b1f4e,ransomware,delete_critical_atom,accessed_registry_keys,5,target support may become indeterminate; unrelated claims remain unchanged,missingness_separation,anti_analysis
361664c93a92a62ada871b05e9ebcaa24d8cd85adcfc5ad1b088eb92c94b1f4e,ransomware,delete_noncritical_atom,accessed_registry_keys,0,unrelated capability should remain unchanged where no shared atom exists,noncritical_deletion_locality,
361664c93a92a62ada871b05e9ebcaa24d8cd85adcfc5ad1b088eb92c94b1f4e,ransomware,inject_conflict,executed_commands,0,explicit success/failure conflict must be recorded separately from missingness,explicit_conflict_recording,
c345ee1ea5720866ec2879404925adb0c4fb6e9322325abe92d2053b4873bf92,ransomware,delete_critical_atom,accessed_registry_keys,14,target support may become indeterminate; unrelated claims remain unchanged,missingness_separation,anti_analysis
c345ee1ea5720866ec2879404925adb0c4fb6e9322325abe92d2053b4873bf92,ransomware,delete_noncritical_atom,accessed_registry_keys,0,unrelated capability should remain unchanged where no shared atom exists,noncritical_deletion_locality,
c345ee1ea5720866ec2879404925adb0c4fb6e9322325abe92d2053b4873bf92,ransomware,normalize_identifier,accessed_registry_keys,14,environment marker changed; semantic capability should be invariant unless marker is the only support,identifier_invariance,
c345ee1ea5720866ec2879404925adb0c4fb6e9322325abe92d2053b4873bf92,ransomware,substitute_identifier,accessed_registry_keys,14,environment marker changed; semantic capability should be invariant unless marker is the only support,identifier_invariance,
c345ee1ea5720866ec2879404925adb0c4fb6e9322325abe92d2053b4873bf92,ransomware,inject_conflict,executed_commands,0,explicit success/failure conflict must be recorded separately from missingness,explicit_conflict_recording,
c3dc317b25bce9e92fa7db833698fa5ff50ef74f65abbd5e57238cd95b12b01e,ransomware,delete_critical_atom,accessed_registry_keys,309,target support may become indeterminate; unrelated claims remain unchanged,missingness_separation,anti_analysis
c3dc317b25bce9e92fa7db833698fa5ff50ef74f65abbd5e57238cd95b12b01e,ransomware,delete_noncritical_atom,accessed_registry_keys,0,unrelated capability should remain unchanged where no shared atom exists,noncritical_deletion_locality,
c3dc317b25bce9e92fa7db833698fa5ff50ef74f65abbd5e57238cd95b12b01e,ransomware,inject_conflict,executed_commands,0,explicit success/failure conflict must be recorded separately from missingness,explicit_conflict_recording,
ed1ac43c1959cf965024bab1d57a1ed1e14170256f003cc91ead9c5c76e09a6a,ransomware,delete_critical_atom,accessed_registry_keys,22,target support may become indeterminate; unrelated claims remain unchanged,missingness_separation,privilege_manipulation
ed1ac43c1959cf965024bab1d57a1ed1e14170256f003cc91ead9c5c76e09a6a,ransomware,delete_noncritical_atom,accessed_registry_keys,0,unrelated capability should remain unchanged where no shared atom exists,noncritical_deletion_locality,
ed1ac43c1959cf965024bab1d57a1ed1e14170256f003cc91ead9c5c76e09a6a,ransomware,normalize_identifier,deleted_files,25,environment marker changed; semantic capability should be invariant unless marker is the only support,identifier_invariance,
ed1ac43c1959cf965024bab1d57a1ed1e14170256f003cc91ead9c5c76e09a6a,ransomware,substitute_identifier,deleted_files,25,environment marker changed; semantic capability should be invariant unless marker is the only support,identifier_invariance,
ed1ac43c1959cf965024bab1d57a1ed1e14170256f003cc91ead9c5c76e09a6a,ransomware,inject_conflict,executed_commands,0,explicit success/failure conflict must be recorded separately from missingness,explicit_conflict_recording,
563dcda94b0f745da7217a8dd0f828d6fc6955b0cf3ded69ec462ac3890206e9,ransomware,delete_critical_atom,accessed_registry_keys,68,target support may become indeterminate; unrelated claims remain unchanged,missingness_separation,anti_analysis
563dcda94b0f745da7217a8dd0f828d6fc6955b0cf3ded69ec462ac3890206e9,ransomware,delete_noncritical_atom,accessed_registry_keys,0,unrelated capability should remain unchanged where no shared atom exists,noncritical_deletion_locality,
563dcda94b0f745da7217a8dd0f828d6fc6955b0cf3ded69ec462ac3890206e9,ransomware,normalize_identifier,accessed_registry_keys,29,environment marker changed; semantic capability should be invariant unless marker is the only support,identifier_invariance,
563dcda94b0f745da7217a8dd0f828d6fc6955b0cf3ded69ec462ac3890206e9,ransomware,substitute_identifier,accessed_registry_keys,29,environment marker changed; semantic capability should be invariant unless marker is the only support,identifier_invariance,
563dcda94b0f745da7217a8dd0f828d6fc6955b0cf3ded69ec462ac3890206e9,ransomware,inject_conflict,executed_commands,0,explicit success/failure conflict must be recorded separately from missingness,explicit_conflict_recording,
c8b9f0a469bd682725ef1503bf22fb7d59f08d2b1f2a713b2e1eeff1a342c675,ransomware,delete_critical_atom,accessed_files,0,target support may become indeterminate; unrelated claims remain unchanged,missingness_separation,file_impact
c8b9f0a469bd682725ef1503bf22fb7d59f08d2b1f2a713b2e1eeff1a342c675,ransomware,delete_noncritical_atom,accessed_registry_keys,0,unrelated capability should remain unchanged where no shared atom exists,noncritical_deletion_locality,
c8b9f0a469bd682725ef1503bf22fb7d59f08d2b1f2a713b2e1eeff1a342c675,ransomware,normalize_identifier,killed_process,0,environment marker changed; semantic capability should be invariant unless marker is the only support,identifier_invariance,
c8b9f0a469bd682725ef1503bf22fb7d59f08d2b1f2a713b2e1eeff1a342c675,ransomware,substitute_identifier,killed_process,0,environment marker changed; semantic capability should be invariant unless marker is the only support,identifier_invariance,
c8b9f0a469bd682725ef1503bf22fb7d59f08d2b1f2a713b2e1eeff1a342c675,ransomware,inject_conflict,executed_commands,0,explicit success/failure conflict must be recorded separately from missingness,explicit_conflict_recording,
95f56fb182812795848d78ba412d42c76ee717945a57b0389b24e53e6fbbee04,ransomware,delete_critical_atom,accessed_registry_keys,67,target support may become indeterminate; unrelated claims remain unchanged,missingness_separation,anti_analysis
95f56fb182812795848d78ba412d42c76ee717945a57b0389b24e53e6fbbee04,ransomware,delete_noncritical_atom,accessed_registry_keys,0,unrelated capability should remain unchanged where no shared atom exists,noncritical_deletion_locality,
95f56fb182812795848d78ba412d42c76ee717945a57b0389b24e53e6fbbee04,ransomware,normalize_identifier,created_registry_keys,5,environment marker changed; semantic capability should be invariant unless marker is the only support,identifier_invariance,
95f56fb182812795848d78ba412d42c76ee717945a57b0389b24e53e6fbbee04,ransomware,substitute_identifier,created_registry_keys,5,environment marker changed; semantic capability should be invariant unless marker is the only support,identifier_invariance,
95f56fb182812795848d78ba412d42c76ee717945a57b0389b24e53e6fbbee04,ransomware,inject_conflict,executed_commands,0,explicit success/failure conflict must be recorded separately from missingness,explicit_conflict_recording,
823a206dcc8e78823dd154d935da7c7ba7029b9b51adfa1caaaca282fc7df829,ransomware,delete_critical_atom,accessed_registry_keys,4,target support may become indeterminate; unrelated claims remain unchanged,missingness_separation,anti_analysis
823a206dcc8e78823dd154d935da7c7ba7029b9b51adfa1caaaca282fc7df829,ransomware,delete_noncritical_atom,accessed_registry_keys,0,unrelated capability should remain unchanged where no shared atom exists,noncritical_deletion_locality,
823a206dcc8e78823dd154d935da7c7ba7029b9b51adfa1caaaca282fc7df829,ransomware,normalize_identifier,created_registry_keys,1,environment marker changed; semantic capability should be invariant unless marker is the only support,identifier_invariance,
823a206dcc8e78823dd154d935da7c7ba7029b9b51adfa1caaaca282fc7df829,ransomware,substitute_identifier,created_registry_keys,1,environment marker changed; semantic capability should be invariant unless marker is the only support,identifier_invariance,
823a206dcc8e78823dd154d935da7c7ba7029b9b51adfa1caaaca282fc7df829,ransomware,inject_conflict,executed_commands,0,explicit success/failure conflict must be recorded separately from missingness,explicit_conflict_recording,
2d75c0d3c203b2b9a3b630b1c201f084425debaee1342ef760dde9c2e25868ee,ransomware,delete_critical_atom,accessed_registry_keys,8,target support may become indeterminate; unrelated claims remain unchanged,missingness_separation,anti_analysis
2d75c0d3c203b2b9a3b630b1c201f084425debaee1342ef760dde9c2e25868ee,ransomware,delete_noncritical_atom,accessed_registry_keys,0,unrelated capability should remain unchanged where no shared atom exists,noncritical_deletion_locality,
2d75c0d3c203b2b9a3b630b1c201f084425debaee1342ef760dde9c2e25868ee,ransomware,normalize_identifier,accessed_files,0,environment marker changed; semantic capability should be invariant unless marker is the only support,identifier_invariance,
2d75c0d3c203b2b9a3b630b1c201f084425debaee1342ef760dde9c2e25868ee,ransomware,substitute_identifier,accessed_files,0,environment marker changed; semantic capability should be invariant unless marker is the only support,identifier_invariance,
2d75c0d3c203b2b9a3b630b1c201f084425debaee1342ef760dde9c2e25868ee,ransomware,inject_conflict,executed_commands,0,explicit success/failure conflict must be recorded separately from missingness,explicit_conflict_recording,
bdaff1abbac7c8016f4b548559a9f2cf1a27567bd5b1743668f863f6182742b9,ransomware,delete_critical_atom,accessed_registry_keys,4,target support may become indeterminate; unrelated claims remain unchanged,missingness_separation,anti_analysis
bdaff1abbac7c8016f4b548559a9f2cf1a27567bd5b1743668f863f6182742b9,ransomware,delete_noncritical_atom,accessed_registry_keys,0,unrelated capability should remain unchanged where no shared atom exists,noncritical_deletion_locality,
bdaff1abbac7c8016f4b548559a9f2cf1a27567bd5b1743668f863f6182742b9,ransomware,normalize_identifier,accessed_files,3,environment marker changed; semantic capability should be invariant unless marker is the only support,identifier_invariance,
bdaff1abbac7c8016f4b548559a9f2cf1a27567bd5b1743668f863f6182742b9,ransomware,substitute_identifier,accessed_files,3,environment marker changed; semantic capability should be invariant unless marker is the only support,identifier_invariance,
bdaff1abbac7c8016f4b548559a9f2cf1a27567bd5b1743668f863f6182742b9,ransomware,inject_conflict,executed_commands,0,explicit success/failure conflict must be recorded separately from missingness,explicit_conflict_recording,
7401a0994cadfc28e5997fb08b5f9e519422241b0edc10c40e0ec01b405b6aa0,ransomware,delete_critical_atom,accessed_registry_keys,88,target support may become indeterminate; unrelated claims remain unchanged,missingness_separation,anti_analysis
7401a0994cadfc28e5997fb08b5f9e519422241b0edc10c40e0ec01b405b6aa0,ransomware,delete_noncritical_atom,accessed_registry_keys,0,unrelated capability should remain unchanged where no shared atom exists,noncritical_deletion_locality,
7401a0994cadfc28e5997fb08b5f9e519422241b0edc10c40e0ec01b405b6aa0,ransomware,normalize_identifier,accessed_registry_keys,96,environment marker changed; semantic capability should be invariant unless marker is the only support,identifier_invariance,
7401a0994cadfc28e5997fb08b5f9e519422241b0edc10c40e0ec01b405b6aa0,ransomware,substitute_identifier,accessed_registry_keys,96,environment marker changed; semantic capability should be invariant unless marker is the only support,identifier_invariance,
7401a0994cadfc28e5997fb08b5f9e519422241b0edc10c40e0ec01b405b6aa0,ransomware,inject_conflict,executed_commands,0,explicit success/failure conflict must be recorded separately from missingness,explicit_conflict_recording,
1fc2513878352ba7ec5f8a9fdb6bcd4653b6a14443ec65fd1a59a8fa1c8aa8a6,ransomware,delete_critical_atom,accessed_registry_keys,48,target support may become indeterminate; unrelated claims remain unchanged,missingness_separation,anti_analysis
1fc2513878352ba7ec5f8a9fdb6bcd4653b6a14443ec65fd1a59a8fa1c8aa8a6,ransomware,delete_noncritical_atom,accessed_registry_keys,0,unrelated capability should remain unchanged where no shared atom exists,noncritical_deletion_locality,
1fc2513878352ba7ec5f8a9fdb6bcd4653b6a14443ec65fd1a59a8fa1c8aa8a6,ransomware,normalize_identifier,accessed_registry_keys,48,environment marker changed; semantic capability should be invariant unless marker is the only support,identifier_invariance,
1fc2513878352ba7ec5f8a9fdb6bcd4653b6a14443ec65fd1a59a8fa1c8aa8a6,ransomware,substitute_identifier,accessed_registry_keys,48,environment marker changed; semantic capability should be invariant unless marker is the only support,identifier_invariance,
1fc2513878352ba7ec5f8a9fdb6bcd4653b6a14443ec65fd1a59a8fa1c8aa8a6,ransomware,inject_conflict,executed_commands,0,explicit success/failure conflict must be recorded separately from missingness,explicit_conflict_recording,
b3303273446384f72e2a0f90c455f69598f341164c2bcfded2cf95b30e3a9295,ransomware,delete_critical_atom,accessed_registry_keys,88,target support may become indeterminate; unrelated claims remain unchanged,missingness_separation,anti_analysis
b3303273446384f72e2a0f90c455f69598f341164c2bcfded2cf95b30e3a9295,ransomware,delete_noncritical_atom,accessed_registry_keys,0,unrelated capability should remain unchanged where no shared atom exists,noncritical_deletion_locality,
b3303273446384f72e2a0f90c455f69598f341164c2bcfded2cf95b30e3a9295,ransomware,normalize_identifier,accessed_registry_keys,96,environment marker changed; semantic capability should be invariant unless marker is the only support,identifier_invariance,
b3303273446384f72e2a0f90c455f69598f341164c2bcfded2cf95b30e3a9295,ransomware,substitute_identifier,accessed_registry_keys,96,environment marker changed; semantic capability should be invariant unless marker is the only support,identifier_invariance,
b3303273446384f72e2a0f90c455f69598f341164c2bcfded2cf95b30e3a9295,ransomware,inject_conflict,executed_commands,0,explicit success/failure conflict must be recorded separately from missingness,explicit_conflict_recording,
4bdda49e98eae3912a4309ed3a0f7e861a83af656dbf91122c673e87f825ae45,ransomware,delete_critical_atom,accessed_registry_keys,153,target support may become indeterminate; unrelated claims remain unchanged,missingness_separation,anti_analysis
4bdda49e98eae3912a4309ed3a0f7e861a83af656dbf91122c673e87f825ae45,ransomware,delete_noncritical_atom,accessed_registry_keys,0,unrelated capability should remain unchanged where no shared atom exists,noncritical_deletion_locality,
4bdda49e98eae3912a4309ed3a0f7e861a83af656dbf91122c673e87f825ae45,ransomware,normalize_identifier,created_registry_keys,1,environment marker changed; semantic capability should be invariant unless marker is the only support,identifier_invariance,
4bdda49e98eae3912a4309ed3a0f7e861a83af656dbf91122c673e87f825ae45,ransomware,substitute_identifier,created_registry_keys,1,environment marker changed; semantic capability should be invariant unless marker is the only support,identifier_invariance,
4bdda49e98eae3912a4309ed3a0f7e861a83af656dbf91122c673e87f825ae45,ransomware,inject_conflict,executed_commands,0,explicit success/failure conflict must be recorded separately from missingness,explicit_conflict_recording,
e600c55644ad7de134de19f4a284b041ca4090a38cb6306141a10df911596b08,ransomware,delete_critical_atom,accessed_registry_keys,268,target support may become indeterminate; unrelated claims remain unchanged,missingness_separation,anti_analysis
e600c55644ad7de134de19f4a284b041ca4090a38cb6306141a10df911596b08,ransomware,delete_noncritical_atom,accessed_registry_keys,0,unrelated capability should remain unchanged where no shared atom exists,noncritical_deletion_locality,
e600c55644ad7de134de19f4a284b041ca4090a38cb6306141a10df911596b08,ransomware,normalize_identifier,accessed_files,1,environment marker changed; semantic capability should be invariant unless marker is the only support,identifier_invariance,
e600c55644ad7de134de19f4a284b041ca4090a38cb6306141a10df911596b08,ransomware,substitute_identifier,accessed_files,1,environment marker changed; semantic capability should be invariant unless marker is the only support,identifier_invariance,
e600c55644ad7de134de19f4a284b041ca4090a38cb6306141a10df911596b08,ransomware,inject_conflict,executed_commands,0,explicit success/failure conflict must be recorded separately from missingness,explicit_conflict_recording,
625f1f793d301fca8511fab29d03e65afcb83dac229c1a1077f3fc4bfaeb8a47,ransomware,delete_critical_atom,accessed_registry_keys,16,target support may become indeterminate; unrelated claims remain unchanged,missingness_separation,privilege_manipulation
625f1f793d301fca8511fab29d03e65afcb83dac229c1a1077f3fc4bfaeb8a47,ransomware,delete_noncritical_atom,accessed_registry_keys,0,unrelated capability should remain unchanged where no shared atom exists,noncritical_deletion_locality,
625f1f793d301fca8511fab29d03e65afcb83dac229c1a1077f3fc4bfaeb8a47,ransomware,normalize_identifier,accessed_files,7,environment marker changed; semantic capability should be invariant unless marker is the only support,identifier_invariance,
625f1f793d301fca8511fab29d03e65afcb83dac229c1a1077f3fc4bfaeb8a47,ransomware,substitute_identifier,accessed_files,7,environment marker changed; semantic capability should be invariant unless marker is the only support,identifier_invariance,
625f1f793d301fca8511fab29d03e65afcb83dac229c1a1077f3fc4bfaeb8a47,ransomware,inject_conflict,executed_commands,0,explicit success/failure conflict must be recorded separately from missingness,explicit_conflict_recording,
062ee3b51efe7baf8428abbd041c7f4dcaa8e59c5707505c144f8dbd92dc68c5,ransomware,delete_critical_atom,created_registry_keys,8,target support may become indeterminate; unrelated claims remain unchanged,missingness_separation,persistence
062ee3b51efe7baf8428abbd041c7f4dcaa8e59c5707505c144f8dbd92dc68c5,ransomware,delete_noncritical_atom,accessed_registry_keys,0,unrelated capability should remain unchanged where no shared atom exists,noncritical_deletion_locality,
062ee3b51efe7baf8428abbd041c7f4dcaa8e59c5707505c144f8dbd92dc68c5,ransomware,normalize_identifier,created_registry_keys,14,environment marker changed; semantic capability should be invariant unless marker is the only support,identifier_invariance,
062ee3b51efe7baf8428abbd041c7f4dcaa8e59c5707505c144f8dbd92dc68c5,ransomware,substitute_identifier,created_registry_keys,14,environment marker changed; semantic capability should be invariant unless marker is the only support,identifier_invariance,
062ee3b51efe7baf8428abbd041c7f4dcaa8e59c5707505c144f8dbd92dc68c5,ransomware,inject_conflict,executed_commands,0,explicit success/failure conflict must be recorded separately from missingness,explicit_conflict_recording,
cdbe576f292ac04f3b0c033f2d20ebfdcabaf2088357941e494ef161e2f55b11,ransomware,delete_critical_atom,accessed_registry_keys,88,target support may become indeterminate; unrelated claims remain unchanged,missingness_separation,anti_analysis
cdbe576f292ac04f3b0c033f2d20ebfdcabaf2088357941e494ef161e2f55b11,ransomware,delete_noncritical_atom,accessed_registry_keys,0,unrelated capability should remain unchanged where no shared atom exists,noncritical_deletion_locality,
cdbe576f292ac04f3b0c033f2d20ebfdcabaf2088357941e494ef161e2f55b11,ransomware,normalize_identifier,accessed_registry_keys,96,environment marker changed; semantic capability should be invariant unless marker is the only support,identifier_invariance,
cdbe576f292ac04f3b0c033f2d20ebfdcabaf2088357941e494ef161e2f55b11,ransomware,substitute_identifier,accessed_registry_keys,96,environment marker changed; semantic capability should be invariant unless marker is the only support,identifier_invariance,
cdbe576f292ac04f3b0c033f2d20ebfdcabaf2088357941e494ef161e2f55b11,ransomware,inject_conflict,executed_commands,0,explicit success/failure conflict must be recorded separately from missingness,explicit_conflict_recording,
f7169aa58adbe12a7065383c75d9413cfd0480c8969c669d58b09821389c0f90,ransomware,delete_critical_atom,accessed_registry_keys,506,target support may become indeterminate; unrelated claims remain unchanged,missingness_separation,anti_analysis
f7169aa58adbe12a7065383c75d9413cfd0480c8969c669d58b09821389c0f90,ransomware,delete_noncritical_atom,accessed_registry_keys,0,unrelated capability should remain unchanged where no shared atom exists,noncritical_deletion_locality,
f7169aa58adbe12a7065383c75d9413cfd0480c8969c669d58b09821389c0f90,ransomware,normalize_identifier,created_registry_keys,23,environment marker changed; semantic capability should be invariant unless marker is the only support,identifier_invariance,
f7169aa58adbe12a7065383c75d9413cfd0480c8969c669d58b09821389c0f90,ransomware,substitute_identifier,created_registry_keys,23,environment marker changed; semantic capability should be invariant unless marker is the only support,identifier_invariance,
f7169aa58adbe12a7065383c75d9413cfd0480c8969c669d58b09821389c0f90,ransomware,inject_conflict,executed_commands,0,explicit success/failure conflict must be recorded separately from missingness,explicit_conflict_recording,
1a2abfd9f3c9996f30c87609640c70e1cff2e76b15b3deede180ab33a1fb6629,ransomware,delete_critical_atom,accessed_files,0,target support may become indeterminate; unrelated claims remain unchanged,missingness_separation,file_impact
1a2abfd9f3c9996f30c87609640c70e1cff2e76b15b3deede180ab33a1fb6629,ransomware,delete_noncritical_atom,accessed_registry_keys,0,unrelated capability should remain unchanged where no shared atom exists,noncritical_deletion_locality,
1a2abfd9f3c9996f30c87609640c70e1cff2e76b15b3deede180ab33a1fb6629,ransomware,normalize_identifier,accessed_files,6,environment marker changed; semantic capability should be invariant unless marker is the only support,identifier_invariance,
1a2abfd9f3c9996f30c87609640c70e1cff2e76b15b3deede180ab33a1fb6629,ransomware,substitute_identifier,accessed_files,6,environment marker changed; semantic capability should be invariant unless marker is the only support,identifier_invariance,
1a2abfd9f3c9996f30c87609640c70e1cff2e76b15b3deede180ab33a1fb6629,ransomware,inject_conflict,executed_commands,0,explicit success/failure conflict must be recorded separately from missingness,explicit_conflict_recording,
634760dc7f6262ffa59d74ac41d35bd441fa2974c6f0c2c41e68e61ca98af787,ransomware,delete_critical_atom,accessed_registry_keys,128,target support may become indeterminate; unrelated claims remain unchanged,missingness_separation,privilege_manipulation
634760dc7f6262ffa59d74ac41d35bd441fa2974c6f0c2c41e68e61ca98af787,ransomware,delete_noncritical_atom,accessed_registry_keys,0,unrelated capability should remain unchanged where no shared atom exists,noncritical_deletion_locality,
634760dc7f6262ffa59d74ac41d35bd441fa2974c6f0c2c41e68e61ca98af787,ransomware,normalize_identifier,accessed_files,68,environment marker changed; semantic capability should be invariant unless marker is the only support,identifier_invariance,
634760dc7f6262ffa59d74ac41d35bd441fa2974c6f0c2c41e68e61ca98af787,ransomware,substitute_identifier,accessed_files,68,environment marker changed; semantic capability should be invariant unless marker is the only support,identifier_invariance,
634760dc7f6262ffa59d74ac41d35bd441fa2974c6f0c2c41e68e61ca98af787,ransomware,inject_conflict,executed_commands,0,explicit success/failure conflict must be recorded separately from missingness,explicit_conflict_recording,
b3766dbf4b09fb4c82427424ed37143579275556e03a290e8d3a39504ac28a21,ransomware,delete_critical_atom,accessed_registry_keys,38,target support may become indeterminate; unrelated claims remain unchanged,missingness_separation,anti_analysis
b3766dbf4b09fb4c82427424ed37143579275556e03a290e8d3a39504ac28a21,ransomware,delete_noncritical_atom,accessed_registry_keys,0,unrelated capability should remain unchanged where no shared atom exists,noncritical_deletion_locality,
b3766dbf4b09fb4c82427424ed37143579275556e03a290e8d3a39504ac28a21,ransomware,normalize_identifier,accessed_registry_keys,38,environment marker changed; semantic capability should be invariant unless marker is the only support,identifier_invariance,
b3766dbf4b09fb4c82427424ed37143579275556e03a290e8d3a39504ac28a21,ransomware,substitute_identifier,accessed_registry_keys,38,environment marker changed; semantic capability should be invariant unless marker is the only support,identifier_invariance,
b3766dbf4b09fb4c82427424ed37143579275556e03a290e8d3a39504ac28a21,ransomware,inject_conflict,executed_commands,0,explicit success/failure conflict must be recorded separately from missingness,explicit_conflict_recording,
1da07ff2b1056ddc31c2fa6bb522b5dba68b41d6a9cbd637d0b08edbeee57804,ransomware,delete_critical_atom,created_registry_keys,78,target support may become indeterminate; unrelated claims remain unchanged,missingness_separation,persistence
1da07ff2b1056ddc31c2fa6bb522b5dba68b41d6a9cbd637d0b08edbeee57804,ransomware,delete_noncritical_atom,accessed_registry_keys,0,unrelated capability should remain unchanged where no shared atom exists,noncritical_deletion_locality,
1da07ff2b1056ddc31c2fa6bb522b5dba68b41d6a9cbd637d0b08edbeee57804,ransomware,normalize_identifier,created_registry_keys,30,environment marker changed; semantic capability should be invariant unless marker is the only support,identifier_invariance,
1da07ff2b1056ddc31c2fa6bb522b5dba68b41d6a9cbd637d0b08edbeee57804,ransomware,substitute_identifier,created_registry_keys,30,environment marker changed; semantic capability should be invariant unless marker is the only support,identifier_invariance,
1da07ff2b1056ddc31c2fa6bb522b5dba68b41d6a9cbd637d0b08edbeee57804,ransomware,inject_conflict,executed_commands,0,explicit success/failure conflict must be recorded separately from missingness,explicit_conflict_recording,
b2d3143d0778a10d5d03bb9e4d2712a980e2a8ec12d47958a8ab4b3192f4bf6a,ransomware,delete_critical_atom,accessed_registry_keys,170,target support may become indeterminate; unrelated claims remain unchanged,missingness_separation,privilege_manipulation
b2d3143d0778a10d5d03bb9e4d2712a980e2a8ec12d47958a8ab4b3192f4bf6a,ransomware,delete_noncritical_atom,accessed_registry_keys,0,unrelated capability should remain unchanged where no shared atom exists,noncritical_deletion_locality,
b2d3143d0778a10d5d03bb9e4d2712a980e2a8ec12d47958a8ab4b3192f4bf6a,ransomware,normalize_identifier,created_registry_keys,0,environment marker changed; semantic capability should be invariant unless marker is the only support,identifier_invariance,
b2d3143d0778a10d5d03bb9e4d2712a980e2a8ec12d47958a8ab4b3192f4bf6a,ransomware,substitute_identifier,created_registry_keys,0,environment marker changed; semantic capability should be invariant unless marker is the only support,identifier_invariance,
b2d3143d0778a10d5d03bb9e4d2712a980e2a8ec12d47958a8ab4b3192f4bf6a,ransomware,inject_conflict,executed_commands,0,explicit success/failure conflict must be recorded separately from missingness,explicit_conflict_recording,
c025959a6588fb22aea8ee606af7f1c3716c0ea10ae1500cd20014e82e75ea61,ransomware,delete_critical_atom,accessed_registry_keys,25,target support may become indeterminate; unrelated claims remain unchanged,missingness_separation,privilege_manipulation
c025959a6588fb22aea8ee606af7f1c3716c0ea10ae1500cd20014e82e75ea61,ransomware,delete_noncritical_atom,accessed_registry_keys,0,unrelated capability should remain unchanged where no shared atom exists,noncritical_deletion_locality,
c025959a6588fb22aea8ee606af7f1c3716c0ea10ae1500cd20014e82e75ea61,ransomware,normalize_identifier,deleted_files,36,environment marker changed; semantic capability should be invariant unless marker is the only support,identifier_invariance,
c025959a6588fb22aea8ee606af7f1c3716c0ea10ae1500cd20014e82e75ea61,ransomware,substitute_identifier,deleted_files,36,environment marker changed; semantic capability should be invariant unless marker is the only support,identifier_invariance,
c025959a6588fb22aea8ee606af7f1c3716c0ea10ae1500cd20014e82e75ea61,ransomware,inject_conflict,executed_commands,0,explicit success/failure conflict must be recorded separately from missingness,explicit_conflict_recording,
0a93f3cfdedbd88dce010e4a2e54dc8c2a2135e58f037b55a513ed8b1dc49cb7,ransomware,delete_critical_atom,created_registry_keys,0,target support may become indeterminate; unrelated claims remain unchanged,missingness_separation,persistence
0a93f3cfdedbd88dce010e4a2e54dc8c2a2135e58f037b55a513ed8b1dc49cb7,ransomware,delete_noncritical_atom,accessed_registry_keys,0,unrelated capability should remain unchanged where no shared atom exists,noncritical_deletion_locality,
0a93f3cfdedbd88dce010e4a2e54dc8c2a2135e58f037b55a513ed8b1dc49cb7,ransomware,normalize_identifier,accessed_files,1,environment marker changed; semantic capability should be invariant unless marker is the only support,identifier_invariance,
0a93f3cfdedbd88dce010e4a2e54dc8c2a2135e58f037b55a513ed8b1dc49cb7,ransomware,substitute_identifier,accessed_files,1,environment marker changed; semantic capability should be invariant unless marker is the only support,identifier_invariance,
0a93f3cfdedbd88dce010e4a2e54dc8c2a2135e58f037b55a513ed8b1dc49cb7,ransomware,inject_conflict,executed_commands,0,explicit success/failure conflict must be recorded separately from missingness,explicit_conflict_recording,
6fb303dd8ba36381948127d44bd8541e4a1ab8af07b46526ace08458f2498850,ransomware,delete_critical_atom,accessed_registry_keys,408,target support may become indeterminate; unrelated claims remain unchanged,missingness_separation,privilege_manipulation
6fb303dd8ba36381948127d44bd8541e4a1ab8af07b46526ace08458f2498850,ransomware,delete_noncritical_atom,accessed_registry_keys,0,unrelated capability should remain unchanged where no shared atom exists,noncritical_deletion_locality,
6fb303dd8ba36381948127d44bd8541e4a1ab8af07b46526ace08458f2498850,ransomware,normalize_identifier,created_registry_keys,168,environment marker changed; semantic capability should be invariant unless marker is the only support,identifier_invariance,
6fb303dd8ba36381948127d44bd8541e4a1ab8af07b46526ace08458f2498850,ransomware,substitute_identifier,created_registry_keys,168,environment marker changed; semantic capability should be invariant unless marker is the only support,identifier_invariance,
6fb303dd8ba36381948127d44bd8541e4a1ab8af07b46526ace08458f2498850,ransomware,inject_conflict,executed_commands,0,explicit success/failure conflict must be recorded separately from missingness,explicit_conflict_recording,
c8846304960a451a7b25b41886c816e5b5f4decfece3de1e76f40765df9432b7,ransomware,delete_critical_atom,accessed_registry_keys,76,target support may become indeterminate; unrelated claims remain unchanged,missingness_separation,anti_analysis
c8846304960a451a7b25b41886c816e5b5f4decfece3de1e76f40765df9432b7,ransomware,delete_noncritical_atom,accessed_registry_keys,0,unrelated capability should remain unchanged where no shared atom exists,noncritical_deletion_locality,
c8846304960a451a7b25b41886c816e5b5f4decfece3de1e76f40765df9432b7,ransomware,normalize_identifier,created_registry_keys,0,environment marker changed; semantic capability should be invariant unless marker is the only support,identifier_invariance,
c8846304960a451a7b25b41886c816e5b5f4decfece3de1e76f40765df9432b7,ransomware,substitute_identifier,created_registry_keys,0,environment marker changed; semantic capability should be invariant unless marker is the only support,identifier_invariance,
c8846304960a451a7b25b41886c816e5b5f4decfece3de1e76f40765df9432b7,ransomware,inject_conflict,executed_commands,0,explicit success/failure conflict must be recorded separately from missingness,explicit_conflict_recording,
8a8bf4a261ae984007e0da758f9c8c9c609beb83041e91d036ff4ef0ed1bb328,ransomware,delete_critical_atom,accessed_files,0,target support may become indeterminate; unrelated claims remain unchanged,missingness_separation,file_impact
8a8bf4a261ae984007e0da758f9c8c9c609beb83041e91d036ff4ef0ed1bb328,ransomware,delete_noncritical_atom,accessed_registry_keys,0,unrelated capability should remain unchanged where no shared atom exists,noncritical_deletion_locality,
8a8bf4a261ae984007e0da758f9c8c9c609beb83041e91d036ff4ef0ed1bb328,ransomware,normalize_identifier,created_process,2,environment marker changed; semantic capability should be invariant unless marker is the only support,identifier_invariance,
8a8bf4a261ae984007e0da758f9c8c9c609beb83041e91d036ff4ef0ed1bb328,ransomware,substitute_identifier,created_process,2,environment marker changed; semantic capability should be invariant unless marker is the only support,identifier_invariance,
8a8bf4a261ae984007e0da758f9c8c9c609beb83041e91d036ff4ef0ed1bb328,ransomware,inject_conflict,executed_commands,0,explicit success/failure conflict must be recorded separately from missingness,explicit_conflict_recording,
b2cdeefc2c6eb822b922bf8bbbac517165033229818328c06490d5c3ca631f2b,ransomware,delete_noncritical_atom,created_registry_keys,0,unrelated capability should remain unchanged where no shared atom exists,noncritical_deletion_locality,
b2cdeefc2c6eb822b922bf8bbbac517165033229818328c06490d5c3ca631f2b,ransomware,normalize_identifier,killed_process,0,environment marker changed; semantic capability should be invariant unless marker is the only support,identifier_invariance,
b2cdeefc2c6eb822b922bf8bbbac517165033229818328c06490d5c3ca631f2b,ransomware,substitute_identifier,killed_process,0,environment marker changed; semantic capability should be invariant unless marker is the only support,identifier_invariance,
b2cdeefc2c6eb822b922bf8bbbac517165033229818328c06490d5c3ca631f2b,ransomware,inject_conflict,executed_commands,0,explicit success/failure conflict must be recorded separately from missingness,explicit_conflict_recording,
6b604d8b516eff23ab53c6f0ef4c723899ab1cee0d4cf0eb630d0a9292b7b384,ransomware,delete_critical_atom,accessed_registry_keys,96,target support may become indeterminate; unrelated claims remain unchanged,missingness_separation,anti_analysis
6b604d8b516eff23ab53c6f0ef4c723899ab1cee0d4cf0eb630d0a9292b7b384,ransomware,delete_noncritical_atom,accessed_registry_keys,0,unrelated capability should remain unchanged where no shared atom exists,noncritical_deletion_locality,
6b604d8b516eff23ab53c6f0ef4c723899ab1cee0d4cf0eb630d0a9292b7b384,ransomware,normalize_identifier,accessed_files,2,environment marker changed; semantic capability should be invariant unless marker is the only support,identifier_invariance,
6b604d8b516eff23ab53c6f0ef4c723899ab1cee0d4cf0eb630d0a9292b7b384,ransomware,substitute_identifier,accessed_files,2,environment marker changed; semantic capability should be invariant unless marker is the only support,identifier_invariance,
6b604d8b516eff23ab53c6f0ef4c723899ab1cee0d4cf0eb630d0a9292b7b384,ransomware,inject_conflict,executed_commands,0,explicit success/failure conflict must be recorded separately from missingness,explicit_conflict_recording,
dcd68b47c9f98cde982318d889dbfdaadec966651f957410075bb8b413a811fa,ransomware,delete_critical_atom,created_process,0,target support may become indeterminate; unrelated claims remain unchanged,missingness_separation,persistence;execution_proxy
dcd68b47c9f98cde982318d889dbfdaadec966651f957410075bb8b413a811fa,ransomware,delete_noncritical_atom,accessed_files,0,unrelated capability should remain unchanged where no shared atom exists,noncritical_deletion_locality,
dcd68b47c9f98cde982318d889dbfdaadec966651f957410075bb8b413a811fa,ransomware,inject_conflict,executed_commands,0,explicit success/failure conflict must be recorded separately from missingness,explicit_conflict_recording,
38eaca2db037474dc07ba540efd3348e9ad1a7a9cb395b60db84409152f26463,ransomware,delete_critical_atom,accessed_files,0,target support may become indeterminate; unrelated claims remain unchanged,missingness_separation,file_impact
38eaca2db037474dc07ba540efd3348e9ad1a7a9cb395b60db84409152f26463,ransomware,delete_noncritical_atom,accessed_registry_keys,0,unrelated capability should remain unchanged where no shared atom exists,noncritical_deletion_locality,
38eaca2db037474dc07ba540efd3348e9ad1a7a9cb395b60db84409152f26463,ransomware,normalize_identifier,created_registry_keys,0,environment marker changed; semantic capability should be invariant unless marker is the only support,identifier_invariance,
38eaca2db037474dc07ba540efd3348e9ad1a7a9cb395b60db84409152f26463,ransomware,substitute_identifier,created_registry_keys,0,environment marker changed; semantic capability should be invariant unless marker is the only support,identifier_invariance,
38eaca2db037474dc07ba540efd3348e9ad1a7a9cb395b60db84409152f26463,ransomware,inject_conflict,executed_commands,0,explicit success/failure conflict must be recorded separately from missingness,explicit_conflict_recording,
fac6a7623bd40a11274201b5ea609d276e8fd43d82eff03e3136997dbe54c19e,ransomware,delete_critical_atom,accessed_registry_keys,286,target support may become indeterminate; unrelated claims remain unchanged,missingness_separation,anti_analysis
fac6a7623bd40a11274201b5ea609d276e8fd43d82eff03e3136997dbe54c19e,ransomware,delete_noncritical_atom,accessed_registry_keys,0,unrelated capability should remain unchanged where no shared atom exists,noncritical_deletion_locality,
fac6a7623bd40a11274201b5ea609d276e8fd43d82eff03e3136997dbe54c19e,ransomware,normalize_identifier,created_registry_keys,0,environment marker changed; semantic capability should be invariant unless marker is the only support,identifier_invariance,
fac6a7623bd40a11274201b5ea609d276e8fd43d82eff03e3136997dbe54c19e,ransomware,substitute_identifier,created_registry_keys,0,environment marker changed; semantic capability should be invariant unless marker is the only support,identifier_invariance,
fac6a7623bd40a11274201b5ea609d276e8fd43d82eff03e3136997dbe54c19e,ransomware,inject_conflict,executed_commands,0,explicit success/failure conflict must be recorded separately from missingness,explicit_conflict_recording,
026b1bb30922adb4dd69cef48762fd5595a4ad728ed063b1a7b595564d7fc759,ransomware,delete_critical_atom,accessed_registry_keys,49,target support may become indeterminate; unrelated claims remain unchanged,missingness_separation,anti_analysis
026b1bb30922adb4dd69cef48762fd5595a4ad728ed063b1a7b595564d7fc759,ransomware,delete_noncritical_atom,accessed_registry_keys,0,unrelated capability should remain unchanged where no shared atom exists,noncritical_deletion_locality,
026b1bb30922adb4dd69cef48762fd5595a4ad728ed063b1a7b595564d7fc759,ransomware,normalize_identifier,accessed_files,0,environment marker changed; semantic capability should be invariant unless marker is the only support,identifier_invariance,
026b1bb30922adb4dd69cef48762fd5595a4ad728ed063b1a7b595564d7fc759,ransomware,substitute_identifier,accessed_files,0,environment marker changed; semantic capability should be invariant unless marker is the only support,identifier_invariance,
026b1bb30922adb4dd69cef48762fd5595a4ad728ed063b1a7b595564d7fc759,ransomware,inject_conflict,executed_commands,0,explicit success/failure conflict must be recorded separately from missingness,explicit_conflict_recording,
231d1a4623ce9f82889c8b4b8d6b9c9230c8dde253b25c8afca2375d28e7d3fa,ransomware,delete_critical_atom,created_registry_keys,11,target support may become indeterminate; unrelated claims remain unchanged,missingness_separation,persistence
231d1a4623ce9f82889c8b4b8d6b9c9230c8dde253b25c8afca2375d28e7d3fa,ransomware,delete_noncritical_atom,accessed_registry_keys,0,unrelated capability should remain unchanged where no shared atom exists,noncritical_deletion_locality,
231d1a4623ce9f82889c8b4b8d6b9c9230c8dde253b25c8afca2375d28e7d3fa,ransomware,normalize_identifier,accessed_files,129,environment marker changed; semantic capability should be invariant unless marker is the only support,identifier_invariance,
231d1a4623ce9f82889c8b4b8d6b9c9230c8dde253b25c8afca2375d28e7d3fa,ransomware,substitute_identifier,accessed_files,129,environment marker changed; semantic capability should be invariant unless marker is the only support,identifier_invariance,
231d1a4623ce9f82889c8b4b8d6b9c9230c8dde253b25c8afca2375d28e7d3fa,ransomware,inject_conflict,executed_commands,0,explicit success/failure conflict must be recorded separately from missingness,explicit_conflict_recording,
575e8f3c11e849517340c54d016dd1b82936f844b7a107134bf175cdd3c40618,ransomware,delete_critical_atom,accessed_registry_keys,4,target support may become indeterminate; unrelated claims remain unchanged,missingness_separation,anti_analysis
575e8f3c11e849517340c54d016dd1b82936f844b7a107134bf175cdd3c40618,ransomware,delete_noncritical_atom,accessed_registry_keys,0,unrelated capability should remain unchanged where no shared atom exists,noncritical_deletion_locality,
575e8f3c11e849517340c54d016dd1b82936f844b7a107134bf175cdd3c40618,ransomware,normalize_identifier,created_process,2,environment marker changed; semantic capability should be invariant unless marker is the only support,identifier_invariance,
575e8f3c11e849517340c54d016dd1b82936f844b7a107134bf175cdd3c40618,ransomware,substitute_identifier,created_process,2,environment marker changed; semantic capability should be invariant unless marker is the only support,identifier_invariance,
575e8f3c11e849517340c54d016dd1b82936f844b7a107134bf175cdd3c40618,ransomware,inject_conflict,executed_commands,0,explicit success/failure conflict must be recorded separately from missingness,explicit_conflict_recording,
b7fae7b689c9846de2026c865c1c19e545d08a832370f329a9bb4f097c47f189,ransomware,delete_critical_atom,accessed_registry_keys,324,target support may become indeterminate; unrelated claims remain unchanged,missingness_separation,anti_analysis
b7fae7b689c9846de2026c865c1c19e545d08a832370f329a9bb4f097c47f189,ransomware,delete_noncritical_atom,accessed_registry_keys,0,unrelated capability should remain unchanged where no shared atom exists,noncritical_deletion_locality,
b7fae7b689c9846de2026c865c1c19e545d08a832370f329a9bb4f097c47f189,ransomware,normalize_identifier,created_registry_keys,28,environment marker changed; semantic capability should be invariant unless marker is the only support,identifier_invariance,
b7fae7b689c9846de2026c865c1c19e545d08a832370f329a9bb4f097c47f189,ransomware,substitute_identifier,created_registry_keys,28,environment marker changed; semantic capability should be invariant unless marker is the only support,identifier_invariance,
b7fae7b689c9846de2026c865c1c19e545d08a832370f329a9bb4f097c47f189,ransomware,inject_conflict,executed_commands,0,explicit success/failure conflict must be recorded separately from missingness,explicit_conflict_recording,
b69f04883131047159a3f3f13a7943ffdf43c742bc2a8994f7ef1f1a42c16eee,ransomware,delete_critical_atom,accessed_registry_keys,330,target support may become indeterminate; unrelated claims remain unchanged,missingness_separation,anti_analysis
b69f04883131047159a3f3f13a7943ffdf43c742bc2a8994f7ef1f1a42c16eee,ransomware,delete_noncritical_atom,accessed_registry_keys,0,unrelated capability should remain unchanged where no shared atom exists,noncritical_deletion_locality,
b69f04883131047159a3f3f13a7943ffdf43c742bc2a8994f7ef1f1a42c16eee,ransomware,normalize_identifier,accessed_files,299,environment marker changed; semantic capability should be invariant unless marker is the only support,identifier_invariance,
b69f04883131047159a3f3f13a7943ffdf43c742bc2a8994f7ef1f1a42c16eee,ransomware,substitute_identifier,accessed_files,299,environment marker changed; semantic capability should be invariant unless marker is the only support,identifier_invariance,
b69f04883131047159a3f3f13a7943ffdf43c742bc2a8994f7ef1f1a42c16eee,ransomware,inject_conflict,executed_commands,0,explicit success/failure conflict must be recorded separately from missingness,explicit_conflict_recording,
8c55958dc4f421350c0b0c5ac16004238f4d0957a7fba86832f7da76788a4804,ransomware,delete_critical_atom,created_process,0,target support may become indeterminate; unrelated claims remain unchanged,missingness_separation,persistence;execution_proxy
8c55958dc4f421350c0b0c5ac16004238f4d0957a7fba86832f7da76788a4804,ransomware,delete_noncritical_atom,accessed_registry_keys,0,unrelated capability should remain unchanged where no shared atom exists,noncritical_deletion_locality,
8c55958dc4f421350c0b0c5ac16004238f4d0957a7fba86832f7da76788a4804,ransomware,inject_conflict,executed_commands,0,explicit success/failure conflict must be recorded separately from missingness,explicit_conflict_recording,
b981a1b3db85e9ae44a79f66ecbced67088bda1089fe799d0bcb8dc7c7882b59,ransomware,delete_critical_atom,accessed_registry_keys,60,target support may become indeterminate; unrelated claims remain unchanged,missingness_separation,anti_analysis
b981a1b3db85e9ae44a79f66ecbced67088bda1089fe799d0bcb8dc7c7882b59,ransomware,delete_noncritical_atom,accessed_registry_keys,0,unrelated capability should remain unchanged where no shared atom exists,noncritical_deletion_locality,
b981a1b3db85e9ae44a79f66ecbced67088bda1089fe799d0bcb8dc7c7882b59,ransomware,normalize_identifier,accessed_registry_keys,60,environment marker changed; semantic capability should be invariant unless marker is the only support,identifier_invariance,
b981a1b3db85e9ae44a79f66ecbced67088bda1089fe799d0bcb8dc7c7882b59,ransomware,substitute_identifier,accessed_registry_keys,60,environment marker changed; semantic capability should be invariant unless marker is the only support,identifier_invariance,
b981a1b3db85e9ae44a79f66ecbced67088bda1089fe799d0bcb8dc7c7882b59,ransomware,inject_conflict,executed_commands,0,explicit success/failure conflict must be recorded separately from missingness,explicit_conflict_recording,
33d002a3eb2ac4b538ed7eae35248a2a180d568c6a064e83994783fff03d966a,ransomware,delete_critical_atom,accessed_files,0,target support may become indeterminate; unrelated claims remain unchanged,missingness_separation,file_impact
33d002a3eb2ac4b538ed7eae35248a2a180d568c6a064e83994783fff03d966a,ransomware,delete_noncritical_atom,accessed_registry_keys,0,unrelated capability should remain unchanged where no shared atom exists,noncritical_deletion_locality,
33d002a3eb2ac4b538ed7eae35248a2a180d568c6a064e83994783fff03d966a,ransomware,normalize_identifier,accessed_files,0,environment marker changed; semantic capability should be invariant unless marker is the only support,identifier_invariance,
33d002a3eb2ac4b538ed7eae35248a2a180d568c6a064e83994783fff03d966a,ransomware,substitute_identifier,accessed_files,0,environment marker changed; semantic capability should be invariant unless marker is the only support,identifier_invariance,
33d002a3eb2ac4b538ed7eae35248a2a180d568c6a064e83994783fff03d966a,ransomware,inject_conflict,executed_commands,0,explicit success/failure conflict must be recorded separately from missingness,explicit_conflict_recording,
dadbdeb239152d48606a9245e37e341293f8dc21497b1f7f49faf7047b7d45c1,ransomware,delete_critical_atom,network_dns_lookups,0,target support may become indeterminate; unrelated claims remain unchanged,missingness_separation,network_staging
dadbdeb239152d48606a9245e37e341293f8dc21497b1f7f49faf7047b7d45c1,ransomware,delete_noncritical_atom,created_registry_keys,0,unrelated capability should remain unchanged where no shared atom exists,noncritical_deletion_locality,
dadbdeb239152d48606a9245e37e341293f8dc21497b1f7f49faf7047b7d45c1,ransomware,normalize_identifier,killed_process,0,environment marker changed; semantic capability should be invariant unless marker is the only support,identifier_invariance,
dadbdeb239152d48606a9245e37e341293f8dc21497b1f7f49faf7047b7d45c1,ransomware,substitute_identifier,killed_process,0,environment marker changed; semantic capability should be invariant unless marker is the only support,identifier_invariance,
dadbdeb239152d48606a9245e37e341293f8dc21497b1f7f49faf7047b7d45c1,ransomware,inject_conflict,executed_commands,0,explicit success/failure conflict must be recorded separately from missingness,explicit_conflict_recording,
